{
    "80.png": {
        "x": 0,
        "y": 0,
        "w": 246,
        "h": 314
    },
    "81.png": {
        "x": 246,
        "y": 0,
        "w": 246,
        "h": 314
    },
    "82.png": {
        "x": 492,
        "y": 0,
        "w": 246,
        "h": 314
    },
    "90.png": {
        "x": 738,
        "y": 0,
        "w": 255,
        "h": 314
    },
    "74.png": {
        "x": 993,
        "y": 0,
        "w": 265,
        "h": 316
    },
    "75.png": {
        "x": 1258,
        "y": 0,
        "w": 265,
        "h": 316
    },
    "76.png": {
        "x": 1523,
        "y": 0,
        "w": 266,
        "h": 316
    },
    "106.png": {
        "x": 1789,
        "y": 0,
        "w": 264,
        "h": 319
    },
    "67.png": {
        "x": 2053,
        "y": 0,
        "w": 245,
        "h": 319
    },
    "68.png": {
        "x": 2298,
        "y": 0,
        "w": 246,
        "h": 319
    },
    "69.png": {
        "x": 2544,
        "y": 0,
        "w": 246,
        "h": 319
    },
    "73.png": {
        "x": 2790,
        "y": 0,
        "w": 265,
        "h": 319
    },
    "79.png": {
        "x": 3055,
        "y": 0,
        "w": 248,
        "h": 319
    },
    "77.png": {
        "x": 3303,
        "y": 0,
        "w": 266,
        "h": 320
    },
    "78.png": {
        "x": 3569,
        "y": 0,
        "w": 267,
        "h": 320
    },
    "70.png": {
        "x": 3836,
        "y": 0,
        "w": 246,
        "h": 321
    },
    "71.png": {
        "x": 4082,
        "y": 0,
        "w": 245,
        "h": 321
    },
    "83.png": {
        "x": 4327,
        "y": 0,
        "w": 243,
        "h": 321
    },
    "84.png": {
        "x": 4570,
        "y": 0,
        "w": 254,
        "h": 321
    },
    "85.png": {
        "x": 4824,
        "y": 0,
        "w": 256,
        "h": 321
    },
    "86.png": {
        "x": 5080,
        "y": 0,
        "w": 262,
        "h": 321
    },
    "87.png": {
        "x": 5342,
        "y": 0,
        "w": 258,
        "h": 321
    },
    "107.png": {
        "x": 5600,
        "y": 0,
        "w": 272,
        "h": 322
    },
    "108.png": {
        "x": 5872,
        "y": 0,
        "w": 272,
        "h": 322
    },
    "109.png": {
        "x": 6144,
        "y": 0,
        "w": 272,
        "h": 322
    },
    "65.png": {
        "x": 6416,
        "y": 0,
        "w": 247,
        "h": 322
    },
    "66.png": {
        "x": 6663,
        "y": 0,
        "w": 247,
        "h": 322
    },
    "72.png": {
        "x": 6910,
        "y": 0,
        "w": 246,
        "h": 322
    },
    "104.png": {
        "x": 7156,
        "y": 0,
        "w": 252,
        "h": 323
    },
    "105.png": {
        "x": 7408,
        "y": 0,
        "w": 252,
        "h": 323
    },
    "122.png": {
        "x": 7660,
        "y": 0,
        "w": 248,
        "h": 323
    },
    "123.png": {
        "x": 7908,
        "y": 0,
        "w": 238,
        "h": 323
    },
    "178.png": {
        "x": 8146,
        "y": 0,
        "w": 270,
        "h": 323
    },
    "179.png": {
        "x": 8416,
        "y": 0,
        "w": 275,
        "h": 323
    },
    "194.png": {
        "x": 8691,
        "y": 0,
        "w": 270,
        "h": 323
    },
    "195.png": {
        "x": 0,
        "y": 314,
        "w": 267,
        "h": 323
    },
    "196.png": {
        "x": 267,
        "y": 314,
        "w": 266,
        "h": 323
    },
    "47.png": {
        "x": 533,
        "y": 314,
        "w": 254,
        "h": 323
    },
    "114.png": {
        "x": 787,
        "y": 316,
        "w": 253,
        "h": 324
    },
    "46.png": {
        "x": 1040,
        "y": 316,
        "w": 246,
        "h": 324
    },
    "98.png": {
        "x": 1286,
        "y": 316,
        "w": 272,
        "h": 324
    },
    "0.png": {
        "x": 1558,
        "y": 319,
        "w": 246,
        "h": 325
    },
    "1.png": {
        "x": 1804,
        "y": 319,
        "w": 248,
        "h": 325
    },
    "133.png": {
        "x": 2052,
        "y": 319,
        "w": 269,
        "h": 325
    },
    "134.png": {
        "x": 2321,
        "y": 319,
        "w": 269,
        "h": 325
    },
    "138.png": {
        "x": 2590,
        "y": 319,
        "w": 246,
        "h": 325
    },
    "139.png": {
        "x": 2836,
        "y": 319,
        "w": 246,
        "h": 325
    },
    "140.png": {
        "x": 3082,
        "y": 320,
        "w": 246,
        "h": 325
    },
    "141.png": {
        "x": 3328,
        "y": 320,
        "w": 246,
        "h": 325
    },
    "142.png": {
        "x": 3574,
        "y": 320,
        "w": 246,
        "h": 325
    },
    "143.png": {
        "x": 3820,
        "y": 321,
        "w": 246,
        "h": 325
    },
    "144.png": {
        "x": 4066,
        "y": 321,
        "w": 246,
        "h": 325
    },
    "145.png": {
        "x": 4312,
        "y": 321,
        "w": 246,
        "h": 325
    },
    "146.png": {
        "x": 4558,
        "y": 321,
        "w": 246,
        "h": 325
    },
    "147.png": {
        "x": 4804,
        "y": 321,
        "w": 246,
        "h": 325
    },
    "148.png": {
        "x": 5050,
        "y": 321,
        "w": 246,
        "h": 325
    },
    "149.png": {
        "x": 5296,
        "y": 321,
        "w": 246,
        "h": 325
    },
    "150.png": {
        "x": 5542,
        "y": 322,
        "w": 257,
        "h": 325
    },
    "151.png": {
        "x": 5799,
        "y": 322,
        "w": 257,
        "h": 325
    },
    "152.png": {
        "x": 6056,
        "y": 322,
        "w": 257,
        "h": 325
    },
    "153.png": {
        "x": 6313,
        "y": 322,
        "w": 257,
        "h": 325
    },
    "159.png": {
        "x": 6570,
        "y": 322,
        "w": 250,
        "h": 325
    },
    "160.png": {
        "x": 6820,
        "y": 322,
        "w": 250,
        "h": 325
    },
    "161.png": {
        "x": 7070,
        "y": 323,
        "w": 250,
        "h": 325
    },
    "162.png": {
        "x": 7320,
        "y": 323,
        "w": 250,
        "h": 325
    },
    "169.png": {
        "x": 7570,
        "y": 323,
        "w": 246,
        "h": 325
    },
    "170.png": {
        "x": 7816,
        "y": 323,
        "w": 246,
        "h": 325
    },
    "171.png": {
        "x": 8062,
        "y": 323,
        "w": 246,
        "h": 325
    },
    "172.png": {
        "x": 8308,
        "y": 323,
        "w": 246,
        "h": 325
    },
    "174.png": {
        "x": 8554,
        "y": 323,
        "w": 284,
        "h": 325
    },
    "175.png": {
        "x": 0,
        "y": 637,
        "w": 281,
        "h": 325
    },
    "180.png": {
        "x": 281,
        "y": 637,
        "w": 285,
        "h": 325
    },
    "181.png": {
        "x": 566,
        "y": 640,
        "w": 285,
        "h": 325
    },
    "182.png": {
        "x": 851,
        "y": 640,
        "w": 285,
        "h": 325
    },
    "187.png": {
        "x": 1136,
        "y": 640,
        "w": 329,
        "h": 325
    },
    "188.png": {
        "x": 1465,
        "y": 644,
        "w": 252,
        "h": 325
    },
    "189.png": {
        "x": 1717,
        "y": 644,
        "w": 252,
        "h": 325
    },
    "190.png": {
        "x": 1969,
        "y": 644,
        "w": 252,
        "h": 325
    },
    "191.png": {
        "x": 2221,
        "y": 644,
        "w": 246,
        "h": 325
    },
    "193.png": {
        "x": 2467,
        "y": 644,
        "w": 259,
        "h": 325
    },
    "2.png": {
        "x": 2726,
        "y": 644,
        "w": 246,
        "h": 325
    },
    "3.png": {
        "x": 2972,
        "y": 645,
        "w": 246,
        "h": 325
    },
    "31.png": {
        "x": 3218,
        "y": 645,
        "w": 277,
        "h": 325
    },
    "32.png": {
        "x": 3495,
        "y": 645,
        "w": 277,
        "h": 325
    },
    "34.png": {
        "x": 3772,
        "y": 646,
        "w": 309,
        "h": 325
    },
    "35.png": {
        "x": 4081,
        "y": 646,
        "w": 248,
        "h": 325
    },
    "48.png": {
        "x": 4329,
        "y": 646,
        "w": 267,
        "h": 325
    },
    "53.png": {
        "x": 4596,
        "y": 646,
        "w": 254,
        "h": 325
    },
    "54.png": {
        "x": 4850,
        "y": 646,
        "w": 255,
        "h": 325
    },
    "55.png": {
        "x": 5105,
        "y": 646,
        "w": 260,
        "h": 325
    },
    "56.png": {
        "x": 5365,
        "y": 647,
        "w": 286,
        "h": 325
    },
    "57.png": {
        "x": 5651,
        "y": 647,
        "w": 269,
        "h": 325
    },
    "58.png": {
        "x": 5920,
        "y": 647,
        "w": 255,
        "h": 325
    },
    "59.png": {
        "x": 6175,
        "y": 647,
        "w": 255,
        "h": 325
    },
    "60.png": {
        "x": 6430,
        "y": 647,
        "w": 256,
        "h": 325
    },
    "61.png": {
        "x": 6686,
        "y": 647,
        "w": 267,
        "h": 325
    },
    "62.png": {
        "x": 6953,
        "y": 648,
        "w": 289,
        "h": 325
    },
    "63.png": {
        "x": 7242,
        "y": 648,
        "w": 266,
        "h": 325
    },
    "64.png": {
        "x": 7508,
        "y": 648,
        "w": 255,
        "h": 325
    },
    "96.png": {
        "x": 7763,
        "y": 648,
        "w": 266,
        "h": 325
    },
    "97.png": {
        "x": 8029,
        "y": 648,
        "w": 266,
        "h": 325
    },
    "10.png": {
        "x": 8295,
        "y": 648,
        "w": 265,
        "h": 326
    },
    "100.png": {
        "x": 8560,
        "y": 648,
        "w": 258,
        "h": 326
    },
    "101.png": {
        "x": 0,
        "y": 962,
        "w": 249,
        "h": 326
    },
    "102.png": {
        "x": 249,
        "y": 962,
        "w": 249,
        "h": 326
    },
    "11.png": {
        "x": 498,
        "y": 965,
        "w": 265,
        "h": 326
    },
    "132.png": {
        "x": 763,
        "y": 965,
        "w": 262,
        "h": 326
    },
    "15.png": {
        "x": 1025,
        "y": 965,
        "w": 265,
        "h": 326
    },
    "16.png": {
        "x": 1290,
        "y": 969,
        "w": 272,
        "h": 326
    },
    "17.png": {
        "x": 1562,
        "y": 969,
        "w": 272,
        "h": 326
    },
    "173.png": {
        "x": 1834,
        "y": 969,
        "w": 264,
        "h": 326
    },
    "176.png": {
        "x": 2098,
        "y": 969,
        "w": 264,
        "h": 326
    },
    "177.png": {
        "x": 2362,
        "y": 969,
        "w": 264,
        "h": 326
    },
    "18.png": {
        "x": 2626,
        "y": 969,
        "w": 272,
        "h": 326
    },
    "19.png": {
        "x": 2898,
        "y": 970,
        "w": 284,
        "h": 326
    },
    "192.png": {
        "x": 3182,
        "y": 970,
        "w": 252,
        "h": 326
    },
    "20.png": {
        "x": 3434,
        "y": 970,
        "w": 265,
        "h": 326
    },
    "21.png": {
        "x": 3699,
        "y": 971,
        "w": 264,
        "h": 326
    },
    "22.png": {
        "x": 3963,
        "y": 971,
        "w": 264,
        "h": 326
    },
    "23.png": {
        "x": 4227,
        "y": 971,
        "w": 257,
        "h": 326
    },
    "24.png": {
        "x": 4484,
        "y": 971,
        "w": 256,
        "h": 326
    },
    "25.png": {
        "x": 4740,
        "y": 971,
        "w": 256,
        "h": 326
    },
    "26.png": {
        "x": 4996,
        "y": 971,
        "w": 265,
        "h": 326
    },
    "27.png": {
        "x": 5261,
        "y": 972,
        "w": 340,
        "h": 326
    },
    "28.png": {
        "x": 5601,
        "y": 972,
        "w": 339,
        "h": 326
    },
    "29.png": {
        "x": 5940,
        "y": 972,
        "w": 337,
        "h": 326
    },
    "30.png": {
        "x": 6277,
        "y": 972,
        "w": 337,
        "h": 326
    },
    "36.png": {
        "x": 6614,
        "y": 972,
        "w": 248,
        "h": 326
    },
    "4.png": {
        "x": 6862,
        "y": 973,
        "w": 255,
        "h": 326
    },
    "5.png": {
        "x": 7117,
        "y": 973,
        "w": 256,
        "h": 326
    },
    "6.png": {
        "x": 7373,
        "y": 973,
        "w": 256,
        "h": 326
    },
    "7.png": {
        "x": 7629,
        "y": 973,
        "w": 255,
        "h": 326
    },
    "8.png": {
        "x": 7884,
        "y": 973,
        "w": 288,
        "h": 326
    },
    "9.png": {
        "x": 8172,
        "y": 974,
        "w": 265,
        "h": 326
    },
    "110.png": {
        "x": 8437,
        "y": 974,
        "w": 257,
        "h": 327
    },
    "12.png": {
        "x": 8694,
        "y": 974,
        "w": 296,
        "h": 327
    },
    "127.png": {
        "x": 0,
        "y": 1288,
        "w": 252,
        "h": 327
    },
    "135.png": {
        "x": 252,
        "y": 1288,
        "w": 240,
        "h": 327
    },
    "128.png": {
        "x": 492,
        "y": 1291,
        "w": 259,
        "h": 327
    },
    "129.png": {
        "x": 751,
        "y": 1291,
        "w": 279,
        "h": 327
    },
    "136.png": {
        "x": 1030,
        "y": 1291,
        "w": 238,
        "h": 327
    },
    "13.png": {
        "x": 1268,
        "y": 1295,
        "w": 295,
        "h": 327
    },
    "130.png": {
        "x": 1563,
        "y": 1295,
        "w": 272,
        "h": 327
    },
    "131.png": {
        "x": 1835,
        "y": 1295,
        "w": 272,
        "h": 327
    },
    "137.png": {
        "x": 2107,
        "y": 1295,
        "w": 238,
        "h": 327
    },
    "14.png": {
        "x": 2345,
        "y": 1295,
        "w": 295,
        "h": 327
    },
    "163.png": {
        "x": 2640,
        "y": 1295,
        "w": 254,
        "h": 327
    },
    "154.png": {
        "x": 2894,
        "y": 1296,
        "w": 262,
        "h": 327
    },
    "155.png": {
        "x": 3156,
        "y": 1296,
        "w": 259,
        "h": 327
    },
    "156.png": {
        "x": 3415,
        "y": 1296,
        "w": 265,
        "h": 327
    },
    "157.png": {
        "x": 3680,
        "y": 1297,
        "w": 261,
        "h": 327
    },
    "158.png": {
        "x": 3941,
        "y": 1297,
        "w": 261,
        "h": 327
    },
    "183.png": {
        "x": 4202,
        "y": 1297,
        "w": 333,
        "h": 327
    },
    "184.png": {
        "x": 4535,
        "y": 1297,
        "w": 265,
        "h": 327
    },
    "185.png": {
        "x": 4800,
        "y": 1297,
        "w": 260,
        "h": 327
    },
    "186.png": {
        "x": 5060,
        "y": 1298,
        "w": 260,
        "h": 327
    },
    "40.png": {
        "x": 5320,
        "y": 1298,
        "w": 247,
        "h": 327
    },
    "41.png": {
        "x": 5567,
        "y": 1298,
        "w": 246,
        "h": 327
    },
    "42.png": {
        "x": 5813,
        "y": 1298,
        "w": 246,
        "h": 327
    },
    "43.png": {
        "x": 6059,
        "y": 1298,
        "w": 246,
        "h": 327
    },
    "88.png": {
        "x": 6305,
        "y": 1298,
        "w": 254,
        "h": 327
    },
    "89.png": {
        "x": 6559,
        "y": 1298,
        "w": 257,
        "h": 327
    },
    "91.png": {
        "x": 6816,
        "y": 1299,
        "w": 256,
        "h": 327
    },
    "92.png": {
        "x": 7072,
        "y": 1299,
        "w": 256,
        "h": 327
    },
    "93.png": {
        "x": 7328,
        "y": 1299,
        "w": 263,
        "h": 327
    },
    "94.png": {
        "x": 7591,
        "y": 1299,
        "w": 261,
        "h": 327
    },
    "119.png": {
        "x": 7852,
        "y": 1299,
        "w": 263,
        "h": 328
    },
    "120.png": {
        "x": 8115,
        "y": 1300,
        "w": 263,
        "h": 328
    },
    "121.png": {
        "x": 8378,
        "y": 1301,
        "w": 263,
        "h": 328
    },
    "164.png": {
        "x": 8641,
        "y": 1301,
        "w": 262,
        "h": 328
    },
    "165.png": {
        "x": 0,
        "y": 1615,
        "w": 262,
        "h": 328
    },
    "103.png": {
        "x": 262,
        "y": 1618,
        "w": 248,
        "h": 329
    },
    "112.png": {
        "x": 510,
        "y": 1618,
        "w": 246,
        "h": 329
    },
    "113.png": {
        "x": 756,
        "y": 1618,
        "w": 246,
        "h": 329
    },
    "115.png": {
        "x": 1002,
        "y": 1618,
        "w": 260,
        "h": 329
    },
    "116.png": {
        "x": 1262,
        "y": 1622,
        "w": 260,
        "h": 329
    },
    "117.png": {
        "x": 1522,
        "y": 1622,
        "w": 260,
        "h": 329
    },
    "118.png": {
        "x": 1782,
        "y": 1622,
        "w": 274,
        "h": 329
    },
    "166.png": {
        "x": 2056,
        "y": 1622,
        "w": 265,
        "h": 329
    },
    "167.png": {
        "x": 2321,
        "y": 1622,
        "w": 262,
        "h": 329
    },
    "168.png": {
        "x": 2583,
        "y": 1622,
        "w": 262,
        "h": 329
    },
    "95.png": {
        "x": 2845,
        "y": 1623,
        "w": 266,
        "h": 329
    },
    "111.png": {
        "x": 3111,
        "y": 1623,
        "w": 243,
        "h": 331
    },
    "33.png": {
        "x": 3354,
        "y": 1623,
        "w": 268,
        "h": 331
    },
    "37.png": {
        "x": 3622,
        "y": 1624,
        "w": 248,
        "h": 331
    },
    "38.png": {
        "x": 3870,
        "y": 1624,
        "w": 248,
        "h": 331
    },
    "39.png": {
        "x": 4118,
        "y": 1624,
        "w": 248,
        "h": 331
    },
    "125.png": {
        "x": 4366,
        "y": 1624,
        "w": 248,
        "h": 340
    },
    "126.png": {
        "x": 4614,
        "y": 1624,
        "w": 262,
        "h": 340
    },
    "124.png": {
        "x": 4876,
        "y": 1625,
        "w": 253,
        "h": 341
    },
    "45.png": {
        "x": 5129,
        "y": 1625,
        "w": 292,
        "h": 342
    },
    "49.png": {
        "x": 5421,
        "y": 1625,
        "w": 214,
        "h": 342
    },
    "50.png": {
        "x": 5635,
        "y": 1625,
        "w": 214,
        "h": 342
    },
    "51.png": {
        "x": 5849,
        "y": 1625,
        "w": 214,
        "h": 342
    },
    "52.png": {
        "x": 6063,
        "y": 1625,
        "w": 214,
        "h": 342
    },
    "44.png": {
        "x": 6277,
        "y": 1625,
        "w": 246,
        "h": 353
    },
    "99.png": {
        "x": 6523,
        "y": 1626,
        "w": 309,
        "h": 360
    }
}