{
    "9.png": {
        "x": 0,
        "y": 0,
        "w": 127,
        "h": 177
    },
    "3.png": {
        "x": 127,
        "y": 0,
        "w": 171,
        "h": 160
    },
    "8.png": {
        "x": 0,
        "y": 177,
        "w": 119,
        "h": 170
    },
    "7.png": {
        "x": 119,
        "y": 177,
        "w": 116,
        "h": 161
    },
    "4.png": {
        "x": 298,
        "y": 0,
        "w": 152,
        "h": 160
    },
    "0.png": {
        "x": 235,
        "y": 160,
        "w": 125,
        "h": 160
    },
    "1.png": {
        "x": 0,
        "y": 347,
        "w": 130,
        "h": 160
    },
    "2.png": {
        "x": 130,
        "y": 338,
        "w": 120,
        "h": 159
    },
    "14.png": {
        "x": 250,
        "y": 320,
        "w": 119,
        "h": 157
    },
    "15.png": {
        "x": 450,
        "y": 0,
        "w": 124,
        "h": 156
    },
    "13.png": {
        "x": 360,
        "y": 160,
        "w": 120,
        "h": 156
    },
    "12.png": {
        "x": 369,
        "y": 316,
        "w": 119,
        "h": 156
    },
    "5.png": {
        "x": 0,
        "y": 507,
        "w": 124,
        "h": 156
    },
    "6.png": {
        "x": 124,
        "y": 507,
        "w": 106,
        "h": 156
    },
    "11.png": {
        "x": 230,
        "y": 497,
        "w": 122,
        "h": 156
    },
    "16.png": {
        "x": 352,
        "y": 477,
        "w": 126,
        "h": 156
    },
    "10.png": {
        "x": 574,
        "y": 0,
        "w": 121,
        "h": 154
    }
}