{
    "9.png": {
        "x": 0,
        "y": 0,
        "w": 127,
        "h": 177
    },
    "8.png": {
        "x": 127,
        "y": 0,
        "w": 119,
        "h": 170
    },
    "7.png": {
        "x": 0,
        "y": 177,
        "w": 116,
        "h": 166
    },
    "0.png": {
        "x": 116,
        "y": 177,
        "w": 123,
        "h": 160
    },
    "4.png": {
        "x": 246,
        "y": 0,
        "w": 127,
        "h": 160
    },
    "3.png": {
        "x": 239,
        "y": 170,
        "w": 132,
        "h": 160
    },
    "1.png": {
        "x": 0,
        "y": 343,
        "w": 130,
        "h": 160
    },
    "2.png": {
        "x": 130,
        "y": 337,
        "w": 120,
        "h": 159
    },
    "14.png": {
        "x": 250,
        "y": 330,
        "w": 119,
        "h": 157
    },
    "15.png": {
        "x": 373,
        "y": 0,
        "w": 124,
        "h": 156
    },
    "13.png": {
        "x": 373,
        "y": 156,
        "w": 120,
        "h": 156
    },
    "12.png": {
        "x": 371,
        "y": 312,
        "w": 119,
        "h": 156
    },
    "5.png": {
        "x": 497,
        "y": 0,
        "w": 124,
        "h": 156
    },
    "6.png": {
        "x": 493,
        "y": 156,
        "w": 106,
        "h": 156
    },
    "11.png": {
        "x": 490,
        "y": 312,
        "w": 119,
        "h": 156
    },
    "16.png": {
        "x": 0,
        "y": 503,
        "w": 126,
        "h": 156
    },
    "10.png": {
        "x": 126,
        "y": 503,
        "w": 121,
        "h": 154
    }
}