{
    "159.png": {
        "x": 0,
        "y": 0,
        "w": 501,
        "h": 1
    },
    "18.png": {
        "x": 0,
        "y": 1,
        "w": 501,
        "h": 1
    },
    "4.png": {
        "x": 0,
        "y": 2,
        "w": 501,
        "h": 1
    },
    "5.png": {
        "x": 0,
        "y": 3,
        "w": 501,
        "h": 1
    },
    "6.png": {
        "x": 0,
        "y": 4,
        "w": 501,
        "h": 1
    },
    "69.png": {
        "x": 0,
        "y": 5,
        "w": 501,
        "h": 1
    },
    "26.png": {
        "x": 0,
        "y": 6,
        "w": 501,
        "h": 1
    },
    "25.png": {
        "x": 0,
        "y": 7,
        "w": 501,
        "h": 1
    },
    "106.png": {
        "x": 0,
        "y": 8,
        "w": 501,
        "h": 1
    },
    "107.png": {
        "x": 0,
        "y": 9,
        "w": 501,
        "h": 1
    },
    "24.png": {
        "x": 0,
        "y": 10,
        "w": 501,
        "h": 1
    },
    "23.png": {
        "x": 0,
        "y": 11,
        "w": 501,
        "h": 1
    },
    "22.png": {
        "x": 0,
        "y": 12,
        "w": 501,
        "h": 1
    },
    "21.png": {
        "x": 0,
        "y": 13,
        "w": 501,
        "h": 1
    },
    "114.png": {
        "x": 0,
        "y": 14,
        "w": 501,
        "h": 1
    },
    "115.png": {
        "x": 0,
        "y": 15,
        "w": 501,
        "h": 1
    },
    "116.png": {
        "x": 0,
        "y": 16,
        "w": 501,
        "h": 1
    },
    "117.png": {
        "x": 0,
        "y": 17,
        "w": 501,
        "h": 1
    },
    "118.png": {
        "x": 0,
        "y": 18,
        "w": 501,
        "h": 1
    },
    "20.png": {
        "x": 0,
        "y": 19,
        "w": 501,
        "h": 1
    },
    "7.png": {
        "x": 0,
        "y": 20,
        "w": 501,
        "h": 1
    },
    "19.png": {
        "x": 0,
        "y": 21,
        "w": 501,
        "h": 1
    },
    "70.png": {
        "x": 0,
        "y": 22,
        "w": 501,
        "h": 1
    },
    "176.png": {
        "x": 0,
        "y": 23,
        "w": 501,
        "h": 1
    },
    "175.png": {
        "x": 0,
        "y": 24,
        "w": 501,
        "h": 1
    },
    "124.png": {
        "x": 0,
        "y": 25,
        "w": 501,
        "h": 1
    },
    "125.png": {
        "x": 0,
        "y": 26,
        "w": 501,
        "h": 1
    },
    "126.png": {
        "x": 0,
        "y": 27,
        "w": 501,
        "h": 1
    },
    "127.png": {
        "x": 0,
        "y": 28,
        "w": 501,
        "h": 1
    },
    "174.png": {
        "x": 0,
        "y": 29,
        "w": 501,
        "h": 1
    },
    "173.png": {
        "x": 0,
        "y": 30,
        "w": 501,
        "h": 1
    },
    "172.png": {
        "x": 0,
        "y": 31,
        "w": 501,
        "h": 1
    },
    "171.png": {
        "x": 0,
        "y": 32,
        "w": 501,
        "h": 1
    },
    "17.png": {
        "x": 0,
        "y": 33,
        "w": 501,
        "h": 1
    },
    "166.png": {
        "x": 0,
        "y": 34,
        "w": 501,
        "h": 1
    },
    "78.png": {
        "x": 0,
        "y": 35,
        "w": 501,
        "h": 1
    },
    "79.png": {
        "x": 0,
        "y": 36,
        "w": 501,
        "h": 1
    },
    "80.png": {
        "x": 0,
        "y": 37,
        "w": 501,
        "h": 1
    },
    "158.png": {
        "x": 0,
        "y": 38,
        "w": 501,
        "h": 1
    },
    "83.png": {
        "x": 0,
        "y": 39,
        "w": 501,
        "h": 1
    },
    "157.png": {
        "x": 0,
        "y": 40,
        "w": 501,
        "h": 1
    },
    "81.png": {
        "x": 0,
        "y": 41,
        "w": 501,
        "h": 1
    },
    "82.png": {
        "x": 0,
        "y": 42,
        "w": 501,
        "h": 1
    },
    "147.png": {
        "x": 0,
        "y": 43,
        "w": 501,
        "h": 1
    },
    "148.png": {
        "x": 0,
        "y": 44,
        "w": 501,
        "h": 1
    },
    "149.png": {
        "x": 0,
        "y": 45,
        "w": 501,
        "h": 1
    },
    "170.png": {
        "x": 0,
        "y": 46,
        "w": 434,
        "h": 266
    },
    "153.png": {
        "x": 0,
        "y": 312,
        "w": 411,
        "h": 358
    },
    "152.png": {
        "x": 501,
        "y": 0,
        "w": 411,
        "h": 359
    },
    "151.png": {
        "x": 0,
        "y": 670,
        "w": 410,
        "h": 359
    },
    "154.png": {
        "x": 410,
        "y": 670,
        "w": 404,
        "h": 338
    },
    "35.png": {
        "x": 411,
        "y": 359,
        "w": 400,
        "h": 282
    },
    "16.png": {
        "x": 912,
        "y": 0,
        "w": 400,
        "h": 357
    },
    "36.png": {
        "x": 912,
        "y": 357,
        "w": 398,
        "h": 280
    },
    "38.png": {
        "x": 814,
        "y": 637,
        "w": 397,
        "h": 280
    },
    "37.png": {
        "x": 0,
        "y": 1029,
        "w": 397,
        "h": 283
    },
    "108.png": {
        "x": 814,
        "y": 917,
        "w": 396,
        "h": 314
    },
    "8.png": {
        "x": 397,
        "y": 1029,
        "w": 393,
        "h": 277
    },
    "3.png": {
        "x": 1312,
        "y": 0,
        "w": 375,
        "h": 281
    },
    "27.png": {
        "x": 1312,
        "y": 281,
        "w": 367,
        "h": 272
    },
    "138.png": {
        "x": 1210,
        "y": 917,
        "w": 215,
        "h": 366
    },
    "141.png": {
        "x": 1310,
        "y": 553,
        "w": 285,
        "h": 364
    },
    "178.png": {
        "x": 0,
        "y": 1312,
        "w": 270,
        "h": 363
    },
    "139.png": {
        "x": 270,
        "y": 1312,
        "w": 283,
        "h": 362
    },
    "177.png": {
        "x": 553,
        "y": 1306,
        "w": 268,
        "h": 362
    },
    "73.png": {
        "x": 821,
        "y": 1283,
        "w": 289,
        "h": 360
    },
    "74.png": {
        "x": 1110,
        "y": 1283,
        "w": 289,
        "h": 360
    },
    "71.png": {
        "x": 0,
        "y": 1675,
        "w": 357,
        "h": 330
    },
    "72.png": {
        "x": 821,
        "y": 1643,
        "w": 324,
        "h": 357
    },
    "68.png": {
        "x": 1145,
        "y": 1643,
        "w": 248,
        "h": 356
    },
    "46.png": {
        "x": 1393,
        "y": 1643,
        "w": 246,
        "h": 356
    },
    "61.png": {
        "x": 1399,
        "y": 1283,
        "w": 250,
        "h": 353
    },
    "84.png": {
        "x": 1425,
        "y": 917,
        "w": 256,
        "h": 352
    },
    "50.png": {
        "x": 1687,
        "y": 0,
        "w": 311,
        "h": 351
    },
    "164.png": {
        "x": 1595,
        "y": 553,
        "w": 185,
        "h": 350
    },
    "134.png": {
        "x": 1639,
        "y": 1636,
        "w": 243,
        "h": 350
    },
    "135.png": {
        "x": 1649,
        "y": 1269,
        "w": 243,
        "h": 350
    },
    "136.png": {
        "x": 1681,
        "y": 903,
        "w": 243,
        "h": 350
    },
    "137.png": {
        "x": 1998,
        "y": 0,
        "w": 243,
        "h": 350
    },
    "109.png": {
        "x": 1924,
        "y": 351,
        "w": 297,
        "h": 349
    },
    "49.png": {
        "x": 1924,
        "y": 700,
        "w": 311,
        "h": 349
    },
    "47.png": {
        "x": 1882,
        "y": 1619,
        "w": 276,
        "h": 349
    },
    "133.png": {
        "x": 1892,
        "y": 1253,
        "w": 242,
        "h": 348
    },
    "150.png": {
        "x": 357,
        "y": 1674,
        "w": 340,
        "h": 248
    },
    "48.png": {
        "x": 0,
        "y": 2005,
        "w": 297,
        "h": 339
    },
    "42.png": {
        "x": 297,
        "y": 2005,
        "w": 270,
        "h": 338
    },
    "41.png": {
        "x": 567,
        "y": 2000,
        "w": 270,
        "h": 337
    },
    "43.png": {
        "x": 837,
        "y": 2000,
        "w": 270,
        "h": 337
    },
    "40.png": {
        "x": 1107,
        "y": 2000,
        "w": 270,
        "h": 336
    },
    "44.png": {
        "x": 1377,
        "y": 1999,
        "w": 270,
        "h": 336
    },
    "90.png": {
        "x": 1647,
        "y": 1986,
        "w": 271,
        "h": 335
    },
    "91.png": {
        "x": 1918,
        "y": 1968,
        "w": 271,
        "h": 335
    },
    "105.png": {
        "x": 2241,
        "y": 0,
        "w": 285,
        "h": 335
    },
    "92.png": {
        "x": 2241,
        "y": 335,
        "w": 271,
        "h": 335
    },
    "93.png": {
        "x": 2235,
        "y": 670,
        "w": 271,
        "h": 335
    },
    "39.png": {
        "x": 2235,
        "y": 1005,
        "w": 270,
        "h": 335
    },
    "89.png": {
        "x": 2189,
        "y": 1340,
        "w": 270,
        "h": 335
    },
    "88.png": {
        "x": 2189,
        "y": 1675,
        "w": 268,
        "h": 334
    },
    "101.png": {
        "x": 2189,
        "y": 2009,
        "w": 278,
        "h": 334
    },
    "85.png": {
        "x": 0,
        "y": 2344,
        "w": 269,
        "h": 334
    },
    "100.png": {
        "x": 269,
        "y": 2344,
        "w": 277,
        "h": 334
    },
    "104.png": {
        "x": 546,
        "y": 2343,
        "w": 287,
        "h": 334
    },
    "86.png": {
        "x": 833,
        "y": 2343,
        "w": 268,
        "h": 334
    },
    "102.png": {
        "x": 1101,
        "y": 2343,
        "w": 282,
        "h": 334
    },
    "87.png": {
        "x": 1383,
        "y": 2343,
        "w": 268,
        "h": 334
    },
    "110.png": {
        "x": 1651,
        "y": 2343,
        "w": 181,
        "h": 333
    },
    "103.png": {
        "x": 1832,
        "y": 2343,
        "w": 285,
        "h": 333
    },
    "98.png": {
        "x": 2117,
        "y": 2343,
        "w": 281,
        "h": 333
    },
    "145.png": {
        "x": 2526,
        "y": 0,
        "w": 271,
        "h": 333
    },
    "146.png": {
        "x": 2526,
        "y": 333,
        "w": 271,
        "h": 333
    },
    "143.png": {
        "x": 2457,
        "y": 1675,
        "w": 271,
        "h": 332
    },
    "144.png": {
        "x": 2398,
        "y": 2343,
        "w": 271,
        "h": 332
    },
    "155.png": {
        "x": 2459,
        "y": 1340,
        "w": 287,
        "h": 332
    },
    "128.png": {
        "x": 2505,
        "y": 1005,
        "w": 273,
        "h": 332
    },
    "129.png": {
        "x": 2506,
        "y": 670,
        "w": 273,
        "h": 332
    },
    "97.png": {
        "x": 2467,
        "y": 2007,
        "w": 272,
        "h": 332
    },
    "62.png": {
        "x": 0,
        "y": 2678,
        "w": 251,
        "h": 332
    },
    "130.png": {
        "x": 251,
        "y": 2678,
        "w": 273,
        "h": 332
    },
    "131.png": {
        "x": 524,
        "y": 2678,
        "w": 272,
        "h": 332
    },
    "45.png": {
        "x": 796,
        "y": 2677,
        "w": 253,
        "h": 332
    },
    "99.png": {
        "x": 1049,
        "y": 2677,
        "w": 279,
        "h": 332
    },
    "95.png": {
        "x": 1328,
        "y": 2677,
        "w": 272,
        "h": 332
    },
    "94.png": {
        "x": 1600,
        "y": 2677,
        "w": 272,
        "h": 332
    },
    "142.png": {
        "x": 1872,
        "y": 2676,
        "w": 271,
        "h": 332
    },
    "132.png": {
        "x": 2143,
        "y": 2676,
        "w": 267,
        "h": 331
    },
    "96.png": {
        "x": 2410,
        "y": 2675,
        "w": 272,
        "h": 331
    },
    "54.png": {
        "x": 2797,
        "y": 0,
        "w": 231,
        "h": 327
    },
    "51.png": {
        "x": 2728,
        "y": 1672,
        "w": 220,
        "h": 327
    },
    "58.png": {
        "x": 2797,
        "y": 327,
        "w": 231,
        "h": 327
    },
    "55.png": {
        "x": 2746,
        "y": 1337,
        "w": 220,
        "h": 326
    },
    "53.png": {
        "x": 2797,
        "y": 654,
        "w": 229,
        "h": 325
    },
    "119.png": {
        "x": 2682,
        "y": 2339,
        "w": 325,
        "h": 281
    },
    "57.png": {
        "x": 2778,
        "y": 1002,
        "w": 230,
        "h": 324
    },
    "34.png": {
        "x": 2682,
        "y": 2620,
        "w": 324,
        "h": 273
    },
    "52.png": {
        "x": 2739,
        "y": 1999,
        "w": 224,
        "h": 324
    },
    "56.png": {
        "x": 0,
        "y": 3010,
        "w": 225,
        "h": 323
    },
    "9.png": {
        "x": 225,
        "y": 3010,
        "w": 319,
        "h": 304
    },
    "140.png": {
        "x": 544,
        "y": 3010,
        "w": 239,
        "h": 316
    },
    "165.png": {
        "x": 783,
        "y": 3010,
        "w": 189,
        "h": 314
    },
    "63.png": {
        "x": 972,
        "y": 3009,
        "w": 265,
        "h": 314
    },
    "156.png": {
        "x": 1237,
        "y": 3009,
        "w": 289,
        "h": 314
    },
    "167.png": {
        "x": 1526,
        "y": 3009,
        "w": 182,
        "h": 312
    },
    "60.png": {
        "x": 1708,
        "y": 3009,
        "w": 266,
        "h": 310
    },
    "64.png": {
        "x": 1974,
        "y": 3008,
        "w": 266,
        "h": 310
    },
    "59.png": {
        "x": 2240,
        "y": 3007,
        "w": 269,
        "h": 308
    },
    "28.png": {
        "x": 2509,
        "y": 3006,
        "w": 306,
        "h": 304
    },
    "65.png": {
        "x": 3028,
        "y": 0,
        "w": 266,
        "h": 305
    },
    "67.png": {
        "x": 3028,
        "y": 305,
        "w": 265,
        "h": 305
    },
    "66.png": {
        "x": 3028,
        "y": 610,
        "w": 265,
        "h": 305
    },
    "168.png": {
        "x": 2948,
        "y": 1663,
        "w": 205,
        "h": 301
    },
    "29.png": {
        "x": 2966,
        "y": 1326,
        "w": 194,
        "h": 296
    },
    "15.png": {
        "x": 3008,
        "y": 979,
        "w": 271,
        "h": 293
    },
    "32.png": {
        "x": 2963,
        "y": 1964,
        "w": 292,
        "h": 281
    },
    "10.png": {
        "x": 3007,
        "y": 2245,
        "w": 196,
        "h": 289
    },
    "30.png": {
        "x": 3007,
        "y": 2534,
        "w": 198,
        "h": 289
    },
    "33.png": {
        "x": 2815,
        "y": 2893,
        "w": 289,
        "h": 281
    },
    "120.png": {
        "x": 3294,
        "y": 0,
        "w": 288,
        "h": 222
    },
    "11.png": {
        "x": 3203,
        "y": 2245,
        "w": 199,
        "h": 282
    },
    "14.png": {
        "x": 3294,
        "y": 222,
        "w": 247,
        "h": 280
    },
    "31.png": {
        "x": 3153,
        "y": 1622,
        "w": 200,
        "h": 277
    },
    "112.png": {
        "x": 3353,
        "y": 502,
        "w": 184,
        "h": 273
    },
    "13.png": {
        "x": 3353,
        "y": 775,
        "w": 194,
        "h": 270
    },
    "12.png": {
        "x": 3353,
        "y": 1045,
        "w": 201,
        "h": 270
    },
    "111.png": {
        "x": 3160,
        "y": 1272,
        "w": 181,
        "h": 266
    },
    "161.png": {
        "x": 3255,
        "y": 1899,
        "w": 266,
        "h": 238
    },
    "162.png": {
        "x": 3205,
        "y": 2527,
        "w": 266,
        "h": 243
    },
    "160.png": {
        "x": 3205,
        "y": 2770,
        "w": 263,
        "h": 240
    },
    "169.png": {
        "x": 3104,
        "y": 3010,
        "w": 258,
        "h": 258
    },
    "163.png": {
        "x": 0,
        "y": 3333,
        "w": 256,
        "h": 243
    },
    "113.png": {
        "x": 3353,
        "y": 1315,
        "w": 229,
        "h": 243
    },
    "75.png": {
        "x": 3362,
        "y": 3010,
        "w": 212,
        "h": 242
    },
    "0.png": {
        "x": 256,
        "y": 3326,
        "w": 212,
        "h": 242
    },
    "1.png": {
        "x": 3353,
        "y": 1558,
        "w": 222,
        "h": 241
    },
    "76.png": {
        "x": 468,
        "y": 3326,
        "w": 222,
        "h": 241
    },
    "122.png": {
        "x": 690,
        "y": 3326,
        "w": 207,
        "h": 238
    },
    "2.png": {
        "x": 897,
        "y": 3324,
        "w": 238,
        "h": 238
    },
    "77.png": {
        "x": 1135,
        "y": 3323,
        "w": 238,
        "h": 238
    },
    "123.png": {
        "x": 1373,
        "y": 3323,
        "w": 183,
        "h": 233
    },
    "121.png": {
        "x": 1556,
        "y": 3321,
        "w": 221,
        "h": 227
    }
}