{
    "18.png": {
        "x": 0,
        "y": 0,
        "w": 501,
        "h": 1
    },
    "0.png": {
        "x": 0,
        "y": 1,
        "w": 501,
        "h": 1
    },
    "83.png": {
        "x": 0,
        "y": 2,
        "w": 501,
        "h": 1
    },
    "82.png": {
        "x": 0,
        "y": 3,
        "w": 501,
        "h": 1
    },
    "81.png": {
        "x": 0,
        "y": 4,
        "w": 501,
        "h": 1
    },
    "80.png": {
        "x": 0,
        "y": 5,
        "w": 501,
        "h": 1
    },
    "79.png": {
        "x": 0,
        "y": 6,
        "w": 501,
        "h": 1
    },
    "78.png": {
        "x": 0,
        "y": 7,
        "w": 501,
        "h": 1
    },
    "77.png": {
        "x": 0,
        "y": 8,
        "w": 501,
        "h": 1
    },
    "106.png": {
        "x": 0,
        "y": 9,
        "w": 501,
        "h": 1
    },
    "107.png": {
        "x": 0,
        "y": 10,
        "w": 501,
        "h": 1
    },
    "76.png": {
        "x": 0,
        "y": 11,
        "w": 501,
        "h": 1
    },
    "70.png": {
        "x": 0,
        "y": 12,
        "w": 501,
        "h": 1
    },
    "7.png": {
        "x": 0,
        "y": 13,
        "w": 501,
        "h": 1
    },
    "69.png": {
        "x": 0,
        "y": 14,
        "w": 501,
        "h": 1
    },
    "6.png": {
        "x": 0,
        "y": 15,
        "w": 501,
        "h": 1
    },
    "112.png": {
        "x": 0,
        "y": 16,
        "w": 501,
        "h": 1
    },
    "113.png": {
        "x": 0,
        "y": 17,
        "w": 501,
        "h": 1
    },
    "114.png": {
        "x": 0,
        "y": 18,
        "w": 501,
        "h": 1
    },
    "115.png": {
        "x": 0,
        "y": 19,
        "w": 501,
        "h": 1
    },
    "116.png": {
        "x": 0,
        "y": 20,
        "w": 501,
        "h": 1
    },
    "117.png": {
        "x": 0,
        "y": 21,
        "w": 501,
        "h": 1
    },
    "118.png": {
        "x": 0,
        "y": 22,
        "w": 501,
        "h": 1
    },
    "5.png": {
        "x": 0,
        "y": 23,
        "w": 501,
        "h": 1
    },
    "4.png": {
        "x": 0,
        "y": 24,
        "w": 501,
        "h": 1
    },
    "26.png": {
        "x": 0,
        "y": 25,
        "w": 501,
        "h": 1
    },
    "25.png": {
        "x": 0,
        "y": 26,
        "w": 501,
        "h": 1
    },
    "24.png": {
        "x": 0,
        "y": 27,
        "w": 501,
        "h": 1
    },
    "23.png": {
        "x": 0,
        "y": 28,
        "w": 501,
        "h": 1
    },
    "124.png": {
        "x": 0,
        "y": 29,
        "w": 501,
        "h": 1
    },
    "125.png": {
        "x": 0,
        "y": 30,
        "w": 501,
        "h": 1
    },
    "126.png": {
        "x": 0,
        "y": 31,
        "w": 501,
        "h": 1
    },
    "127.png": {
        "x": 0,
        "y": 32,
        "w": 501,
        "h": 1
    },
    "22.png": {
        "x": 0,
        "y": 33,
        "w": 501,
        "h": 1
    },
    "21.png": {
        "x": 0,
        "y": 34,
        "w": 501,
        "h": 1
    },
    "20.png": {
        "x": 0,
        "y": 35,
        "w": 501,
        "h": 1
    },
    "2.png": {
        "x": 0,
        "y": 36,
        "w": 501,
        "h": 1
    },
    "19.png": {
        "x": 0,
        "y": 37,
        "w": 501,
        "h": 1
    },
    "1.png": {
        "x": 0,
        "y": 38,
        "w": 501,
        "h": 1
    },
    "176.png": {
        "x": 0,
        "y": 39,
        "w": 501,
        "h": 1
    },
    "175.png": {
        "x": 0,
        "y": 40,
        "w": 501,
        "h": 1
    },
    "174.png": {
        "x": 0,
        "y": 41,
        "w": 501,
        "h": 1
    },
    "173.png": {
        "x": 0,
        "y": 42,
        "w": 501,
        "h": 1
    },
    "172.png": {
        "x": 0,
        "y": 43,
        "w": 501,
        "h": 1
    },
    "171.png": {
        "x": 0,
        "y": 44,
        "w": 501,
        "h": 1
    },
    "17.png": {
        "x": 0,
        "y": 45,
        "w": 501,
        "h": 1
    },
    "166.png": {
        "x": 0,
        "y": 46,
        "w": 501,
        "h": 1
    },
    "159.png": {
        "x": 0,
        "y": 47,
        "w": 501,
        "h": 1
    },
    "158.png": {
        "x": 0,
        "y": 48,
        "w": 501,
        "h": 1
    },
    "157.png": {
        "x": 0,
        "y": 49,
        "w": 501,
        "h": 1
    },
    "149.png": {
        "x": 0,
        "y": 50,
        "w": 501,
        "h": 1
    },
    "148.png": {
        "x": 0,
        "y": 51,
        "w": 501,
        "h": 1
    },
    "147.png": {
        "x": 0,
        "y": 52,
        "w": 501,
        "h": 1
    },
    "170.png": {
        "x": 0,
        "y": 53,
        "w": 454,
        "h": 271
    },
    "153.png": {
        "x": 0,
        "y": 324,
        "w": 434,
        "h": 365
    },
    "152.png": {
        "x": 501,
        "y": 0,
        "w": 434,
        "h": 366
    },
    "151.png": {
        "x": 0,
        "y": 689,
        "w": 433,
        "h": 366
    },
    "35.png": {
        "x": 433,
        "y": 689,
        "w": 423,
        "h": 294
    },
    "37.png": {
        "x": 434,
        "y": 366,
        "w": 422,
        "h": 292
    },
    "36.png": {
        "x": 935,
        "y": 0,
        "w": 422,
        "h": 292
    },
    "38.png": {
        "x": 935,
        "y": 292,
        "w": 420,
        "h": 293
    },
    "108.png": {
        "x": 856,
        "y": 585,
        "w": 400,
        "h": 317
    },
    "8.png": {
        "x": 0,
        "y": 1055,
        "w": 394,
        "h": 284
    },
    "16.png": {
        "x": 856,
        "y": 902,
        "w": 394,
        "h": 363
    },
    "138.png": {
        "x": 0,
        "y": 1339,
        "w": 219,
        "h": 387
    },
    "154.png": {
        "x": 433,
        "y": 983,
        "w": 386,
        "h": 347
    },
    "177.png": {
        "x": 219,
        "y": 1339,
        "w": 262,
        "h": 385
    },
    "141.png": {
        "x": 481,
        "y": 1330,
        "w": 301,
        "h": 381
    },
    "139.png": {
        "x": 782,
        "y": 1330,
        "w": 300,
        "h": 380
    },
    "74.png": {
        "x": 1357,
        "y": 0,
        "w": 295,
        "h": 378
    },
    "73.png": {
        "x": 1355,
        "y": 378,
        "w": 294,
        "h": 377
    },
    "61.png": {
        "x": 1082,
        "y": 1265,
        "w": 258,
        "h": 372
    },
    "46.png": {
        "x": 1340,
        "y": 755,
        "w": 253,
        "h": 372
    },
    "68.png": {
        "x": 1340,
        "y": 1127,
        "w": 255,
        "h": 372
    },
    "27.png": {
        "x": 1652,
        "y": 0,
        "w": 371,
        "h": 278
    },
    "134.png": {
        "x": 1593,
        "y": 755,
        "w": 251,
        "h": 370
    },
    "3.png": {
        "x": 1652,
        "y": 278,
        "w": 369,
        "h": 291
    },
    "178.png": {
        "x": 1595,
        "y": 1125,
        "w": 264,
        "h": 368
    },
    "84.png": {
        "x": 0,
        "y": 1726,
        "w": 271,
        "h": 368
    },
    "137.png": {
        "x": 271,
        "y": 1724,
        "w": 250,
        "h": 367
    },
    "136.png": {
        "x": 521,
        "y": 1711,
        "w": 250,
        "h": 367
    },
    "135.png": {
        "x": 771,
        "y": 1711,
        "w": 250,
        "h": 367
    },
    "164.png": {
        "x": 1021,
        "y": 1710,
        "w": 195,
        "h": 367
    },
    "133.png": {
        "x": 1216,
        "y": 1637,
        "w": 249,
        "h": 366
    },
    "72.png": {
        "x": 1595,
        "y": 1493,
        "w": 340,
        "h": 365
    },
    "49.png": {
        "x": 2023,
        "y": 0,
        "w": 330,
        "h": 357
    },
    "42.png": {
        "x": 2021,
        "y": 357,
        "w": 289,
        "h": 357
    },
    "50.png": {
        "x": 1844,
        "y": 714,
        "w": 330,
        "h": 356
    },
    "43.png": {
        "x": 1859,
        "y": 1070,
        "w": 288,
        "h": 355
    },
    "41.png": {
        "x": 1935,
        "y": 1425,
        "w": 288,
        "h": 355
    },
    "44.png": {
        "x": 0,
        "y": 2094,
        "w": 288,
        "h": 354
    },
    "110.png": {
        "x": 2147,
        "y": 1070,
        "w": 170,
        "h": 354
    },
    "40.png": {
        "x": 288,
        "y": 2091,
        "w": 288,
        "h": 354
    },
    "62.png": {
        "x": 576,
        "y": 2078,
        "w": 260,
        "h": 354
    },
    "71.png": {
        "x": 836,
        "y": 2078,
        "w": 354,
        "h": 342
    },
    "109.png": {
        "x": 1190,
        "y": 2077,
        "w": 342,
        "h": 353
    },
    "91.png": {
        "x": 1935,
        "y": 1780,
        "w": 288,
        "h": 353
    },
    "39.png": {
        "x": 1532,
        "y": 1858,
        "w": 288,
        "h": 353
    },
    "93.png": {
        "x": 2353,
        "y": 0,
        "w": 287,
        "h": 352
    },
    "145.png": {
        "x": 2174,
        "y": 714,
        "w": 290,
        "h": 352
    },
    "87.png": {
        "x": 2353,
        "y": 352,
        "w": 285,
        "h": 352
    },
    "89.png": {
        "x": 2317,
        "y": 1066,
        "w": 286,
        "h": 352
    },
    "90.png": {
        "x": 2317,
        "y": 1418,
        "w": 287,
        "h": 352
    },
    "92.png": {
        "x": 2223,
        "y": 1770,
        "w": 287,
        "h": 352
    },
    "105.png": {
        "x": 0,
        "y": 2448,
        "w": 302,
        "h": 352
    },
    "102.png": {
        "x": 302,
        "y": 2445,
        "w": 299,
        "h": 351
    },
    "88.png": {
        "x": 601,
        "y": 2432,
        "w": 284,
        "h": 351
    },
    "103.png": {
        "x": 885,
        "y": 2420,
        "w": 303,
        "h": 351
    },
    "104.png": {
        "x": 1188,
        "y": 2430,
        "w": 304,
        "h": 351
    },
    "86.png": {
        "x": 1492,
        "y": 2430,
        "w": 284,
        "h": 351
    },
    "85.png": {
        "x": 2223,
        "y": 2122,
        "w": 285,
        "h": 351
    },
    "95.png": {
        "x": 1820,
        "y": 2133,
        "w": 291,
        "h": 351
    },
    "100.png": {
        "x": 2640,
        "y": 0,
        "w": 294,
        "h": 351
    },
    "146.png": {
        "x": 2640,
        "y": 351,
        "w": 289,
        "h": 351
    },
    "101.png": {
        "x": 2638,
        "y": 702,
        "w": 295,
        "h": 351
    },
    "99.png": {
        "x": 2603,
        "y": 1053,
        "w": 297,
        "h": 350
    },
    "98.png": {
        "x": 2604,
        "y": 1403,
        "w": 298,
        "h": 350
    },
    "45.png": {
        "x": 2604,
        "y": 1753,
        "w": 270,
        "h": 350
    },
    "143.png": {
        "x": 2510,
        "y": 2103,
        "w": 289,
        "h": 350
    },
    "97.png": {
        "x": 0,
        "y": 2800,
        "w": 290,
        "h": 350
    },
    "142.png": {
        "x": 290,
        "y": 2800,
        "w": 289,
        "h": 350
    },
    "94.png": {
        "x": 579,
        "y": 2796,
        "w": 290,
        "h": 350
    },
    "144.png": {
        "x": 885,
        "y": 2771,
        "w": 289,
        "h": 350
    },
    "131.png": {
        "x": 1174,
        "y": 2781,
        "w": 290,
        "h": 349
    },
    "34.png": {
        "x": 2508,
        "y": 2453,
        "w": 349,
        "h": 278
    },
    "96.png": {
        "x": 1464,
        "y": 2781,
        "w": 290,
        "h": 349
    },
    "48.png": {
        "x": 1754,
        "y": 2781,
        "w": 318,
        "h": 348
    },
    "130.png": {
        "x": 2072,
        "y": 2731,
        "w": 290,
        "h": 348
    },
    "129.png": {
        "x": 2362,
        "y": 2731,
        "w": 290,
        "h": 348
    },
    "128.png": {
        "x": 2934,
        "y": 0,
        "w": 290,
        "h": 348
    },
    "132.png": {
        "x": 2900,
        "y": 1053,
        "w": 284,
        "h": 347
    },
    "47.png": {
        "x": 2929,
        "y": 351,
        "w": 294,
        "h": 346
    },
    "155.png": {
        "x": 2799,
        "y": 2103,
        "w": 284,
        "h": 345
    },
    "58.png": {
        "x": 2874,
        "y": 1753,
        "w": 220,
        "h": 343
    },
    "54.png": {
        "x": 2902,
        "y": 1400,
        "w": 220,
        "h": 343
    },
    "51.png": {
        "x": 2933,
        "y": 697,
        "w": 221,
        "h": 342
    },
    "53.png": {
        "x": 2652,
        "y": 2731,
        "w": 219,
        "h": 340
    },
    "55.png": {
        "x": 2871,
        "y": 2448,
        "w": 221,
        "h": 340
    },
    "150.png": {
        "x": 1776,
        "y": 2484,
        "w": 339,
        "h": 245
    },
    "52.png": {
        "x": 2871,
        "y": 2788,
        "w": 222,
        "h": 339
    },
    "57.png": {
        "x": 0,
        "y": 3150,
        "w": 220,
        "h": 339
    },
    "56.png": {
        "x": 220,
        "y": 3150,
        "w": 223,
        "h": 338
    },
    "60.png": {
        "x": 443,
        "y": 3150,
        "w": 273,
        "h": 336
    },
    "59.png": {
        "x": 716,
        "y": 3146,
        "w": 277,
        "h": 335
    },
    "119.png": {
        "x": 993,
        "y": 3130,
        "w": 330,
        "h": 299
    },
    "63.png": {
        "x": 1323,
        "y": 3130,
        "w": 281,
        "h": 329
    },
    "64.png": {
        "x": 1604,
        "y": 3130,
        "w": 283,
        "h": 326
    },
    "165.png": {
        "x": 2652,
        "y": 3071,
        "w": 186,
        "h": 322
    },
    "65.png": {
        "x": 1887,
        "y": 3129,
        "w": 282,
        "h": 320
    },
    "66.png": {
        "x": 2838,
        "y": 3127,
        "w": 281,
        "h": 320
    },
    "167.png": {
        "x": 2169,
        "y": 3079,
        "w": 175,
        "h": 320
    },
    "67.png": {
        "x": 2344,
        "y": 3079,
        "w": 281,
        "h": 320
    },
    "140.png": {
        "x": 3224,
        "y": 0,
        "w": 231,
        "h": 319
    },
    "32.png": {
        "x": 3122,
        "y": 1400,
        "w": 317,
        "h": 293
    },
    "156.png": {
        "x": 3154,
        "y": 697,
        "w": 280,
        "h": 315
    },
    "28.png": {
        "x": 3083,
        "y": 2096,
        "w": 289,
        "h": 313
    },
    "9.png": {
        "x": 3122,
        "y": 1693,
        "w": 302,
        "h": 312
    },
    "29.png": {
        "x": 3223,
        "y": 348,
        "w": 191,
        "h": 310
    },
    "168.png": {
        "x": 3092,
        "y": 2409,
        "w": 192,
        "h": 309
    },
    "33.png": {
        "x": 3119,
        "y": 2718,
        "w": 309,
        "h": 290
    },
    "15.png": {
        "x": 3184,
        "y": 1012,
        "w": 234,
        "h": 305
    },
    "10.png": {
        "x": 3119,
        "y": 3008,
        "w": 192,
        "h": 303
    },
    "75.png": {
        "x": 3455,
        "y": 0,
        "w": 209,
        "h": 298
    },
    "30.png": {
        "x": 3284,
        "y": 2409,
        "w": 190,
        "h": 297
    },
    "120.png": {
        "x": 2115,
        "y": 2473,
        "w": 297,
        "h": 215
    },
    "11.png": {
        "x": 3474,
        "y": 298,
        "w": 190,
        "h": 290
    },
    "14.png": {
        "x": 3439,
        "y": 588,
        "w": 207,
        "h": 285
    },
    "31.png": {
        "x": 3474,
        "y": 873,
        "w": 189,
        "h": 279
    },
    "13.png": {
        "x": 3474,
        "y": 1152,
        "w": 190,
        "h": 273
    },
    "12.png": {
        "x": 3474,
        "y": 1425,
        "w": 189,
        "h": 272
    },
    "111.png": {
        "x": 2464,
        "y": 704,
        "w": 168,
        "h": 266
    },
    "160.png": {
        "x": 3372,
        "y": 2005,
        "w": 263,
        "h": 238
    },
    "169.png": {
        "x": 3311,
        "y": 3008,
        "w": 244,
        "h": 263
    },
    "163.png": {
        "x": 0,
        "y": 3489,
        "w": 261,
        "h": 245
    },
    "162.png": {
        "x": 261,
        "y": 3488,
        "w": 258,
        "h": 242
    },
    "161.png": {
        "x": 519,
        "y": 3486,
        "w": 257,
        "h": 239
    },
    "123.png": {
        "x": 776,
        "y": 3481,
        "w": 171,
        "h": 244
    },
    "121.png": {
        "x": 1532,
        "y": 2211,
        "w": 227,
        "h": 215
    },
    "122.png": {
        "x": 3474,
        "y": 2243,
        "w": 188,
        "h": 216
    }
}