{
    "81.png": {
        "x": 0,
        "y": 0,
        "w": 501,
        "h": 1
    },
    "18.png": {
        "x": 0,
        "y": 1,
        "w": 501,
        "h": 1
    },
    "4.png": {
        "x": 0,
        "y": 2,
        "w": 501,
        "h": 1
    },
    "5.png": {
        "x": 0,
        "y": 3,
        "w": 501,
        "h": 1
    },
    "6.png": {
        "x": 0,
        "y": 4,
        "w": 501,
        "h": 1
    },
    "26.png": {
        "x": 0,
        "y": 5,
        "w": 501,
        "h": 1
    },
    "25.png": {
        "x": 0,
        "y": 6,
        "w": 501,
        "h": 1
    },
    "24.png": {
        "x": 0,
        "y": 7,
        "w": 501,
        "h": 1
    },
    "106.png": {
        "x": 0,
        "y": 8,
        "w": 501,
        "h": 1
    },
    "107.png": {
        "x": 0,
        "y": 9,
        "w": 501,
        "h": 1
    },
    "23.png": {
        "x": 0,
        "y": 10,
        "w": 501,
        "h": 1
    },
    "22.png": {
        "x": 0,
        "y": 11,
        "w": 501,
        "h": 1
    },
    "21.png": {
        "x": 0,
        "y": 12,
        "w": 501,
        "h": 1
    },
    "20.png": {
        "x": 0,
        "y": 13,
        "w": 501,
        "h": 1
    },
    "69.png": {
        "x": 0,
        "y": 14,
        "w": 501,
        "h": 1
    },
    "19.png": {
        "x": 0,
        "y": 15,
        "w": 501,
        "h": 1
    },
    "114.png": {
        "x": 0,
        "y": 16,
        "w": 501,
        "h": 1
    },
    "115.png": {
        "x": 0,
        "y": 17,
        "w": 501,
        "h": 1
    },
    "116.png": {
        "x": 0,
        "y": 18,
        "w": 501,
        "h": 1
    },
    "117.png": {
        "x": 0,
        "y": 19,
        "w": 501,
        "h": 1
    },
    "118.png": {
        "x": 0,
        "y": 20,
        "w": 501,
        "h": 1
    },
    "7.png": {
        "x": 0,
        "y": 21,
        "w": 501,
        "h": 1
    },
    "176.png": {
        "x": 0,
        "y": 22,
        "w": 501,
        "h": 1
    },
    "175.png": {
        "x": 0,
        "y": 23,
        "w": 501,
        "h": 1
    },
    "174.png": {
        "x": 0,
        "y": 24,
        "w": 501,
        "h": 1
    },
    "173.png": {
        "x": 0,
        "y": 25,
        "w": 501,
        "h": 1
    },
    "172.png": {
        "x": 0,
        "y": 26,
        "w": 501,
        "h": 1
    },
    "124.png": {
        "x": 0,
        "y": 27,
        "w": 501,
        "h": 1
    },
    "125.png": {
        "x": 0,
        "y": 28,
        "w": 501,
        "h": 1
    },
    "126.png": {
        "x": 0,
        "y": 29,
        "w": 501,
        "h": 1
    },
    "127.png": {
        "x": 0,
        "y": 30,
        "w": 501,
        "h": 1
    },
    "171.png": {
        "x": 0,
        "y": 31,
        "w": 501,
        "h": 1
    },
    "17.png": {
        "x": 0,
        "y": 32,
        "w": 501,
        "h": 1
    },
    "70.png": {
        "x": 0,
        "y": 33,
        "w": 501,
        "h": 1
    },
    "166.png": {
        "x": 0,
        "y": 34,
        "w": 501,
        "h": 1
    },
    "78.png": {
        "x": 0,
        "y": 35,
        "w": 501,
        "h": 1
    },
    "79.png": {
        "x": 0,
        "y": 36,
        "w": 501,
        "h": 1
    },
    "80.png": {
        "x": 0,
        "y": 37,
        "w": 501,
        "h": 1
    },
    "159.png": {
        "x": 0,
        "y": 38,
        "w": 501,
        "h": 1
    },
    "158.png": {
        "x": 0,
        "y": 39,
        "w": 501,
        "h": 1
    },
    "157.png": {
        "x": 0,
        "y": 40,
        "w": 501,
        "h": 1
    },
    "83.png": {
        "x": 0,
        "y": 41,
        "w": 501,
        "h": 1
    },
    "82.png": {
        "x": 0,
        "y": 42,
        "w": 501,
        "h": 1
    },
    "149.png": {
        "x": 0,
        "y": 43,
        "w": 501,
        "h": 1
    },
    "148.png": {
        "x": 0,
        "y": 44,
        "w": 501,
        "h": 1
    },
    "147.png": {
        "x": 0,
        "y": 45,
        "w": 501,
        "h": 1
    },
    "170.png": {
        "x": 0,
        "y": 46,
        "w": 416,
        "h": 261
    },
    "152.png": {
        "x": 0,
        "y": 307,
        "w": 405,
        "h": 357
    },
    "153.png": {
        "x": 501,
        "y": 0,
        "w": 405,
        "h": 356
    },
    "151.png": {
        "x": 0,
        "y": 664,
        "w": 404,
        "h": 357
    },
    "35.png": {
        "x": 404,
        "y": 664,
        "w": 396,
        "h": 282
    },
    "16.png": {
        "x": 906,
        "y": 0,
        "w": 396,
        "h": 349
    },
    "36.png": {
        "x": 906,
        "y": 349,
        "w": 394,
        "h": 282
    },
    "38.png": {
        "x": 405,
        "y": 356,
        "w": 393,
        "h": 282
    },
    "37.png": {
        "x": 800,
        "y": 631,
        "w": 393,
        "h": 282
    },
    "8.png": {
        "x": 0,
        "y": 1021,
        "w": 364,
        "h": 278
    },
    "178.png": {
        "x": 800,
        "y": 913,
        "w": 265,
        "h": 362
    },
    "3.png": {
        "x": 404,
        "y": 946,
        "w": 361,
        "h": 283
    },
    "177.png": {
        "x": 0,
        "y": 1299,
        "w": 257,
        "h": 360
    },
    "139.png": {
        "x": 257,
        "y": 1299,
        "w": 279,
        "h": 359
    },
    "141.png": {
        "x": 536,
        "y": 1275,
        "w": 279,
        "h": 359
    },
    "138.png": {
        "x": 1065,
        "y": 913,
        "w": 215,
        "h": 358
    },
    "108.png": {
        "x": 815,
        "y": 1275,
        "w": 357,
        "h": 315
    },
    "49.png": {
        "x": 1302,
        "y": 0,
        "w": 302,
        "h": 350
    },
    "50.png": {
        "x": 1300,
        "y": 350,
        "w": 302,
        "h": 350
    },
    "46.png": {
        "x": 1172,
        "y": 1271,
        "w": 242,
        "h": 349
    },
    "84.png": {
        "x": 1280,
        "y": 700,
        "w": 250,
        "h": 347
    },
    "61.png": {
        "x": 1604,
        "y": 0,
        "w": 246,
        "h": 347
    },
    "68.png": {
        "x": 1604,
        "y": 347,
        "w": 244,
        "h": 347
    },
    "47.png": {
        "x": 1530,
        "y": 700,
        "w": 273,
        "h": 345
    },
    "27.png": {
        "x": 1414,
        "y": 1047,
        "w": 344,
        "h": 272
    },
    "72.png": {
        "x": 0,
        "y": 1659,
        "w": 301,
        "h": 344
    },
    "74.png": {
        "x": 301,
        "y": 1658,
        "w": 281,
        "h": 344
    },
    "73.png": {
        "x": 582,
        "y": 1634,
        "w": 281,
        "h": 344
    },
    "136.png": {
        "x": 863,
        "y": 1620,
        "w": 240,
        "h": 342
    },
    "134.png": {
        "x": 1103,
        "y": 1620,
        "w": 240,
        "h": 342
    },
    "137.png": {
        "x": 1343,
        "y": 1620,
        "w": 240,
        "h": 342
    },
    "135.png": {
        "x": 1583,
        "y": 1319,
        "w": 240,
        "h": 342
    },
    "150.png": {
        "x": 1850,
        "y": 0,
        "w": 341,
        "h": 236
    },
    "133.png": {
        "x": 1583,
        "y": 1661,
        "w": 239,
        "h": 341
    },
    "48.png": {
        "x": 1822,
        "y": 1661,
        "w": 292,
        "h": 340
    },
    "109.png": {
        "x": 1850,
        "y": 236,
        "w": 230,
        "h": 339
    },
    "42.png": {
        "x": 1848,
        "y": 575,
        "w": 266,
        "h": 335
    },
    "41.png": {
        "x": 1803,
        "y": 910,
        "w": 266,
        "h": 334
    },
    "43.png": {
        "x": 1823,
        "y": 1244,
        "w": 266,
        "h": 334
    },
    "155.png": {
        "x": 0,
        "y": 2003,
        "w": 286,
        "h": 334
    },
    "40.png": {
        "x": 286,
        "y": 2003,
        "w": 266,
        "h": 333
    },
    "44.png": {
        "x": 552,
        "y": 2002,
        "w": 266,
        "h": 333
    },
    "71.png": {
        "x": 818,
        "y": 2002,
        "w": 322,
        "h": 332
    },
    "154.png": {
        "x": 1140,
        "y": 2002,
        "w": 287,
        "h": 332
    },
    "39.png": {
        "x": 1427,
        "y": 2002,
        "w": 266,
        "h": 332
    },
    "92.png": {
        "x": 1693,
        "y": 2002,
        "w": 266,
        "h": 331
    },
    "91.png": {
        "x": 2191,
        "y": 0,
        "w": 266,
        "h": 331
    },
    "93.png": {
        "x": 2069,
        "y": 910,
        "w": 266,
        "h": 331
    },
    "89.png": {
        "x": 1959,
        "y": 2001,
        "w": 265,
        "h": 331
    },
    "90.png": {
        "x": 2114,
        "y": 331,
        "w": 266,
        "h": 331
    },
    "105.png": {
        "x": 2114,
        "y": 1241,
        "w": 281,
        "h": 331
    },
    "146.png": {
        "x": 2114,
        "y": 1572,
        "w": 268,
        "h": 330
    },
    "104.png": {
        "x": 0,
        "y": 2337,
        "w": 283,
        "h": 330
    },
    "101.png": {
        "x": 283,
        "y": 2337,
        "w": 274,
        "h": 330
    },
    "85.png": {
        "x": 557,
        "y": 2335,
        "w": 264,
        "h": 330
    },
    "145.png": {
        "x": 821,
        "y": 2334,
        "w": 268,
        "h": 330
    },
    "88.png": {
        "x": 1089,
        "y": 2334,
        "w": 263,
        "h": 330
    },
    "86.png": {
        "x": 1352,
        "y": 2334,
        "w": 263,
        "h": 330
    },
    "100.png": {
        "x": 1615,
        "y": 2334,
        "w": 273,
        "h": 330
    },
    "87.png": {
        "x": 1888,
        "y": 2333,
        "w": 263,
        "h": 330
    },
    "102.png": {
        "x": 2151,
        "y": 2332,
        "w": 278,
        "h": 330
    },
    "143.png": {
        "x": 2457,
        "y": 0,
        "w": 268,
        "h": 329
    },
    "142.png": {
        "x": 2457,
        "y": 329,
        "w": 268,
        "h": 329
    },
    "98.png": {
        "x": 2429,
        "y": 658,
        "w": 277,
        "h": 329
    },
    "103.png": {
        "x": 2429,
        "y": 987,
        "w": 281,
        "h": 329
    },
    "97.png": {
        "x": 2429,
        "y": 1316,
        "w": 268,
        "h": 329
    },
    "95.png": {
        "x": 2429,
        "y": 1645,
        "w": 268,
        "h": 329
    },
    "94.png": {
        "x": 2429,
        "y": 1974,
        "w": 268,
        "h": 329
    },
    "45.png": {
        "x": 2429,
        "y": 2303,
        "w": 249,
        "h": 329
    },
    "144.png": {
        "x": 0,
        "y": 2667,
        "w": 268,
        "h": 329
    },
    "96.png": {
        "x": 268,
        "y": 2667,
        "w": 268,
        "h": 328
    },
    "128.png": {
        "x": 536,
        "y": 2667,
        "w": 268,
        "h": 328
    },
    "129.png": {
        "x": 804,
        "y": 2665,
        "w": 268,
        "h": 328
    },
    "99.png": {
        "x": 1072,
        "y": 2664,
        "w": 275,
        "h": 328
    },
    "130.png": {
        "x": 1347,
        "y": 2664,
        "w": 268,
        "h": 328
    },
    "131.png": {
        "x": 1615,
        "y": 2664,
        "w": 267,
        "h": 328
    },
    "132.png": {
        "x": 1882,
        "y": 2664,
        "w": 262,
        "h": 327
    },
    "164.png": {
        "x": 2144,
        "y": 2663,
        "w": 181,
        "h": 327
    },
    "62.png": {
        "x": 2325,
        "y": 2662,
        "w": 248,
        "h": 326
    },
    "34.png": {
        "x": 2725,
        "y": 0,
        "w": 322,
        "h": 280
    },
    "54.png": {
        "x": 2706,
        "y": 658,
        "w": 221,
        "h": 319
    },
    "51.png": {
        "x": 2573,
        "y": 2632,
        "w": 220,
        "h": 319
    },
    "58.png": {
        "x": 2678,
        "y": 2303,
        "w": 221,
        "h": 319
    },
    "55.png": {
        "x": 2793,
        "y": 2622,
        "w": 220,
        "h": 318
    },
    "53.png": {
        "x": 2725,
        "y": 280,
        "w": 220,
        "h": 317
    },
    "156.png": {
        "x": 2710,
        "y": 977,
        "w": 285,
        "h": 317
    },
    "57.png": {
        "x": 2710,
        "y": 1294,
        "w": 221,
        "h": 316
    },
    "52.png": {
        "x": 2697,
        "y": 1610,
        "w": 218,
        "h": 316
    },
    "140.png": {
        "x": 2697,
        "y": 1926,
        "w": 235,
        "h": 315
    },
    "56.png": {
        "x": 0,
        "y": 2996,
        "w": 219,
        "h": 315
    },
    "167.png": {
        "x": 219,
        "y": 2996,
        "w": 182,
        "h": 310
    },
    "63.png": {
        "x": 401,
        "y": 2995,
        "w": 259,
        "h": 309
    },
    "60.png": {
        "x": 660,
        "y": 2995,
        "w": 266,
        "h": 306
    },
    "165.png": {
        "x": 926,
        "y": 2993,
        "w": 181,
        "h": 305
    },
    "64.png": {
        "x": 1107,
        "y": 2992,
        "w": 260,
        "h": 305
    },
    "59.png": {
        "x": 1367,
        "y": 2992,
        "w": 269,
        "h": 304
    },
    "28.png": {
        "x": 2224,
        "y": 1902,
        "w": 190,
        "h": 302
    },
    "110.png": {
        "x": 1636,
        "y": 2992,
        "w": 179,
        "h": 302
    },
    "29.png": {
        "x": 1815,
        "y": 2992,
        "w": 190,
        "h": 301
    },
    "65.png": {
        "x": 2005,
        "y": 2991,
        "w": 260,
        "h": 300
    },
    "67.png": {
        "x": 2265,
        "y": 2990,
        "w": 259,
        "h": 300
    },
    "168.png": {
        "x": 2524,
        "y": 2988,
        "w": 199,
        "h": 300
    },
    "66.png": {
        "x": 2723,
        "y": 2951,
        "w": 259,
        "h": 300
    },
    "30.png": {
        "x": 3047,
        "y": 0,
        "w": 191,
        "h": 299
    },
    "9.png": {
        "x": 2915,
        "y": 1610,
        "w": 203,
        "h": 298
    },
    "10.png": {
        "x": 2931,
        "y": 1294,
        "w": 193,
        "h": 292
    },
    "15.png": {
        "x": 2945,
        "y": 299,
        "w": 273,
        "h": 292
    },
    "11.png": {
        "x": 3013,
        "y": 1908,
        "w": 193,
        "h": 290
    },
    "32.png": {
        "x": 2945,
        "y": 591,
        "w": 289,
        "h": 281
    },
    "119.png": {
        "x": 2932,
        "y": 2198,
        "w": 287,
        "h": 216
    },
    "33.png": {
        "x": 3238,
        "y": 0,
        "w": 285,
        "h": 280
    },
    "31.png": {
        "x": 3218,
        "y": 299,
        "w": 191,
        "h": 283
    },
    "14.png": {
        "x": 3118,
        "y": 1586,
        "w": 240,
        "h": 281
    },
    "13.png": {
        "x": 3206,
        "y": 1867,
        "w": 193,
        "h": 274
    },
    "12.png": {
        "x": 3234,
        "y": 582,
        "w": 193,
        "h": 274
    },
    "112.png": {
        "x": 2982,
        "y": 2940,
        "w": 185,
        "h": 267
    },
    "169.png": {
        "x": 3234,
        "y": 856,
        "w": 252,
        "h": 264
    },
    "160.png": {
        "x": 2114,
        "y": 662,
        "w": 263,
        "h": 238
    },
    "111.png": {
        "x": 2995,
        "y": 872,
        "w": 180,
        "h": 262
    },
    "161.png": {
        "x": 3219,
        "y": 2141,
        "w": 257,
        "h": 239
    },
    "162.png": {
        "x": 3219,
        "y": 2380,
        "w": 256,
        "h": 240
    },
    "163.png": {
        "x": 3013,
        "y": 2620,
        "w": 256,
        "h": 241
    },
    "75.png": {
        "x": 3269,
        "y": 2620,
        "w": 207,
        "h": 242
    },
    "0.png": {
        "x": 3175,
        "y": 1120,
        "w": 207,
        "h": 242
    },
    "1.png": {
        "x": 3167,
        "y": 2862,
        "w": 213,
        "h": 240
    },
    "76.png": {
        "x": 0,
        "y": 3311,
        "w": 214,
        "h": 240
    },
    "120.png": {
        "x": 3124,
        "y": 1362,
        "w": 239,
        "h": 218
    },
    "113.png": {
        "x": 214,
        "y": 3311,
        "w": 221,
        "h": 237
    },
    "77.png": {
        "x": 435,
        "y": 3304,
        "w": 231,
        "h": 237
    },
    "2.png": {
        "x": 666,
        "y": 3301,
        "w": 231,
        "h": 237
    },
    "123.png": {
        "x": 897,
        "y": 3301,
        "w": 185,
        "h": 234
    },
    "122.png": {
        "x": 1082,
        "y": 3298,
        "w": 205,
        "h": 233
    },
    "121.png": {
        "x": 1287,
        "y": 3297,
        "w": 218,
        "h": 219
    }
}