{
    "55.png": {
        "x": 0,
        "y": 0,
        "w": 501,
        "h": 1
    },
    "51.png": {
        "x": 0,
        "y": 1,
        "w": 501,
        "h": 1
    },
    "8.png": {
        "x": 0,
        "y": 2,
        "w": 501,
        "h": 1
    },
    "79.png": {
        "x": 0,
        "y": 3,
        "w": 501,
        "h": 1
    },
    "78.png": {
        "x": 0,
        "y": 4,
        "w": 501,
        "h": 1
    },
    "108.png": {
        "x": 0,
        "y": 5,
        "w": 501,
        "h": 1
    },
    "74.png": {
        "x": 0,
        "y": 6,
        "w": 501,
        "h": 1
    },
    "73.png": {
        "x": 0,
        "y": 7,
        "w": 501,
        "h": 1
    },
    "72.png": {
        "x": 0,
        "y": 8,
        "w": 501,
        "h": 1
    },
    "71.png": {
        "x": 0,
        "y": 9,
        "w": 501,
        "h": 1
    },
    "35.png": {
        "x": 0,
        "y": 10,
        "w": 501,
        "h": 1
    },
    "60.png": {
        "x": 0,
        "y": 11,
        "w": 501,
        "h": 1
    },
    "16.png": {
        "x": 0,
        "y": 12,
        "w": 501,
        "h": 1
    },
    "36.png": {
        "x": 0,
        "y": 13,
        "w": 501,
        "h": 1
    },
    "116.png": {
        "x": 0,
        "y": 14,
        "w": 501,
        "h": 1
    },
    "59.png": {
        "x": 0,
        "y": 15,
        "w": 501,
        "h": 1
    },
    "58.png": {
        "x": 0,
        "y": 16,
        "w": 501,
        "h": 1
    },
    "57.png": {
        "x": 0,
        "y": 17,
        "w": 501,
        "h": 1
    },
    "56.png": {
        "x": 0,
        "y": 18,
        "w": 501,
        "h": 1
    },
    "80.png": {
        "x": 0,
        "y": 19,
        "w": 501,
        "h": 1
    },
    "54.png": {
        "x": 0,
        "y": 20,
        "w": 501,
        "h": 1
    },
    "122.png": {
        "x": 0,
        "y": 21,
        "w": 501,
        "h": 1
    },
    "53.png": {
        "x": 0,
        "y": 22,
        "w": 501,
        "h": 1
    },
    "15.png": {
        "x": 0,
        "y": 23,
        "w": 501,
        "h": 1
    },
    "171.png": {
        "x": 0,
        "y": 24,
        "w": 501,
        "h": 1
    },
    "3.png": {
        "x": 0,
        "y": 25,
        "w": 501,
        "h": 1
    },
    "32.png": {
        "x": 0,
        "y": 26,
        "w": 501,
        "h": 1
    },
    "52.png": {
        "x": 0,
        "y": 27,
        "w": 501,
        "h": 1
    },
    "9.png": {
        "x": 0,
        "y": 28,
        "w": 501,
        "h": 1
    },
    "50.png": {
        "x": 0,
        "y": 29,
        "w": 501,
        "h": 1
    },
    "49.png": {
        "x": 0,
        "y": 30,
        "w": 501,
        "h": 1
    },
    "140.png": {
        "x": 0,
        "y": 31,
        "w": 501,
        "h": 1
    },
    "14.png": {
        "x": 0,
        "y": 32,
        "w": 501,
        "h": 1
    },
    "33.png": {
        "x": 0,
        "y": 33,
        "w": 501,
        "h": 1
    },
    "38.png": {
        "x": 0,
        "y": 34,
        "w": 501,
        "h": 1
    },
    "37.png": {
        "x": 0,
        "y": 35,
        "w": 501,
        "h": 1
    },
    "34.png": {
        "x": 0,
        "y": 36,
        "w": 501,
        "h": 1
    },
    "159.png": {
        "x": 0,
        "y": 37,
        "w": 466,
        "h": 314
    },
    "17.png": {
        "x": 0,
        "y": 351,
        "w": 453,
        "h": 265
    },
    "18.png": {
        "x": 501,
        "y": 0,
        "w": 419,
        "h": 235
    },
    "19.png": {
        "x": 453,
        "y": 351,
        "w": 410,
        "h": 235
    },
    "127.png": {
        "x": 0,
        "y": 616,
        "w": 407,
        "h": 362
    },
    "126.png": {
        "x": 407,
        "y": 616,
        "w": 407,
        "h": 362
    },
    "124.png": {
        "x": 920,
        "y": 0,
        "w": 407,
        "h": 361
    },
    "125.png": {
        "x": 814,
        "y": 586,
        "w": 407,
        "h": 362
    },
    "20.png": {
        "x": 0,
        "y": 978,
        "w": 390,
        "h": 235
    },
    "114.png": {
        "x": 0,
        "y": 1213,
        "w": 384,
        "h": 333
    },
    "158.png": {
        "x": 384,
        "y": 1213,
        "w": 371,
        "h": 316
    },
    "115.png": {
        "x": 814,
        "y": 948,
        "w": 366,
        "h": 330
    },
    "157.png": {
        "x": 1327,
        "y": 0,
        "w": 364,
        "h": 319
    },
    "150.png": {
        "x": 1327,
        "y": 319,
        "w": 363,
        "h": 247
    },
    "47.png": {
        "x": 1180,
        "y": 948,
        "w": 217,
        "h": 362
    },
    "170.png": {
        "x": 1221,
        "y": 566,
        "w": 354,
        "h": 273
    },
    "69.png": {
        "x": 1397,
        "y": 839,
        "w": 237,
        "h": 354
    },
    "48.png": {
        "x": 1397,
        "y": 1193,
        "w": 220,
        "h": 350
    },
    "4.png": {
        "x": 0,
        "y": 1546,
        "w": 346,
        "h": 325
    },
    "172.png": {
        "x": 755,
        "y": 1278,
        "w": 261,
        "h": 345
    },
    "173.png": {
        "x": 1016,
        "y": 1310,
        "w": 264,
        "h": 343
    },
    "174.png": {
        "x": 1691,
        "y": 0,
        "w": 266,
        "h": 343
    },
    "81.png": {
        "x": 346,
        "y": 1546,
        "w": 341,
        "h": 325
    },
    "75.png": {
        "x": 1690,
        "y": 343,
        "w": 221,
        "h": 341
    },
    "0.png": {
        "x": 1634,
        "y": 684,
        "w": 221,
        "h": 341
    },
    "83.png": {
        "x": 1280,
        "y": 1543,
        "w": 341,
        "h": 309
    },
    "82.png": {
        "x": 0,
        "y": 1871,
        "w": 341,
        "h": 309
    },
    "70.png": {
        "x": 1617,
        "y": 1193,
        "w": 226,
        "h": 340
    },
    "166.png": {
        "x": 687,
        "y": 1623,
        "w": 211,
        "h": 339
    },
    "151.png": {
        "x": 1621,
        "y": 1533,
        "w": 327,
        "h": 333
    },
    "152.png": {
        "x": 898,
        "y": 1653,
        "w": 328,
        "h": 333
    },
    "1.png": {
        "x": 1957,
        "y": 0,
        "w": 223,
        "h": 332
    },
    "153.png": {
        "x": 1843,
        "y": 1025,
        "w": 328,
        "h": 332
    },
    "76.png": {
        "x": 1957,
        "y": 332,
        "w": 223,
        "h": 332
    },
    "147.png": {
        "x": 1855,
        "y": 684,
        "w": 205,
        "h": 332
    },
    "148.png": {
        "x": 1948,
        "y": 1357,
        "w": 211,
        "h": 330
    },
    "118.png": {
        "x": 1226,
        "y": 1852,
        "w": 248,
        "h": 325
    },
    "113.png": {
        "x": 2180,
        "y": 0,
        "w": 233,
        "h": 325
    },
    "178.png": {
        "x": 2060,
        "y": 664,
        "w": 285,
        "h": 322
    },
    "5.png": {
        "x": 2159,
        "y": 1357,
        "w": 244,
        "h": 315
    },
    "154.png": {
        "x": 341,
        "y": 1871,
        "w": 308,
        "h": 287
    },
    "117.png": {
        "x": 2159,
        "y": 1672,
        "w": 252,
        "h": 307
    },
    "2.png": {
        "x": 2180,
        "y": 325,
        "w": 230,
        "h": 307
    },
    "77.png": {
        "x": 1474,
        "y": 1866,
        "w": 230,
        "h": 307
    },
    "155.png": {
        "x": 1704,
        "y": 1866,
        "w": 306,
        "h": 289
    },
    "177.png": {
        "x": 0,
        "y": 2180,
        "w": 274,
        "h": 305
    },
    "156.png": {
        "x": 274,
        "y": 2180,
        "w": 305,
        "h": 290
    },
    "139.png": {
        "x": 579,
        "y": 2177,
        "w": 224,
        "h": 304
    },
    "141.png": {
        "x": 803,
        "y": 2177,
        "w": 224,
        "h": 304
    },
    "149.png": {
        "x": 2171,
        "y": 986,
        "w": 239,
        "h": 302
    },
    "6.png": {
        "x": 1027,
        "y": 2177,
        "w": 244,
        "h": 299
    },
    "25.png": {
        "x": 1271,
        "y": 2177,
        "w": 267,
        "h": 295
    },
    "23.png": {
        "x": 1538,
        "y": 2173,
        "w": 267,
        "h": 295
    },
    "24.png": {
        "x": 1805,
        "y": 2155,
        "w": 267,
        "h": 295
    },
    "26.png": {
        "x": 2072,
        "y": 1979,
        "w": 267,
        "h": 295
    },
    "22.png": {
        "x": 2413,
        "y": 0,
        "w": 268,
        "h": 294
    },
    "21.png": {
        "x": 2411,
        "y": 325,
        "w": 269,
        "h": 293
    },
    "7.png": {
        "x": 2345,
        "y": 632,
        "w": 288,
        "h": 291
    },
    "84.png": {
        "x": 2411,
        "y": 923,
        "w": 195,
        "h": 291
    },
    "138.png": {
        "x": 2411,
        "y": 1214,
        "w": 187,
        "h": 284
    },
    "109.png": {
        "x": 2411,
        "y": 1498,
        "w": 221,
        "h": 280
    },
    "42.png": {
        "x": 2411,
        "y": 1778,
        "w": 211,
        "h": 280
    },
    "160.png": {
        "x": 2339,
        "y": 2058,
        "w": 280,
        "h": 255
    },
    "43.png": {
        "x": 0,
        "y": 2485,
        "w": 211,
        "h": 279
    },
    "169.png": {
        "x": 274,
        "y": 2470,
        "w": 279,
        "h": 238
    },
    "41.png": {
        "x": 553,
        "y": 2481,
        "w": 211,
        "h": 279
    },
    "44.png": {
        "x": 764,
        "y": 2481,
        "w": 211,
        "h": 278
    },
    "40.png": {
        "x": 975,
        "y": 2481,
        "w": 211,
        "h": 278
    },
    "39.png": {
        "x": 1186,
        "y": 2476,
        "w": 211,
        "h": 277
    },
    "68.png": {
        "x": 1397,
        "y": 2472,
        "w": 209,
        "h": 277
    },
    "61.png": {
        "x": 1606,
        "y": 2468,
        "w": 211,
        "h": 277
    },
    "46.png": {
        "x": 1817,
        "y": 2450,
        "w": 203,
        "h": 277
    },
    "91.png": {
        "x": 2020,
        "y": 2450,
        "w": 210,
        "h": 276
    },
    "89.png": {
        "x": 2230,
        "y": 2313,
        "w": 209,
        "h": 276
    },
    "93.png": {
        "x": 2439,
        "y": 2313,
        "w": 210,
        "h": 276
    },
    "92.png": {
        "x": 2681,
        "y": 0,
        "w": 210,
        "h": 276
    },
    "90.png": {
        "x": 2681,
        "y": 276,
        "w": 210,
        "h": 276
    },
    "146.png": {
        "x": 2598,
        "y": 1214,
        "w": 212,
        "h": 275
    },
    "85.png": {
        "x": 2680,
        "y": 552,
        "w": 208,
        "h": 275
    },
    "87.png": {
        "x": 2606,
        "y": 923,
        "w": 207,
        "h": 275
    },
    "88.png": {
        "x": 2649,
        "y": 1489,
        "w": 207,
        "h": 275
    },
    "86.png": {
        "x": 2649,
        "y": 1764,
        "w": 207,
        "h": 275
    },
    "145.png": {
        "x": 2649,
        "y": 2039,
        "w": 212,
        "h": 275
    },
    "144.png": {
        "x": 2649,
        "y": 2314,
        "w": 212,
        "h": 274
    },
    "105.png": {
        "x": 0,
        "y": 2764,
        "w": 224,
        "h": 274
    },
    "142.png": {
        "x": 224,
        "y": 2760,
        "w": 212,
        "h": 274
    },
    "161.png": {
        "x": 436,
        "y": 2760,
        "w": 274,
        "h": 256
    },
    "94.png": {
        "x": 710,
        "y": 2760,
        "w": 212,
        "h": 274
    },
    "143.png": {
        "x": 922,
        "y": 2759,
        "w": 212,
        "h": 274
    },
    "167.png": {
        "x": 1134,
        "y": 2759,
        "w": 203,
        "h": 273
    },
    "95.png": {
        "x": 1337,
        "y": 2753,
        "w": 212,
        "h": 273
    },
    "163.png": {
        "x": 1549,
        "y": 2749,
        "w": 273,
        "h": 258
    },
    "45.png": {
        "x": 1822,
        "y": 2727,
        "w": 193,
        "h": 273
    },
    "129.png": {
        "x": 2649,
        "y": 2588,
        "w": 213,
        "h": 273
    },
    "102.png": {
        "x": 2015,
        "y": 2727,
        "w": 221,
        "h": 273
    },
    "104.png": {
        "x": 2236,
        "y": 2589,
        "w": 226,
        "h": 273
    },
    "128.png": {
        "x": 2891,
        "y": 0,
        "w": 213,
        "h": 273
    },
    "162.png": {
        "x": 2813,
        "y": 827,
        "w": 273,
        "h": 257
    },
    "130.png": {
        "x": 2891,
        "y": 273,
        "w": 213,
        "h": 273
    },
    "131.png": {
        "x": 2891,
        "y": 546,
        "w": 212,
        "h": 273
    },
    "100.png": {
        "x": 2810,
        "y": 1198,
        "w": 216,
        "h": 273
    },
    "97.png": {
        "x": 2862,
        "y": 1471,
        "w": 212,
        "h": 273
    },
    "101.png": {
        "x": 2856,
        "y": 1744,
        "w": 217,
        "h": 273
    },
    "103.png": {
        "x": 2862,
        "y": 2017,
        "w": 224,
        "h": 272
    },
    "137.png": {
        "x": 2861,
        "y": 2289,
        "w": 201,
        "h": 272
    },
    "136.png": {
        "x": 2862,
        "y": 2561,
        "w": 201,
        "h": 272
    },
    "135.png": {
        "x": 0,
        "y": 3038,
        "w": 201,
        "h": 272
    },
    "134.png": {
        "x": 201,
        "y": 3038,
        "w": 201,
        "h": 272
    },
    "132.png": {
        "x": 402,
        "y": 3034,
        "w": 207,
        "h": 272
    },
    "96.png": {
        "x": 609,
        "y": 3034,
        "w": 212,
        "h": 272
    },
    "164.png": {
        "x": 821,
        "y": 3034,
        "w": 205,
        "h": 272
    },
    "98.png": {
        "x": 1026,
        "y": 3033,
        "w": 220,
        "h": 272
    },
    "99.png": {
        "x": 1246,
        "y": 3032,
        "w": 218,
        "h": 271
    },
    "133.png": {
        "x": 1464,
        "y": 3026,
        "w": 200,
        "h": 271
    },
    "165.png": {
        "x": 1664,
        "y": 3007,
        "w": 205,
        "h": 270
    },
    "106.png": {
        "x": 1869,
        "y": 3000,
        "w": 270,
        "h": 269
    },
    "27.png": {
        "x": 2139,
        "y": 3000,
        "w": 262,
        "h": 270
    },
    "176.png": {
        "x": 2401,
        "y": 2862,
        "w": 257,
        "h": 267
    },
    "175.png": {
        "x": 2658,
        "y": 2861,
        "w": 256,
        "h": 266
    },
    "112.png": {
        "x": 3104,
        "y": 0,
        "w": 253,
        "h": 265
    },
    "107.png": {
        "x": 3062,
        "y": 2289,
        "w": 257,
        "h": 264
    },
    "168.png": {
        "x": 3073,
        "y": 1744,
        "w": 220,
        "h": 262
    },
    "110.png": {
        "x": 3086,
        "y": 2006,
        "w": 209,
        "h": 258
    },
    "111.png": {
        "x": 3104,
        "y": 265,
        "w": 209,
        "h": 257
    },
    "62.png": {
        "x": 3104,
        "y": 522,
        "w": 212,
        "h": 256
    },
    "31.png": {
        "x": 3103,
        "y": 778,
        "w": 214,
        "h": 255
    },
    "28.png": {
        "x": 3086,
        "y": 1033,
        "w": 212,
        "h": 255
    },
    "29.png": {
        "x": 3074,
        "y": 1288,
        "w": 213,
        "h": 255
    },
    "30.png": {
        "x": 3063,
        "y": 2553,
        "w": 214,
        "h": 255
    },
    "63.png": {
        "x": 3063,
        "y": 2808,
        "w": 204,
        "h": 253
    },
    "64.png": {
        "x": 2914,
        "y": 3061,
        "w": 205,
        "h": 249
    },
    "13.png": {
        "x": 3119,
        "y": 3061,
        "w": 215,
        "h": 245
    },
    "10.png": {
        "x": 0,
        "y": 3310,
        "w": 215,
        "h": 245
    },
    "12.png": {
        "x": 215,
        "y": 3310,
        "w": 215,
        "h": 245
    },
    "11.png": {
        "x": 430,
        "y": 3310,
        "w": 215,
        "h": 245
    },
    "67.png": {
        "x": 645,
        "y": 3310,
        "w": 204,
        "h": 244
    },
    "65.png": {
        "x": 849,
        "y": 3310,
        "w": 205,
        "h": 244
    },
    "66.png": {
        "x": 1054,
        "y": 3310,
        "w": 204,
        "h": 244
    },
    "121.png": {
        "x": 2462,
        "y": 2589,
        "w": 183,
        "h": 238
    },
    "120.png": {
        "x": 1258,
        "y": 3310,
        "w": 185,
        "h": 237
    },
    "119.png": {
        "x": 390,
        "y": 978,
        "w": 206,
        "h": 228
    },
    "123.png": {
        "x": 596,
        "y": 978,
        "w": 210,
        "h": 227
    }
}