{
    "170.png": {
        "x": 0,
        "y": 0,
        "w": 360,
        "h": 330
    },
    "80.png": {
        "x": 0,
        "y": 330,
        "w": 359,
        "h": 332
    },
    "157.png": {
        "x": 360,
        "y": 0,
        "w": 359,
        "h": 331
    },
    "81.png": {
        "x": 0,
        "y": 662,
        "w": 359,
        "h": 332
    },
    "83.png": {
        "x": 359,
        "y": 331,
        "w": 359,
        "h": 332
    },
    "82.png": {
        "x": 719,
        "y": 0,
        "w": 359,
        "h": 332
    },
    "79.png": {
        "x": 359,
        "y": 663,
        "w": 358,
        "h": 331
    },
    "158.png": {
        "x": 717,
        "y": 663,
        "w": 357,
        "h": 330
    },
    "154.png": {
        "x": 718,
        "y": 332,
        "w": 355,
        "h": 330
    },
    "155.png": {
        "x": 0,
        "y": 994,
        "w": 354,
        "h": 330
    },
    "78.png": {
        "x": 354,
        "y": 994,
        "w": 353,
        "h": 330
    },
    "151.png": {
        "x": 707,
        "y": 994,
        "w": 353,
        "h": 329
    },
    "156.png": {
        "x": 1078,
        "y": 0,
        "w": 353,
        "h": 330
    },
    "152.png": {
        "x": 1073,
        "y": 332,
        "w": 352,
        "h": 330
    },
    "153.png": {
        "x": 1060,
        "y": 993,
        "w": 351,
        "h": 330
    },
    "159.png": {
        "x": 1074,
        "y": 662,
        "w": 342,
        "h": 329
    },
    "160.png": {
        "x": 0,
        "y": 1324,
        "w": 342,
        "h": 331
    },
    "171.png": {
        "x": 342,
        "y": 1324,
        "w": 341,
        "h": 328
    },
    "161.png": {
        "x": 683,
        "y": 1324,
        "w": 340,
        "h": 331
    },
    "162.png": {
        "x": 1023,
        "y": 1323,
        "w": 339,
        "h": 331
    },
    "48.png": {
        "x": 1431,
        "y": 0,
        "w": 273,
        "h": 339
    },
    "163.png": {
        "x": 1362,
        "y": 1323,
        "w": 339,
        "h": 331
    },
    "47.png": {
        "x": 1425,
        "y": 339,
        "w": 274,
        "h": 338
    },
    "173.png": {
        "x": 0,
        "y": 1655,
        "w": 336,
        "h": 330
    },
    "174.png": {
        "x": 336,
        "y": 1655,
        "w": 336,
        "h": 330
    },
    "49.png": {
        "x": 1416,
        "y": 677,
        "w": 281,
        "h": 336
    },
    "50.png": {
        "x": 1704,
        "y": 0,
        "w": 281,
        "h": 336
    },
    "150.png": {
        "x": 672,
        "y": 1655,
        "w": 335,
        "h": 329
    },
    "172.png": {
        "x": 1023,
        "y": 1654,
        "w": 335,
        "h": 331
    },
    "127.png": {
        "x": 1704,
        "y": 336,
        "w": 270,
        "h": 334
    },
    "126.png": {
        "x": 1701,
        "y": 670,
        "w": 270,
        "h": 334
    },
    "125.png": {
        "x": 1701,
        "y": 1004,
        "w": 270,
        "h": 334
    },
    "124.png": {
        "x": 1701,
        "y": 1338,
        "w": 269,
        "h": 334
    },
    "58.png": {
        "x": 1985,
        "y": 0,
        "w": 249,
        "h": 334
    },
    "17.png": {
        "x": 1358,
        "y": 1654,
        "w": 334,
        "h": 328
    },
    "16.png": {
        "x": 0,
        "y": 1985,
        "w": 333,
        "h": 328
    },
    "54.png": {
        "x": 1974,
        "y": 336,
        "w": 257,
        "h": 333
    },
    "20.png": {
        "x": 672,
        "y": 1984,
        "w": 333,
        "h": 329
    },
    "19.png": {
        "x": 1358,
        "y": 1982,
        "w": 333,
        "h": 329
    },
    "18.png": {
        "x": 1691,
        "y": 1982,
        "w": 333,
        "h": 329
    },
    "141.png": {
        "x": 2234,
        "y": 0,
        "w": 270,
        "h": 332
    },
    "15.png": {
        "x": 2024,
        "y": 669,
        "w": 282,
        "h": 332
    },
    "139.png": {
        "x": 2234,
        "y": 332,
        "w": 270,
        "h": 332
    },
    "166.png": {
        "x": 2024,
        "y": 1001,
        "w": 268,
        "h": 331
    },
    "57.png": {
        "x": 2024,
        "y": 1332,
        "w": 260,
        "h": 331
    },
    "84.png": {
        "x": 2024,
        "y": 1663,
        "w": 255,
        "h": 331
    },
    "108.png": {
        "x": 0,
        "y": 2313,
        "w": 277,
        "h": 331
    },
    "116.png": {
        "x": 277,
        "y": 2313,
        "w": 273,
        "h": 331
    },
    "115.png": {
        "x": 550,
        "y": 2313,
        "w": 273,
        "h": 331
    },
    "113.png": {
        "x": 823,
        "y": 2313,
        "w": 273,
        "h": 331
    },
    "112.png": {
        "x": 1096,
        "y": 2311,
        "w": 271,
        "h": 331
    },
    "146.png": {
        "x": 1367,
        "y": 2311,
        "w": 274,
        "h": 330
    },
    "147.png": {
        "x": 1641,
        "y": 2311,
        "w": 266,
        "h": 330
    },
    "85.png": {
        "x": 1907,
        "y": 2311,
        "w": 246,
        "h": 330
    },
    "86.png": {
        "x": 2153,
        "y": 1994,
        "w": 246,
        "h": 330
    },
    "101.png": {
        "x": 2504,
        "y": 0,
        "w": 250,
        "h": 330
    },
    "134.png": {
        "x": 2279,
        "y": 1663,
        "w": 235,
        "h": 330
    },
    "133.png": {
        "x": 2284,
        "y": 1332,
        "w": 237,
        "h": 330
    },
    "87.png": {
        "x": 2292,
        "y": 1001,
        "w": 246,
        "h": 330
    },
    "88.png": {
        "x": 2504,
        "y": 330,
        "w": 246,
        "h": 330
    },
    "89.png": {
        "x": 2504,
        "y": 660,
        "w": 246,
        "h": 330
    },
    "68.png": {
        "x": 2399,
        "y": 1993,
        "w": 269,
        "h": 330
    },
    "90.png": {
        "x": 0,
        "y": 2644,
        "w": 246,
        "h": 330
    },
    "91.png": {
        "x": 246,
        "y": 2644,
        "w": 246,
        "h": 330
    },
    "92.png": {
        "x": 492,
        "y": 2644,
        "w": 246,
        "h": 330
    },
    "93.png": {
        "x": 738,
        "y": 2644,
        "w": 246,
        "h": 330
    },
    "94.png": {
        "x": 984,
        "y": 2644,
        "w": 246,
        "h": 330
    },
    "95.png": {
        "x": 1230,
        "y": 2642,
        "w": 246,
        "h": 330
    },
    "61.png": {
        "x": 1476,
        "y": 2641,
        "w": 268,
        "h": 330
    },
    "135.png": {
        "x": 2514,
        "y": 1662,
        "w": 235,
        "h": 330
    },
    "118.png": {
        "x": 1744,
        "y": 2641,
        "w": 256,
        "h": 330
    },
    "96.png": {
        "x": 2000,
        "y": 2641,
        "w": 246,
        "h": 330
    },
    "97.png": {
        "x": 2399,
        "y": 2323,
        "w": 246,
        "h": 330
    },
    "102.png": {
        "x": 2754,
        "y": 0,
        "w": 239,
        "h": 330
    },
    "137.png": {
        "x": 2521,
        "y": 1331,
        "w": 235,
        "h": 330
    },
    "109.png": {
        "x": 2538,
        "y": 990,
        "w": 272,
        "h": 330
    },
    "46.png": {
        "x": 2668,
        "y": 1992,
        "w": 255,
        "h": 330
    },
    "117.png": {
        "x": 2668,
        "y": 2322,
        "w": 256,
        "h": 330
    },
    "142.png": {
        "x": 0,
        "y": 2974,
        "w": 274,
        "h": 330
    },
    "143.png": {
        "x": 274,
        "y": 2974,
        "w": 274,
        "h": 330
    },
    "45.png": {
        "x": 548,
        "y": 2974,
        "w": 253,
        "h": 330
    },
    "144.png": {
        "x": 801,
        "y": 2974,
        "w": 274,
        "h": 330
    },
    "33.png": {
        "x": 1075,
        "y": 2974,
        "w": 272,
        "h": 330
    },
    "136.png": {
        "x": 2749,
        "y": 1661,
        "w": 235,
        "h": 330
    },
    "145.png": {
        "x": 1347,
        "y": 2972,
        "w": 274,
        "h": 330
    },
    "43.png": {
        "x": 1621,
        "y": 2971,
        "w": 268,
        "h": 329
    },
    "5.png": {
        "x": 1889,
        "y": 2971,
        "w": 272,
        "h": 329
    },
    "22.png": {
        "x": 2161,
        "y": 2971,
        "w": 272,
        "h": 329
    },
    "23.png": {
        "x": 2645,
        "y": 2652,
        "w": 272,
        "h": 329
    },
    "24.png": {
        "x": 2993,
        "y": 0,
        "w": 272,
        "h": 329
    },
    "25.png": {
        "x": 2993,
        "y": 329,
        "w": 272,
        "h": 329
    },
    "26.png": {
        "x": 2923,
        "y": 1991,
        "w": 272,
        "h": 329
    },
    "28.png": {
        "x": 2750,
        "y": 658,
        "w": 274,
        "h": 329
    },
    "32.png": {
        "x": 2984,
        "y": 987,
        "w": 273,
        "h": 329
    },
    "100.png": {
        "x": 2756,
        "y": 1320,
        "w": 254,
        "h": 329
    },
    "34.png": {
        "x": 2984,
        "y": 1649,
        "w": 281,
        "h": 329
    },
    "35.png": {
        "x": 2924,
        "y": 2320,
        "w": 286,
        "h": 329
    },
    "36.png": {
        "x": 2924,
        "y": 2649,
        "w": 286,
        "h": 329
    },
    "37.png": {
        "x": 3024,
        "y": 658,
        "w": 286,
        "h": 329
    },
    "38.png": {
        "x": 3265,
        "y": 0,
        "w": 286,
        "h": 329
    },
    "39.png": {
        "x": 3265,
        "y": 329,
        "w": 268,
        "h": 329
    },
    "4.png": {
        "x": 3010,
        "y": 1316,
        "w": 272,
        "h": 329
    },
    "40.png": {
        "x": 3257,
        "y": 987,
        "w": 268,
        "h": 329
    },
    "41.png": {
        "x": 3282,
        "y": 1316,
        "w": 268,
        "h": 329
    },
    "42.png": {
        "x": 3195,
        "y": 1978,
        "w": 268,
        "h": 329
    },
    "21.png": {
        "x": 3265,
        "y": 1645,
        "w": 272,
        "h": 329
    },
    "44.png": {
        "x": 3210,
        "y": 2307,
        "w": 268,
        "h": 329
    },
    "114.png": {
        "x": 3210,
        "y": 2636,
        "w": 278,
        "h": 329
    },
    "14.png": {
        "x": 3210,
        "y": 2965,
        "w": 271,
        "h": 329
    },
    "103.png": {
        "x": 0,
        "y": 3304,
        "w": 252,
        "h": 329
    },
    "168.png": {
        "x": 252,
        "y": 3304,
        "w": 280,
        "h": 329
    },
    "53.png": {
        "x": 532,
        "y": 3304,
        "w": 268,
        "h": 329
    },
    "107.png": {
        "x": 800,
        "y": 3304,
        "w": 265,
        "h": 329
    },
    "106.png": {
        "x": 1065,
        "y": 3304,
        "w": 266,
        "h": 329
    },
    "59.png": {
        "x": 1331,
        "y": 3304,
        "w": 264,
        "h": 329
    },
    "6.png": {
        "x": 1595,
        "y": 3302,
        "w": 272,
        "h": 329
    },
    "60.png": {
        "x": 1867,
        "y": 3300,
        "w": 264,
        "h": 329
    },
    "8.png": {
        "x": 2131,
        "y": 3300,
        "w": 276,
        "h": 329
    },
    "104.png": {
        "x": 2407,
        "y": 3300,
        "w": 256,
        "h": 329
    },
    "148.png": {
        "x": 2663,
        "y": 3294,
        "w": 272,
        "h": 329
    },
    "128.png": {
        "x": 2935,
        "y": 2978,
        "w": 271,
        "h": 329
    },
    "129.png": {
        "x": 3206,
        "y": 3294,
        "w": 271,
        "h": 329
    },
    "132.png": {
        "x": 3310,
        "y": 658,
        "w": 263,
        "h": 329
    },
    "131.png": {
        "x": 3533,
        "y": 329,
        "w": 271,
        "h": 329
    },
    "7.png": {
        "x": 3525,
        "y": 987,
        "w": 274,
        "h": 329
    },
    "130.png": {
        "x": 3463,
        "y": 1974,
        "w": 271,
        "h": 329
    },
    "176.png": {
        "x": 333,
        "y": 1985,
        "w": 273,
        "h": 328
    },
    "110.png": {
        "x": 3537,
        "y": 1645,
        "w": 267,
        "h": 328
    },
    "30.png": {
        "x": 3478,
        "y": 2303,
        "w": 274,
        "h": 328
    },
    "31.png": {
        "x": 3477,
        "y": 3294,
        "w": 274,
        "h": 328
    },
    "120.png": {
        "x": 3551,
        "y": 0,
        "w": 248,
        "h": 328
    },
    "121.png": {
        "x": 3550,
        "y": 1316,
        "w": 248,
        "h": 328
    },
    "177.png": {
        "x": 3481,
        "y": 2965,
        "w": 273,
        "h": 328
    },
    "167.png": {
        "x": 3488,
        "y": 2631,
        "w": 268,
        "h": 328
    },
    "165.png": {
        "x": 0,
        "y": 3633,
        "w": 265,
        "h": 328
    },
    "111.png": {
        "x": 265,
        "y": 3633,
        "w": 265,
        "h": 328
    },
    "27.png": {
        "x": 530,
        "y": 3633,
        "w": 274,
        "h": 328
    },
    "164.png": {
        "x": 804,
        "y": 3633,
        "w": 266,
        "h": 328
    },
    "119.png": {
        "x": 1070,
        "y": 3633,
        "w": 253,
        "h": 328
    },
    "178.png": {
        "x": 1323,
        "y": 3633,
        "w": 294,
        "h": 328
    },
    "29.png": {
        "x": 1617,
        "y": 3631,
        "w": 274,
        "h": 328
    },
    "9.png": {
        "x": 1891,
        "y": 3629,
        "w": 272,
        "h": 327
    },
    "98.png": {
        "x": 2750,
        "y": 330,
        "w": 239,
        "h": 327
    },
    "123.png": {
        "x": 2163,
        "y": 3629,
        "w": 251,
        "h": 327
    },
    "105.png": {
        "x": 2414,
        "y": 3629,
        "w": 252,
        "h": 327
    },
    "122.png": {
        "x": 2666,
        "y": 3623,
        "w": 252,
        "h": 327
    },
    "13.png": {
        "x": 2918,
        "y": 3623,
        "w": 272,
        "h": 327
    },
    "11.png": {
        "x": 3190,
        "y": 3623,
        "w": 272,
        "h": 327
    },
    "10.png": {
        "x": 3462,
        "y": 3623,
        "w": 272,
        "h": 327
    },
    "138.png": {
        "x": 3573,
        "y": 658,
        "w": 263,
        "h": 327
    },
    "175.png": {
        "x": 3804,
        "y": 0,
        "w": 273,
        "h": 327
    },
    "12.png": {
        "x": 3804,
        "y": 985,
        "w": 272,
        "h": 327
    },
    "75.png": {
        "x": 1005,
        "y": 1985,
        "w": 266,
        "h": 326
    },
    "76.png": {
        "x": 3798,
        "y": 1316,
        "w": 267,
        "h": 326
    },
    "77.png": {
        "x": 3734,
        "y": 1973,
        "w": 267,
        "h": 326
    },
    "169.png": {
        "x": 3754,
        "y": 2959,
        "w": 323,
        "h": 326
    },
    "0.png": {
        "x": 3804,
        "y": 327,
        "w": 266,
        "h": 326
    },
    "55.png": {
        "x": 3804,
        "y": 1642,
        "w": 243,
        "h": 326
    },
    "1.png": {
        "x": 3752,
        "y": 2299,
        "w": 267,
        "h": 326
    },
    "140.png": {
        "x": 3756,
        "y": 2625,
        "w": 270,
        "h": 326
    },
    "2.png": {
        "x": 3734,
        "y": 3622,
        "w": 267,
        "h": 326
    },
    "51.png": {
        "x": 3836,
        "y": 653,
        "w": 239,
        "h": 326
    },
    "3.png": {
        "x": 3751,
        "y": 3293,
        "w": 271,
        "h": 326
    },
    "62.png": {
        "x": 0,
        "y": 3961,
        "w": 255,
        "h": 325
    },
    "99.png": {
        "x": 255,
        "y": 3961,
        "w": 249,
        "h": 324
    },
    "149.png": {
        "x": 504,
        "y": 3961,
        "w": 277,
        "h": 324
    },
    "66.png": {
        "x": 781,
        "y": 3961,
        "w": 256,
        "h": 324
    },
    "67.png": {
        "x": 1037,
        "y": 3961,
        "w": 256,
        "h": 324
    },
    "65.png": {
        "x": 1293,
        "y": 3961,
        "w": 258,
        "h": 319
    },
    "56.png": {
        "x": 2935,
        "y": 3307,
        "w": 255,
        "h": 314
    },
    "52.png": {
        "x": 1411,
        "y": 1013,
        "w": 262,
        "h": 310
    },
    "69.png": {
        "x": 1692,
        "y": 1672,
        "w": 252,
        "h": 309
    },
    "70.png": {
        "x": 2433,
        "y": 2981,
        "w": 255,
        "h": 306
    },
    "71.png": {
        "x": 2246,
        "y": 2653,
        "w": 258,
        "h": 301
    },
    "73.png": {
        "x": 1551,
        "y": 3961,
        "w": 262,
        "h": 297
    },
    "63.png": {
        "x": 1813,
        "y": 3959,
        "w": 257,
        "h": 297
    },
    "72.png": {
        "x": 2070,
        "y": 3956,
        "w": 262,
        "h": 297
    },
    "74.png": {
        "x": 2332,
        "y": 3956,
        "w": 262,
        "h": 297
    },
    "64.png": {
        "x": 2594,
        "y": 3956,
        "w": 257,
        "h": 289
    }
}