{
    "157.png": {
        "x": 0,
        "y": 0,
        "w": 363,
        "h": 322
    },
    "81.png": {
        "x": 0,
        "y": 322,
        "w": 363,
        "h": 320
    },
    "82.png": {
        "x": 363,
        "y": 0,
        "w": 363,
        "h": 320
    },
    "83.png": {
        "x": 363,
        "y": 320,
        "w": 363,
        "h": 320
    },
    "158.png": {
        "x": 363,
        "y": 640,
        "w": 363,
        "h": 322
    },
    "80.png": {
        "x": 0,
        "y": 642,
        "w": 362,
        "h": 320
    },
    "79.png": {
        "x": 726,
        "y": 0,
        "w": 361,
        "h": 319
    },
    "154.png": {
        "x": 726,
        "y": 319,
        "w": 361,
        "h": 323
    },
    "155.png": {
        "x": 726,
        "y": 642,
        "w": 359,
        "h": 321
    },
    "156.png": {
        "x": 0,
        "y": 963,
        "w": 358,
        "h": 320
    },
    "78.png": {
        "x": 358,
        "y": 963,
        "w": 357,
        "h": 317
    },
    "151.png": {
        "x": 715,
        "y": 963,
        "w": 356,
        "h": 318
    },
    "152.png": {
        "x": 1087,
        "y": 0,
        "w": 354,
        "h": 319
    },
    "153.png": {
        "x": 1087,
        "y": 319,
        "w": 353,
        "h": 319
    },
    "150.png": {
        "x": 1087,
        "y": 638,
        "w": 344,
        "h": 310
    },
    "170.png": {
        "x": 1071,
        "y": 963,
        "w": 341,
        "h": 313
    },
    "50.png": {
        "x": 0,
        "y": 1283,
        "w": 248,
        "h": 339
    },
    "49.png": {
        "x": 248,
        "y": 1283,
        "w": 248,
        "h": 339
    },
    "159.png": {
        "x": 496,
        "y": 1281,
        "w": 336,
        "h": 315
    },
    "47.png": {
        "x": 832,
        "y": 1281,
        "w": 247,
        "h": 336
    },
    "19.png": {
        "x": 1079,
        "y": 1276,
        "w": 336,
        "h": 310
    },
    "20.png": {
        "x": 1441,
        "y": 0,
        "w": 336,
        "h": 310
    },
    "18.png": {
        "x": 1441,
        "y": 310,
        "w": 335,
        "h": 310
    },
    "17.png": {
        "x": 1440,
        "y": 620,
        "w": 335,
        "h": 310
    },
    "16.png": {
        "x": 1431,
        "y": 930,
        "w": 334,
        "h": 315
    },
    "48.png": {
        "x": 1415,
        "y": 1245,
        "w": 245,
        "h": 333
    },
    "169.png": {
        "x": 0,
        "y": 1622,
        "w": 330,
        "h": 310
    },
    "84.png": {
        "x": 496,
        "y": 1596,
        "w": 258,
        "h": 329
    },
    "139.png": {
        "x": 1079,
        "y": 1586,
        "w": 276,
        "h": 329
    },
    "141.png": {
        "x": 1355,
        "y": 1586,
        "w": 276,
        "h": 329
    },
    "127.png": {
        "x": 1777,
        "y": 0,
        "w": 282,
        "h": 325
    },
    "126.png": {
        "x": 1776,
        "y": 325,
        "w": 282,
        "h": 325
    },
    "125.png": {
        "x": 1775,
        "y": 650,
        "w": 282,
        "h": 325
    },
    "124.png": {
        "x": 1765,
        "y": 975,
        "w": 281,
        "h": 325
    },
    "160.png": {
        "x": 1631,
        "y": 1578,
        "w": 324,
        "h": 317
    },
    "171.png": {
        "x": 0,
        "y": 1932,
        "w": 323,
        "h": 317
    },
    "161.png": {
        "x": 754,
        "y": 1617,
        "w": 322,
        "h": 315
    },
    "162.png": {
        "x": 323,
        "y": 1932,
        "w": 322,
        "h": 315
    },
    "163.png": {
        "x": 645,
        "y": 1932,
        "w": 322,
        "h": 315
    },
    "138.png": {
        "x": 1076,
        "y": 1915,
        "w": 243,
        "h": 321
    },
    "172.png": {
        "x": 1319,
        "y": 1915,
        "w": 315,
        "h": 321
    },
    "114.png": {
        "x": 1634,
        "y": 1895,
        "w": 284,
        "h": 321
    },
    "116.png": {
        "x": 2059,
        "y": 0,
        "w": 277,
        "h": 321
    },
    "115.png": {
        "x": 2058,
        "y": 325,
        "w": 278,
        "h": 321
    },
    "111.png": {
        "x": 2058,
        "y": 646,
        "w": 248,
        "h": 320
    },
    "15.png": {
        "x": 2046,
        "y": 975,
        "w": 288,
        "h": 319
    },
    "165.png": {
        "x": 1918,
        "y": 1895,
        "w": 247,
        "h": 319
    },
    "173.png": {
        "x": 1955,
        "y": 1300,
        "w": 317,
        "h": 319
    },
    "110.png": {
        "x": 0,
        "y": 2249,
        "w": 250,
        "h": 319
    },
    "174.png": {
        "x": 250,
        "y": 2249,
        "w": 319,
        "h": 319
    },
    "109.png": {
        "x": 569,
        "y": 2247,
        "w": 267,
        "h": 319
    },
    "118.png": {
        "x": 836,
        "y": 2247,
        "w": 254,
        "h": 318
    },
    "164.png": {
        "x": 1090,
        "y": 2236,
        "w": 248,
        "h": 318
    },
    "117.png": {
        "x": 1338,
        "y": 2236,
        "w": 255,
        "h": 317
    },
    "38.png": {
        "x": 1593,
        "y": 2236,
        "w": 290,
        "h": 317
    },
    "37.png": {
        "x": 1883,
        "y": 2216,
        "w": 290,
        "h": 317
    },
    "147.png": {
        "x": 2336,
        "y": 0,
        "w": 251,
        "h": 317
    },
    "36.png": {
        "x": 2272,
        "y": 1294,
        "w": 291,
        "h": 317
    },
    "35.png": {
        "x": 2272,
        "y": 1611,
        "w": 290,
        "h": 317
    },
    "178.png": {
        "x": 2173,
        "y": 1928,
        "w": 304,
        "h": 316
    },
    "140.png": {
        "x": 2173,
        "y": 2244,
        "w": 282,
        "h": 316
    },
    "148.png": {
        "x": 2306,
        "y": 646,
        "w": 259,
        "h": 316
    },
    "177.png": {
        "x": 0,
        "y": 2568,
        "w": 283,
        "h": 315
    },
    "108.png": {
        "x": 283,
        "y": 2568,
        "w": 284,
        "h": 315
    },
    "167.png": {
        "x": 567,
        "y": 2568,
        "w": 260,
        "h": 313
    },
    "113.png": {
        "x": 827,
        "y": 2566,
        "w": 274,
        "h": 313
    },
    "166.png": {
        "x": 2336,
        "y": 317,
        "w": 249,
        "h": 313
    },
    "112.png": {
        "x": 1101,
        "y": 2560,
        "w": 263,
        "h": 312
    },
    "107.png": {
        "x": 1364,
        "y": 2560,
        "w": 259,
        "h": 311
    },
    "34.png": {
        "x": 1883,
        "y": 2533,
        "w": 282,
        "h": 311
    },
    "31.png": {
        "x": 2165,
        "y": 2560,
        "w": 265,
        "h": 311
    },
    "30.png": {
        "x": 2587,
        "y": 0,
        "w": 265,
        "h": 311
    },
    "28.png": {
        "x": 2587,
        "y": 311,
        "w": 264,
        "h": 311
    },
    "176.png": {
        "x": 1623,
        "y": 2553,
        "w": 258,
        "h": 311
    },
    "106.png": {
        "x": 2585,
        "y": 622,
        "w": 261,
        "h": 311
    },
    "27.png": {
        "x": 2430,
        "y": 2560,
        "w": 270,
        "h": 311
    },
    "68.png": {
        "x": 2455,
        "y": 2244,
        "w": 270,
        "h": 311
    },
    "168.png": {
        "x": 2477,
        "y": 1928,
        "w": 280,
        "h": 311
    },
    "29.png": {
        "x": 2562,
        "y": 1611,
        "w": 265,
        "h": 310
    },
    "175.png": {
        "x": 2334,
        "y": 962,
        "w": 259,
        "h": 310
    },
    "60.png": {
        "x": 2593,
        "y": 933,
        "w": 254,
        "h": 310
    },
    "14.png": {
        "x": 2563,
        "y": 1272,
        "w": 274,
        "h": 310
    },
    "33.png": {
        "x": 2852,
        "y": 0,
        "w": 263,
        "h": 310
    },
    "23.png": {
        "x": 2847,
        "y": 622,
        "w": 267,
        "h": 309
    },
    "25.png": {
        "x": 2847,
        "y": 931,
        "w": 267,
        "h": 309
    },
    "26.png": {
        "x": 2847,
        "y": 1240,
        "w": 267,
        "h": 309
    },
    "149.png": {
        "x": 2837,
        "y": 1549,
        "w": 276,
        "h": 309
    },
    "32.png": {
        "x": 2851,
        "y": 311,
        "w": 261,
        "h": 309
    },
    "61.png": {
        "x": 2700,
        "y": 2555,
        "w": 268,
        "h": 309
    },
    "24.png": {
        "x": 2725,
        "y": 2239,
        "w": 267,
        "h": 309
    },
    "11.png": {
        "x": 2757,
        "y": 1921,
        "w": 265,
        "h": 308
    },
    "13.png": {
        "x": 0,
        "y": 2883,
        "w": 265,
        "h": 308
    },
    "7.png": {
        "x": 265,
        "y": 2883,
        "w": 280,
        "h": 308
    },
    "59.png": {
        "x": 545,
        "y": 2883,
        "w": 256,
        "h": 308
    },
    "12.png": {
        "x": 801,
        "y": 2881,
        "w": 265,
        "h": 308
    },
    "8.png": {
        "x": 1881,
        "y": 2844,
        "w": 281,
        "h": 308
    },
    "22.png": {
        "x": 1066,
        "y": 2879,
        "w": 268,
        "h": 308
    },
    "10.png": {
        "x": 1334,
        "y": 2872,
        "w": 266,
        "h": 307
    },
    "131.png": {
        "x": 1600,
        "y": 2871,
        "w": 270,
        "h": 307
    },
    "58.png": {
        "x": 2162,
        "y": 2871,
        "w": 256,
        "h": 307
    },
    "43.png": {
        "x": 2418,
        "y": 2871,
        "w": 268,
        "h": 307
    },
    "21.png": {
        "x": 2686,
        "y": 2871,
        "w": 269,
        "h": 307
    },
    "5.png": {
        "x": 3115,
        "y": 0,
        "w": 277,
        "h": 307
    },
    "9.png": {
        "x": 3112,
        "y": 310,
        "w": 268,
        "h": 307
    },
    "42.png": {
        "x": 3114,
        "y": 617,
        "w": 268,
        "h": 306
    },
    "39.png": {
        "x": 3114,
        "y": 923,
        "w": 268,
        "h": 306
    },
    "44.png": {
        "x": 3114,
        "y": 1229,
        "w": 268,
        "h": 306
    },
    "145.png": {
        "x": 3114,
        "y": 1535,
        "w": 267,
        "h": 306
    },
    "144.png": {
        "x": 3113,
        "y": 1841,
        "w": 267,
        "h": 306
    },
    "4.png": {
        "x": 2955,
        "y": 2864,
        "w": 276,
        "h": 306
    },
    "143.png": {
        "x": 2968,
        "y": 2548,
        "w": 267,
        "h": 306
    },
    "142.png": {
        "x": 2992,
        "y": 2229,
        "w": 267,
        "h": 306
    },
    "128.png": {
        "x": 0,
        "y": 3191,
        "w": 270,
        "h": 306
    },
    "130.png": {
        "x": 270,
        "y": 3191,
        "w": 270,
        "h": 306
    },
    "51.png": {
        "x": 540,
        "y": 3191,
        "w": 254,
        "h": 306
    },
    "129.png": {
        "x": 794,
        "y": 3191,
        "w": 270,
        "h": 306
    },
    "146.png": {
        "x": 1064,
        "y": 3189,
        "w": 267,
        "h": 306
    },
    "6.png": {
        "x": 1331,
        "y": 3187,
        "w": 277,
        "h": 306
    },
    "132.png": {
        "x": 1608,
        "y": 3178,
        "w": 264,
        "h": 305
    },
    "55.png": {
        "x": 1872,
        "y": 3178,
        "w": 255,
        "h": 305
    },
    "41.png": {
        "x": 2127,
        "y": 3178,
        "w": 268,
        "h": 305
    },
    "40.png": {
        "x": 2395,
        "y": 3178,
        "w": 268,
        "h": 305
    },
    "54.png": {
        "x": 2663,
        "y": 3178,
        "w": 265,
        "h": 304
    },
    "120.png": {
        "x": 2928,
        "y": 3178,
        "w": 249,
        "h": 303
    },
    "3.png": {
        "x": 3392,
        "y": 0,
        "w": 275,
        "h": 303
    },
    "45.png": {
        "x": 3380,
        "y": 307,
        "w": 248,
        "h": 303
    },
    "122.png": {
        "x": 3177,
        "y": 3170,
        "w": 255,
        "h": 303
    },
    "121.png": {
        "x": 3231,
        "y": 2854,
        "w": 249,
        "h": 303
    },
    "119.png": {
        "x": 3235,
        "y": 2535,
        "w": 255,
        "h": 303
    },
    "46.png": {
        "x": 3382,
        "y": 610,
        "w": 256,
        "h": 302
    },
    "85.png": {
        "x": 3382,
        "y": 912,
        "w": 248,
        "h": 302
    },
    "90.png": {
        "x": 3382,
        "y": 1214,
        "w": 249,
        "h": 302
    },
    "87.png": {
        "x": 3382,
        "y": 1516,
        "w": 248,
        "h": 302
    },
    "88.png": {
        "x": 3381,
        "y": 1818,
        "w": 248,
        "h": 302
    },
    "86.png": {
        "x": 3380,
        "y": 2120,
        "w": 248,
        "h": 302
    },
    "89.png": {
        "x": 0,
        "y": 3497,
        "w": 249,
        "h": 302
    },
    "92.png": {
        "x": 249,
        "y": 3497,
        "w": 249,
        "h": 302
    },
    "123.png": {
        "x": 498,
        "y": 3497,
        "w": 252,
        "h": 302
    },
    "93.png": {
        "x": 750,
        "y": 3497,
        "w": 249,
        "h": 302
    },
    "91.png": {
        "x": 999,
        "y": 3497,
        "w": 249,
        "h": 302
    },
    "137.png": {
        "x": 1248,
        "y": 3495,
        "w": 238,
        "h": 301
    },
    "96.png": {
        "x": 1486,
        "y": 3493,
        "w": 249,
        "h": 301
    },
    "95.png": {
        "x": 1735,
        "y": 3483,
        "w": 249,
        "h": 301
    },
    "94.png": {
        "x": 1984,
        "y": 3483,
        "w": 249,
        "h": 301
    },
    "56.png": {
        "x": 2233,
        "y": 3483,
        "w": 265,
        "h": 301
    },
    "57.png": {
        "x": 2498,
        "y": 3483,
        "w": 265,
        "h": 301
    },
    "0.png": {
        "x": 2763,
        "y": 3482,
        "w": 256,
        "h": 301
    },
    "97.png": {
        "x": 3019,
        "y": 3481,
        "w": 249,
        "h": 301
    },
    "1.png": {
        "x": 3268,
        "y": 3473,
        "w": 258,
        "h": 301
    },
    "133.png": {
        "x": 3667,
        "y": 0,
        "w": 239,
        "h": 301
    },
    "134.png": {
        "x": 3630,
        "y": 912,
        "w": 238,
        "h": 301
    },
    "135.png": {
        "x": 3667,
        "y": 301,
        "w": 238,
        "h": 301
    },
    "75.png": {
        "x": 3638,
        "y": 602,
        "w": 256,
        "h": 301
    },
    "76.png": {
        "x": 3432,
        "y": 3157,
        "w": 258,
        "h": 301
    },
    "136.png": {
        "x": 3480,
        "y": 2838,
        "w": 238,
        "h": 301
    },
    "77.png": {
        "x": 3631,
        "y": 1213,
        "w": 266,
        "h": 300
    },
    "2.png": {
        "x": 3631,
        "y": 1513,
        "w": 266,
        "h": 300
    },
    "98.png": {
        "x": 3630,
        "y": 1813,
        "w": 248,
        "h": 299
    },
    "53.png": {
        "x": 3629,
        "y": 2112,
        "w": 267,
        "h": 299
    },
    "100.png": {
        "x": 3628,
        "y": 2411,
        "w": 252,
        "h": 298
    },
    "105.png": {
        "x": 3526,
        "y": 3458,
        "w": 252,
        "h": 297
    },
    "99.png": {
        "x": 0,
        "y": 3799,
        "w": 253,
        "h": 297
    },
    "101.png": {
        "x": 253,
        "y": 3799,
        "w": 249,
        "h": 297
    },
    "102.png": {
        "x": 502,
        "y": 3799,
        "w": 251,
        "h": 296
    },
    "104.png": {
        "x": 753,
        "y": 3799,
        "w": 255,
        "h": 296
    },
    "66.png": {
        "x": 1008,
        "y": 3799,
        "w": 263,
        "h": 295
    },
    "103.png": {
        "x": 1271,
        "y": 3796,
        "w": 256,
        "h": 295
    },
    "62.png": {
        "x": 1527,
        "y": 3794,
        "w": 262,
        "h": 295
    },
    "67.png": {
        "x": 1789,
        "y": 3784,
        "w": 263,
        "h": 294
    },
    "70.png": {
        "x": 2052,
        "y": 3784,
        "w": 265,
        "h": 294
    },
    "52.png": {
        "x": 2317,
        "y": 3784,
        "w": 269,
        "h": 294
    },
    "65.png": {
        "x": 2586,
        "y": 3784,
        "w": 265,
        "h": 294
    },
    "74.png": {
        "x": 2851,
        "y": 3783,
        "w": 271,
        "h": 293
    },
    "71.png": {
        "x": 3122,
        "y": 3782,
        "w": 270,
        "h": 292
    },
    "73.png": {
        "x": 3392,
        "y": 3774,
        "w": 272,
        "h": 292
    },
    "69.png": {
        "x": 3906,
        "y": 0,
        "w": 263,
        "h": 291
    },
    "72.png": {
        "x": 3897,
        "y": 602,
        "w": 272,
        "h": 291
    },
    "63.png": {
        "x": 3897,
        "y": 893,
        "w": 268,
        "h": 286
    },
    "64.png": {
        "x": 3897,
        "y": 1179,
        "w": 268,
        "h": 284
    }
}