{
    "71.png": {
        "x": 0,
        "y": 0,
        "w": 501,
        "h": 1
    },
    "122.png": {
        "x": 0,
        "y": 1,
        "w": 501,
        "h": 1
    },
    "59.png": {
        "x": 0,
        "y": 2,
        "w": 501,
        "h": 1
    },
    "80.png": {
        "x": 0,
        "y": 3,
        "w": 501,
        "h": 1
    },
    "8.png": {
        "x": 0,
        "y": 4,
        "w": 501,
        "h": 1
    },
    "79.png": {
        "x": 0,
        "y": 5,
        "w": 501,
        "h": 1
    },
    "78.png": {
        "x": 0,
        "y": 6,
        "w": 501,
        "h": 1
    },
    "74.png": {
        "x": 0,
        "y": 7,
        "w": 501,
        "h": 1
    },
    "108.png": {
        "x": 0,
        "y": 8,
        "w": 501,
        "h": 1
    },
    "73.png": {
        "x": 0,
        "y": 9,
        "w": 501,
        "h": 1
    },
    "72.png": {
        "x": 0,
        "y": 10,
        "w": 501,
        "h": 1
    },
    "15.png": {
        "x": 0,
        "y": 11,
        "w": 501,
        "h": 1
    },
    "14.png": {
        "x": 0,
        "y": 12,
        "w": 501,
        "h": 1
    },
    "116.png": {
        "x": 0,
        "y": 13,
        "w": 501,
        "h": 1
    },
    "60.png": {
        "x": 0,
        "y": 14,
        "w": 501,
        "h": 1
    },
    "171.png": {
        "x": 0,
        "y": 15,
        "w": 501,
        "h": 1
    },
    "177.png": {
        "x": 0,
        "y": 16,
        "w": 501,
        "h": 1
    },
    "159.png": {
        "x": 0,
        "y": 17,
        "w": 441,
        "h": 311
    },
    "17.png": {
        "x": 0,
        "y": 328,
        "w": 433,
        "h": 269
    },
    "18.png": {
        "x": 501,
        "y": 0,
        "w": 407,
        "h": 233
    },
    "19.png": {
        "x": 433,
        "y": 328,
        "w": 400,
        "h": 237
    },
    "124.png": {
        "x": 0,
        "y": 597,
        "w": 390,
        "h": 347
    },
    "125.png": {
        "x": 390,
        "y": 597,
        "w": 389,
        "h": 346
    },
    "126.png": {
        "x": 908,
        "y": 0,
        "w": 379,
        "h": 348
    },
    "127.png": {
        "x": 779,
        "y": 565,
        "w": 379,
        "h": 346
    },
    "158.png": {
        "x": 0,
        "y": 944,
        "w": 378,
        "h": 312
    },
    "20.png": {
        "x": 378,
        "y": 944,
        "w": 374,
        "h": 236
    },
    "114.png": {
        "x": 779,
        "y": 911,
        "w": 365,
        "h": 317
    },
    "47.png": {
        "x": 0,
        "y": 1256,
        "w": 218,
        "h": 362
    },
    "150.png": {
        "x": 378,
        "y": 1180,
        "w": 362,
        "h": 251
    },
    "170.png": {
        "x": 740,
        "y": 1228,
        "w": 356,
        "h": 272
    },
    "115.png": {
        "x": 1287,
        "y": 0,
        "w": 350,
        "h": 321
    },
    "50.png": {
        "x": 1096,
        "y": 1228,
        "w": 222,
        "h": 350
    },
    "48.png": {
        "x": 1318,
        "y": 321,
        "w": 227,
        "h": 349
    },
    "49.png": {
        "x": 1318,
        "y": 670,
        "w": 219,
        "h": 349
    },
    "4.png": {
        "x": 0,
        "y": 1618,
        "w": 345,
        "h": 330
    },
    "83.png": {
        "x": 345,
        "y": 1431,
        "w": 343,
        "h": 300
    },
    "81.png": {
        "x": 688,
        "y": 1578,
        "w": 342,
        "h": 324
    },
    "16.png": {
        "x": 1030,
        "y": 1578,
        "w": 342,
        "h": 274
    },
    "151.png": {
        "x": 1637,
        "y": 0,
        "w": 330,
        "h": 340
    },
    "82.png": {
        "x": 1545,
        "y": 340,
        "w": 340,
        "h": 300
    },
    "172.png": {
        "x": 1545,
        "y": 640,
        "w": 263,
        "h": 339
    },
    "174.png": {
        "x": 1537,
        "y": 979,
        "w": 267,
        "h": 337
    },
    "173.png": {
        "x": 1372,
        "y": 1316,
        "w": 264,
        "h": 337
    },
    "153.png": {
        "x": 1636,
        "y": 1316,
        "w": 329,
        "h": 334
    },
    "152.png": {
        "x": 0,
        "y": 1948,
        "w": 329,
        "h": 333
    },
    "157.png": {
        "x": 1636,
        "y": 1650,
        "w": 327,
        "h": 298
    },
    "166.png": {
        "x": 329,
        "y": 1948,
        "w": 211,
        "h": 326
    },
    "69.png": {
        "x": 540,
        "y": 1948,
        "w": 227,
        "h": 326
    },
    "178.png": {
        "x": 767,
        "y": 1948,
        "w": 288,
        "h": 326
    },
    "118.png": {
        "x": 1055,
        "y": 1948,
        "w": 241,
        "h": 320
    },
    "147.png": {
        "x": 1296,
        "y": 1948,
        "w": 205,
        "h": 316
    },
    "154.png": {
        "x": 1501,
        "y": 1948,
        "w": 316,
        "h": 287
    },
    "5.png": {
        "x": 1967,
        "y": 0,
        "w": 270,
        "h": 314
    },
    "148.png": {
        "x": 1817,
        "y": 1948,
        "w": 211,
        "h": 314
    },
    "70.png": {
        "x": 1804,
        "y": 979,
        "w": 219,
        "h": 311
    },
    "155.png": {
        "x": 1885,
        "y": 340,
        "w": 310,
        "h": 289
    },
    "156.png": {
        "x": 1885,
        "y": 629,
        "w": 309,
        "h": 290
    },
    "75.png": {
        "x": 2028,
        "y": 919,
        "w": 208,
        "h": 307
    },
    "35.png": {
        "x": 2237,
        "y": 0,
        "w": 307,
        "h": 279
    },
    "0.png": {
        "x": 2237,
        "y": 279,
        "w": 208,
        "h": 307
    },
    "117.png": {
        "x": 2195,
        "y": 586,
        "w": 239,
        "h": 307
    },
    "1.png": {
        "x": 2236,
        "y": 893,
        "w": 207,
        "h": 306
    },
    "76.png": {
        "x": 2236,
        "y": 1199,
        "w": 207,
        "h": 306
    },
    "141.png": {
        "x": 1965,
        "y": 1290,
        "w": 225,
        "h": 305
    },
    "36.png": {
        "x": 1963,
        "y": 1650,
        "w": 305,
        "h": 279
    },
    "38.png": {
        "x": 2028,
        "y": 1929,
        "w": 304,
        "h": 280
    },
    "37.png": {
        "x": 0,
        "y": 2281,
        "w": 304,
        "h": 279
    },
    "139.png": {
        "x": 1501,
        "y": 2235,
        "w": 225,
        "h": 304
    },
    "113.png": {
        "x": 2028,
        "y": 2209,
        "w": 220,
        "h": 300
    },
    "84.png": {
        "x": 1055,
        "y": 2268,
        "w": 196,
        "h": 292
    },
    "7.png": {
        "x": 2248,
        "y": 2209,
        "w": 292,
        "h": 281
    },
    "140.png": {
        "x": 1372,
        "y": 1653,
        "w": 259,
        "h": 290
    },
    "6.png": {
        "x": 2268,
        "y": 1505,
        "w": 267,
        "h": 289
    },
    "26.png": {
        "x": 1726,
        "y": 2262,
        "w": 265,
        "h": 288
    },
    "25.png": {
        "x": 2544,
        "y": 0,
        "w": 263,
        "h": 288
    },
    "23.png": {
        "x": 2540,
        "y": 288,
        "w": 262,
        "h": 288
    },
    "2.png": {
        "x": 1251,
        "y": 2268,
        "w": 221,
        "h": 288
    },
    "77.png": {
        "x": 2434,
        "y": 586,
        "w": 221,
        "h": 288
    },
    "24.png": {
        "x": 2540,
        "y": 874,
        "w": 263,
        "h": 288
    },
    "22.png": {
        "x": 2540,
        "y": 1162,
        "w": 267,
        "h": 287
    },
    "149.png": {
        "x": 329,
        "y": 2274,
        "w": 232,
        "h": 286
    },
    "21.png": {
        "x": 561,
        "y": 2274,
        "w": 266,
        "h": 286
    },
    "138.png": {
        "x": 827,
        "y": 2274,
        "w": 188,
        "h": 285
    },
    "40.png": {
        "x": 1318,
        "y": 1019,
        "w": 211,
        "h": 284
    },
    "44.png": {
        "x": 2540,
        "y": 1449,
        "w": 211,
        "h": 284
    },
    "90.png": {
        "x": 2540,
        "y": 1733,
        "w": 211,
        "h": 282
    },
    "3.png": {
        "x": 0,
        "y": 2560,
        "w": 282,
        "h": 280
    },
    "109.png": {
        "x": 827,
        "y": 2559,
        "w": 225,
        "h": 281
    },
    "86.png": {
        "x": 2332,
        "y": 1794,
        "w": 208,
        "h": 281
    },
    "42.png": {
        "x": 282,
        "y": 2560,
        "w": 211,
        "h": 280
    },
    "103.png": {
        "x": 1052,
        "y": 2560,
        "w": 224,
        "h": 280
    },
    "143.png": {
        "x": 493,
        "y": 2560,
        "w": 212,
        "h": 280
    },
    "137.png": {
        "x": 1276,
        "y": 2556,
        "w": 201,
        "h": 280
    },
    "95.png": {
        "x": 1477,
        "y": 2550,
        "w": 212,
        "h": 279
    },
    "43.png": {
        "x": 1689,
        "y": 2550,
        "w": 211,
        "h": 279
    },
    "99.png": {
        "x": 1900,
        "y": 2550,
        "w": 218,
        "h": 279
    },
    "41.png": {
        "x": 2118,
        "y": 2509,
        "w": 211,
        "h": 279
    },
    "169.png": {
        "x": 2329,
        "y": 2490,
        "w": 279,
        "h": 238
    },
    "129.png": {
        "x": 2540,
        "y": 2015,
        "w": 213,
        "h": 279
    },
    "46.png": {
        "x": 2807,
        "y": 0,
        "w": 203,
        "h": 278
    },
    "68.png": {
        "x": 2655,
        "y": 576,
        "w": 209,
        "h": 278
    },
    "61.png": {
        "x": 2753,
        "y": 1449,
        "w": 211,
        "h": 278
    },
    "133.png": {
        "x": 2807,
        "y": 278,
        "w": 200,
        "h": 278
    },
    "160.png": {
        "x": 2608,
        "y": 2294,
        "w": 277,
        "h": 253
    },
    "39.png": {
        "x": 2751,
        "y": 1727,
        "w": 211,
        "h": 277
    },
    "89.png": {
        "x": 2753,
        "y": 2004,
        "w": 210,
        "h": 276
    },
    "93.png": {
        "x": 2608,
        "y": 2547,
        "w": 211,
        "h": 276
    },
    "92.png": {
        "x": 0,
        "y": 2840,
        "w": 211,
        "h": 276
    },
    "91.png": {
        "x": 211,
        "y": 2840,
        "w": 211,
        "h": 276
    },
    "105.png": {
        "x": 422,
        "y": 2840,
        "w": 224,
        "h": 276
    },
    "101.png": {
        "x": 646,
        "y": 2840,
        "w": 217,
        "h": 275
    },
    "102.png": {
        "x": 863,
        "y": 2840,
        "w": 221,
        "h": 275
    },
    "85.png": {
        "x": 1084,
        "y": 2840,
        "w": 209,
        "h": 275
    },
    "100.png": {
        "x": 1293,
        "y": 2836,
        "w": 216,
        "h": 275
    },
    "88.png": {
        "x": 1509,
        "y": 2829,
        "w": 208,
        "h": 275
    },
    "87.png": {
        "x": 1717,
        "y": 2829,
        "w": 208,
        "h": 275
    },
    "145.png": {
        "x": 1925,
        "y": 2829,
        "w": 212,
        "h": 275
    },
    "146.png": {
        "x": 2137,
        "y": 2823,
        "w": 212,
        "h": 275
    },
    "104.png": {
        "x": 2349,
        "y": 2823,
        "w": 226,
        "h": 275
    },
    "161.png": {
        "x": 2575,
        "y": 2823,
        "w": 274,
        "h": 254
    },
    "98.png": {
        "x": 3010,
        "y": 0,
        "w": 220,
        "h": 274
    },
    "162.png": {
        "x": 2819,
        "y": 2547,
        "w": 274,
        "h": 256
    },
    "144.png": {
        "x": 2962,
        "y": 1727,
        "w": 212,
        "h": 274
    },
    "97.png": {
        "x": 3010,
        "y": 274,
        "w": 212,
        "h": 274
    },
    "94.png": {
        "x": 3007,
        "y": 548,
        "w": 212,
        "h": 274
    },
    "45.png": {
        "x": 2803,
        "y": 854,
        "w": 193,
        "h": 274
    },
    "142.png": {
        "x": 2996,
        "y": 822,
        "w": 212,
        "h": 274
    },
    "96.png": {
        "x": 2996,
        "y": 1096,
        "w": 212,
        "h": 273
    },
    "128.png": {
        "x": 2849,
        "y": 2803,
        "w": 213,
        "h": 273
    },
    "131.png": {
        "x": 2964,
        "y": 1369,
        "w": 212,
        "h": 273
    },
    "167.png": {
        "x": 2963,
        "y": 2001,
        "w": 204,
        "h": 273
    },
    "134.png": {
        "x": 2963,
        "y": 2274,
        "w": 202,
        "h": 273
    },
    "135.png": {
        "x": 0,
        "y": 3116,
        "w": 202,
        "h": 273
    },
    "136.png": {
        "x": 202,
        "y": 3116,
        "w": 202,
        "h": 273
    },
    "130.png": {
        "x": 404,
        "y": 3116,
        "w": 213,
        "h": 273
    },
    "132.png": {
        "x": 617,
        "y": 3116,
        "w": 207,
        "h": 272
    },
    "106.png": {
        "x": 824,
        "y": 3115,
        "w": 272,
        "h": 262
    },
    "27.png": {
        "x": 1096,
        "y": 3115,
        "w": 266,
        "h": 272
    },
    "164.png": {
        "x": 1362,
        "y": 3111,
        "w": 196,
        "h": 272
    },
    "163.png": {
        "x": 1558,
        "y": 3104,
        "w": 271,
        "h": 256
    },
    "165.png": {
        "x": 1829,
        "y": 3104,
        "w": 200,
        "h": 271
    },
    "51.png": {
        "x": 2029,
        "y": 3104,
        "w": 233,
        "h": 268
    },
    "58.png": {
        "x": 2262,
        "y": 3098,
        "w": 241,
        "h": 268
    },
    "54.png": {
        "x": 2503,
        "y": 3098,
        "w": 241,
        "h": 268
    },
    "55.png": {
        "x": 2744,
        "y": 3077,
        "w": 232,
        "h": 267
    },
    "53.png": {
        "x": 2976,
        "y": 3076,
        "w": 239,
        "h": 266
    },
    "57.png": {
        "x": 3230,
        "y": 0,
        "w": 239,
        "h": 265
    },
    "52.png": {
        "x": 3230,
        "y": 265,
        "w": 233,
        "h": 265
    },
    "56.png": {
        "x": 3062,
        "y": 2803,
        "w": 234,
        "h": 264
    },
    "176.png": {
        "x": 3176,
        "y": 1369,
        "w": 264,
        "h": 260
    },
    "112.png": {
        "x": 3222,
        "y": 530,
        "w": 231,
        "h": 263
    },
    "62.png": {
        "x": 3219,
        "y": 793,
        "w": 213,
        "h": 262
    },
    "175.png": {
        "x": 3176,
        "y": 1629,
        "w": 262,
        "h": 259
    },
    "168.png": {
        "x": 3215,
        "y": 3067,
        "w": 224,
        "h": 262
    },
    "111.png": {
        "x": 3208,
        "y": 1055,
        "w": 210,
        "h": 261
    },
    "107.png": {
        "x": 3174,
        "y": 1888,
        "w": 259,
        "h": 258
    },
    "110.png": {
        "x": 3167,
        "y": 2146,
        "w": 210,
        "h": 259
    },
    "28.png": {
        "x": 3093,
        "y": 2547,
        "w": 217,
        "h": 255
    },
    "29.png": {
        "x": 0,
        "y": 3389,
        "w": 217,
        "h": 255
    },
    "9.png": {
        "x": 217,
        "y": 3389,
        "w": 216,
        "h": 255
    },
    "30.png": {
        "x": 433,
        "y": 3389,
        "w": 219,
        "h": 255
    },
    "31.png": {
        "x": 652,
        "y": 3388,
        "w": 220,
        "h": 255
    },
    "63.png": {
        "x": 872,
        "y": 3387,
        "w": 205,
        "h": 254
    },
    "34.png": {
        "x": 1077,
        "y": 3387,
        "w": 242,
        "h": 253
    },
    "66.png": {
        "x": 1319,
        "y": 3387,
        "w": 205,
        "h": 252
    },
    "64.png": {
        "x": 1524,
        "y": 3383,
        "w": 206,
        "h": 250
    },
    "120.png": {
        "x": 1730,
        "y": 3375,
        "w": 186,
        "h": 247
    },
    "65.png": {
        "x": 1916,
        "y": 3375,
        "w": 206,
        "h": 245
    },
    "10.png": {
        "x": 2122,
        "y": 3372,
        "w": 219,
        "h": 245
    },
    "12.png": {
        "x": 2341,
        "y": 3366,
        "w": 216,
        "h": 245
    },
    "11.png": {
        "x": 2557,
        "y": 3366,
        "w": 215,
        "h": 245
    },
    "67.png": {
        "x": 3215,
        "y": 3329,
        "w": 205,
        "h": 245
    },
    "13.png": {
        "x": 2976,
        "y": 3342,
        "w": 216,
        "h": 245
    },
    "121.png": {
        "x": 2772,
        "y": 3344,
        "w": 183,
        "h": 244
    },
    "33.png": {
        "x": 3469,
        "y": 0,
        "w": 219,
        "h": 244
    },
    "32.png": {
        "x": 3469,
        "y": 244,
        "w": 214,
        "h": 243
    },
    "119.png": {
        "x": 3463,
        "y": 487,
        "w": 206,
        "h": 236
    },
    "123.png": {
        "x": 3453,
        "y": 723,
        "w": 211,
        "h": 232
    }
}