{
    "158.png": {
        "x": 0,
        "y": 0,
        "w": 372,
        "h": 305
    },
    "156.png": {
        "x": 0,
        "y": 305,
        "w": 368,
        "h": 307
    },
    "155.png": {
        "x": 372,
        "y": 0,
        "w": 367,
        "h": 308
    },
    "159.png": {
        "x": 368,
        "y": 308,
        "w": 366,
        "h": 298
    },
    "78.png": {
        "x": 0,
        "y": 612,
        "w": 366,
        "h": 319
    },
    "157.png": {
        "x": 368,
        "y": 606,
        "w": 365,
        "h": 306
    },
    "170.png": {
        "x": 739,
        "y": 0,
        "w": 365,
        "h": 283
    },
    "154.png": {
        "x": 739,
        "y": 283,
        "w": 365,
        "h": 310
    },
    "80.png": {
        "x": 734,
        "y": 593,
        "w": 362,
        "h": 302
    },
    "79.png": {
        "x": 0,
        "y": 931,
        "w": 362,
        "h": 301
    },
    "81.png": {
        "x": 362,
        "y": 931,
        "w": 361,
        "h": 301
    },
    "82.png": {
        "x": 733,
        "y": 895,
        "w": 361,
        "h": 301
    },
    "83.png": {
        "x": 1104,
        "y": 0,
        "w": 361,
        "h": 301
    },
    "150.png": {
        "x": 1104,
        "y": 301,
        "w": 355,
        "h": 279
    },
    "47.png": {
        "x": 1104,
        "y": 580,
        "w": 226,
        "h": 352
    },
    "151.png": {
        "x": 0,
        "y": 1232,
        "w": 351,
        "h": 338
    },
    "50.png": {
        "x": 723,
        "y": 1196,
        "w": 234,
        "h": 349
    },
    "49.png": {
        "x": 957,
        "y": 1196,
        "w": 234,
        "h": 349
    },
    "16.png": {
        "x": 351,
        "y": 1232,
        "w": 348,
        "h": 291
    },
    "152.png": {
        "x": 1465,
        "y": 0,
        "w": 347,
        "h": 338
    },
    "48.png": {
        "x": 1459,
        "y": 338,
        "w": 230,
        "h": 346
    },
    "153.png": {
        "x": 1330,
        "y": 684,
        "w": 345,
        "h": 337
    },
    "125.png": {
        "x": 1191,
        "y": 1021,
        "w": 302,
        "h": 344
    },
    "126.png": {
        "x": 1493,
        "y": 1021,
        "w": 302,
        "h": 344
    },
    "127.png": {
        "x": 0,
        "y": 1570,
        "w": 302,
        "h": 344
    },
    "124.png": {
        "x": 302,
        "y": 1570,
        "w": 302,
        "h": 342
    },
    "17.png": {
        "x": 604,
        "y": 1545,
        "w": 340,
        "h": 275
    },
    "20.png": {
        "x": 944,
        "y": 1545,
        "w": 338,
        "h": 276
    },
    "18.png": {
        "x": 1282,
        "y": 1365,
        "w": 338,
        "h": 276
    },
    "19.png": {
        "x": 1812,
        "y": 0,
        "w": 338,
        "h": 276
    },
    "160.png": {
        "x": 1812,
        "y": 276,
        "w": 335,
        "h": 289
    },
    "141.png": {
        "x": 1675,
        "y": 684,
        "w": 291,
        "h": 334
    },
    "139.png": {
        "x": 1795,
        "y": 1018,
        "w": 291,
        "h": 334
    },
    "161.png": {
        "x": 1795,
        "y": 1352,
        "w": 331,
        "h": 286
    },
    "163.png": {
        "x": 0,
        "y": 1914,
        "w": 330,
        "h": 285
    },
    "84.png": {
        "x": 604,
        "y": 1821,
        "w": 256,
        "h": 330
    },
    "178.png": {
        "x": 860,
        "y": 1821,
        "w": 307,
        "h": 329
    },
    "162.png": {
        "x": 1167,
        "y": 1821,
        "w": 329,
        "h": 285
    },
    "169.png": {
        "x": 1620,
        "y": 1638,
        "w": 326,
        "h": 278
    },
    "35.png": {
        "x": 2150,
        "y": 0,
        "w": 325,
        "h": 293
    },
    "36.png": {
        "x": 2147,
        "y": 293,
        "w": 323,
        "h": 293
    },
    "37.png": {
        "x": 2126,
        "y": 586,
        "w": 322,
        "h": 293
    },
    "38.png": {
        "x": 2126,
        "y": 879,
        "w": 322,
        "h": 293
    },
    "172.png": {
        "x": 2126,
        "y": 1172,
        "w": 291,
        "h": 317
    },
    "177.png": {
        "x": 2126,
        "y": 1489,
        "w": 278,
        "h": 317
    },
    "174.png": {
        "x": 1946,
        "y": 1806,
        "w": 293,
        "h": 315
    },
    "173.png": {
        "x": 0,
        "y": 2199,
        "w": 292,
        "h": 315
    },
    "171.png": {
        "x": 292,
        "y": 2199,
        "w": 308,
        "h": 295
    },
    "114.png": {
        "x": 600,
        "y": 2151,
        "w": 284,
        "h": 305
    },
    "109.png": {
        "x": 884,
        "y": 2150,
        "w": 272,
        "h": 302
    },
    "140.png": {
        "x": 1156,
        "y": 2150,
        "w": 301,
        "h": 300
    },
    "110.png": {
        "x": 2239,
        "y": 1806,
        "w": 234,
        "h": 298
    },
    "115.png": {
        "x": 1457,
        "y": 2121,
        "w": 271,
        "h": 297
    },
    "116.png": {
        "x": 1728,
        "y": 2121,
        "w": 270,
        "h": 297
    },
    "138.png": {
        "x": 1998,
        "y": 2121,
        "w": 248,
        "h": 296
    },
    "111.png": {
        "x": 2475,
        "y": 0,
        "w": 232,
        "h": 296
    },
    "8.png": {
        "x": 2404,
        "y": 1489,
        "w": 296,
        "h": 282
    },
    "164.png": {
        "x": 2473,
        "y": 1771,
        "w": 234,
        "h": 295
    },
    "72.png": {
        "x": 2417,
        "y": 1172,
        "w": 260,
        "h": 295
    },
    "73.png": {
        "x": 2246,
        "y": 2104,
        "w": 260,
        "h": 295
    },
    "165.png": {
        "x": 2470,
        "y": 296,
        "w": 232,
        "h": 295
    },
    "15.png": {
        "x": 0,
        "y": 2514,
        "w": 286,
        "h": 295
    },
    "74.png": {
        "x": 286,
        "y": 2514,
        "w": 260,
        "h": 295
    },
    "3.png": {
        "x": 546,
        "y": 2494,
        "w": 294,
        "h": 278
    },
    "147.png": {
        "x": 2448,
        "y": 591,
        "w": 240,
        "h": 293
    },
    "166.png": {
        "x": 840,
        "y": 2456,
        "w": 231,
        "h": 292
    },
    "131.png": {
        "x": 1071,
        "y": 2452,
        "w": 278,
        "h": 291
    },
    "71.png": {
        "x": 1349,
        "y": 2450,
        "w": 263,
        "h": 290
    },
    "148.png": {
        "x": 1612,
        "y": 2418,
        "w": 245,
        "h": 289
    },
    "93.png": {
        "x": 1857,
        "y": 2418,
        "w": 288,
        "h": 284
    },
    "90.png": {
        "x": 2145,
        "y": 2417,
        "w": 288,
        "h": 284
    },
    "91.png": {
        "x": 2707,
        "y": 0,
        "w": 288,
        "h": 284
    },
    "92.png": {
        "x": 2707,
        "y": 284,
        "w": 288,
        "h": 284
    },
    "112.png": {
        "x": 2448,
        "y": 884,
        "w": 243,
        "h": 288
    },
    "46.png": {
        "x": 330,
        "y": 1912,
        "w": 264,
        "h": 287
    },
    "42.png": {
        "x": 2688,
        "y": 591,
        "w": 268,
        "h": 287
    },
    "68.png": {
        "x": 2707,
        "y": 878,
        "w": 271,
        "h": 287
    },
    "61.png": {
        "x": 2707,
        "y": 1165,
        "w": 270,
        "h": 287
    },
    "176.png": {
        "x": 2700,
        "y": 1452,
        "w": 245,
        "h": 287
    },
    "130.png": {
        "x": 2707,
        "y": 1739,
        "w": 278,
        "h": 287
    },
    "145.png": {
        "x": 2707,
        "y": 2026,
        "w": 272,
        "h": 287
    },
    "128.png": {
        "x": 2433,
        "y": 2399,
        "w": 279,
        "h": 287
    },
    "144.png": {
        "x": 2712,
        "y": 2313,
        "w": 273,
        "h": 287
    },
    "108.png": {
        "x": 0,
        "y": 2809,
        "w": 282,
        "h": 287
    },
    "57.png": {
        "x": 282,
        "y": 2809,
        "w": 286,
        "h": 271
    },
    "146.png": {
        "x": 2712,
        "y": 2600,
        "w": 273,
        "h": 286
    },
    "28.png": {
        "x": 2433,
        "y": 2686,
        "w": 249,
        "h": 286
    },
    "175.png": {
        "x": 568,
        "y": 2772,
        "w": 245,
        "h": 286
    },
    "132.png": {
        "x": 2145,
        "y": 2701,
        "w": 275,
        "h": 286
    },
    "56.png": {
        "x": 1857,
        "y": 2702,
        "w": 286,
        "h": 270
    },
    "113.png": {
        "x": 813,
        "y": 2772,
        "w": 274,
        "h": 286
    },
    "142.png": {
        "x": 1087,
        "y": 2743,
        "w": 273,
        "h": 286
    },
    "143.png": {
        "x": 1360,
        "y": 2740,
        "w": 274,
        "h": 286
    },
    "118.png": {
        "x": 2995,
        "y": 0,
        "w": 255,
        "h": 286
    },
    "43.png": {
        "x": 2945,
        "y": 1452,
        "w": 268,
        "h": 286
    },
    "41.png": {
        "x": 2979,
        "y": 2026,
        "w": 268,
        "h": 286
    },
    "129.png": {
        "x": 2956,
        "y": 568,
        "w": 279,
        "h": 286
    },
    "117.png": {
        "x": 2977,
        "y": 1165,
        "w": 258,
        "h": 285
    },
    "7.png": {
        "x": 0,
        "y": 3096,
        "w": 285,
        "h": 281
    },
    "29.png": {
        "x": 2985,
        "y": 1738,
        "w": 250,
        "h": 285
    },
    "44.png": {
        "x": 2978,
        "y": 854,
        "w": 268,
        "h": 285
    },
    "30.png": {
        "x": 285,
        "y": 3080,
        "w": 250,
        "h": 285
    },
    "31.png": {
        "x": 535,
        "y": 3080,
        "w": 250,
        "h": 285
    },
    "40.png": {
        "x": 785,
        "y": 3058,
        "w": 268,
        "h": 285
    },
    "167.png": {
        "x": 2985,
        "y": 2312,
        "w": 251,
        "h": 285
    },
    "60.png": {
        "x": 2985,
        "y": 2597,
        "w": 259,
        "h": 285
    },
    "39.png": {
        "x": 1053,
        "y": 3058,
        "w": 268,
        "h": 284
    },
    "89.png": {
        "x": 2985,
        "y": 2882,
        "w": 261,
        "h": 284
    },
    "107.png": {
        "x": 2682,
        "y": 2886,
        "w": 244,
        "h": 284
    },
    "86.png": {
        "x": 2420,
        "y": 2972,
        "w": 244,
        "h": 283
    },
    "27.png": {
        "x": 1321,
        "y": 3029,
        "w": 273,
        "h": 283
    },
    "105.png": {
        "x": 1594,
        "y": 3026,
        "w": 248,
        "h": 283
    },
    "85.png": {
        "x": 1842,
        "y": 2972,
        "w": 245,
        "h": 283
    },
    "14.png": {
        "x": 2087,
        "y": 2987,
        "w": 261,
        "h": 283
    },
    "87.png": {
        "x": 3250,
        "y": 0,
        "w": 244,
        "h": 283
    },
    "88.png": {
        "x": 3250,
        "y": 283,
        "w": 244,
        "h": 283
    },
    "58.png": {
        "x": 0,
        "y": 3377,
        "w": 282,
        "h": 275
    },
    "45.png": {
        "x": 2995,
        "y": 286,
        "w": 253,
        "h": 282
    },
    "100.png": {
        "x": 285,
        "y": 3365,
        "w": 260,
        "h": 282
    },
    "34.png": {
        "x": 545,
        "y": 3365,
        "w": 275,
        "h": 282
    },
    "101.png": {
        "x": 3236,
        "y": 2312,
        "w": 257,
        "h": 282
    },
    "102.png": {
        "x": 3244,
        "y": 2594,
        "w": 250,
        "h": 282
    },
    "104.png": {
        "x": 3246,
        "y": 568,
        "w": 248,
        "h": 282
    },
    "137.png": {
        "x": 1842,
        "y": 3255,
        "w": 242,
        "h": 282
    },
    "136.png": {
        "x": 3247,
        "y": 850,
        "w": 242,
        "h": 282
    },
    "135.png": {
        "x": 3247,
        "y": 1132,
        "w": 242,
        "h": 282
    },
    "59.png": {
        "x": 3213,
        "y": 1450,
        "w": 261,
        "h": 282
    },
    "134.png": {
        "x": 3247,
        "y": 1732,
        "w": 242,
        "h": 282
    },
    "25.png": {
        "x": 820,
        "y": 3343,
        "w": 264,
        "h": 281
    },
    "133.png": {
        "x": 3247,
        "y": 2014,
        "w": 244,
        "h": 281
    },
    "55.png": {
        "x": 1084,
        "y": 3342,
        "w": 281,
        "h": 275
    },
    "6.png": {
        "x": 1365,
        "y": 3312,
        "w": 275,
        "h": 281
    },
    "97.png": {
        "x": 2084,
        "y": 3270,
        "w": 251,
        "h": 281
    },
    "23.png": {
        "x": 2335,
        "y": 3270,
        "w": 264,
        "h": 281
    },
    "24.png": {
        "x": 2599,
        "y": 3255,
        "w": 264,
        "h": 281
    },
    "95.png": {
        "x": 2863,
        "y": 3170,
        "w": 251,
        "h": 281
    },
    "103.png": {
        "x": 3246,
        "y": 2876,
        "w": 248,
        "h": 281
    },
    "26.png": {
        "x": 3114,
        "y": 3166,
        "w": 264,
        "h": 281
    },
    "5.png": {
        "x": 3494,
        "y": 0,
        "w": 275,
        "h": 281
    },
    "94.png": {
        "x": 3494,
        "y": 281,
        "w": 251,
        "h": 281
    },
    "168.png": {
        "x": 3494,
        "y": 562,
        "w": 275,
        "h": 281
    },
    "98.png": {
        "x": 3494,
        "y": 843,
        "w": 250,
        "h": 281
    },
    "33.png": {
        "x": 3494,
        "y": 1124,
        "w": 250,
        "h": 281
    },
    "96.png": {
        "x": 3494,
        "y": 1405,
        "w": 251,
        "h": 280
    },
    "22.png": {
        "x": 3494,
        "y": 1685,
        "w": 265,
        "h": 280
    },
    "4.png": {
        "x": 3494,
        "y": 1965,
        "w": 273,
        "h": 280
    },
    "99.png": {
        "x": 3494,
        "y": 2245,
        "w": 254,
        "h": 280
    },
    "32.png": {
        "x": 3494,
        "y": 2525,
        "w": 249,
        "h": 279
    },
    "21.png": {
        "x": 3494,
        "y": 2804,
        "w": 266,
        "h": 279
    },
    "12.png": {
        "x": 3494,
        "y": 3083,
        "w": 252,
        "h": 279
    },
    "120.png": {
        "x": 3378,
        "y": 3362,
        "w": 231,
        "h": 279
    },
    "10.png": {
        "x": 0,
        "y": 3652,
        "w": 252,
        "h": 279
    },
    "13.png": {
        "x": 252,
        "y": 3652,
        "w": 252,
        "h": 279
    },
    "11.png": {
        "x": 504,
        "y": 3647,
        "w": 252,
        "h": 279
    },
    "51.png": {
        "x": 756,
        "y": 3647,
        "w": 277,
        "h": 278
    },
    "121.png": {
        "x": 1033,
        "y": 3641,
        "w": 231,
        "h": 278
    },
    "106.png": {
        "x": 3114,
        "y": 3447,
        "w": 257,
        "h": 278
    },
    "54.png": {
        "x": 3371,
        "y": 3641,
        "w": 272,
        "h": 278
    },
    "9.png": {
        "x": 1264,
        "y": 3617,
        "w": 256,
        "h": 278
    },
    "119.png": {
        "x": 2863,
        "y": 3451,
        "w": 247,
        "h": 277
    },
    "53.png": {
        "x": 1520,
        "y": 3593,
        "w": 268,
        "h": 277
    },
    "52.png": {
        "x": 1788,
        "y": 3537,
        "w": 266,
        "h": 276
    },
    "122.png": {
        "x": 2599,
        "y": 3536,
        "w": 252,
        "h": 273
    },
    "123.png": {
        "x": 2054,
        "y": 3551,
        "w": 242,
        "h": 273
    },
    "149.png": {
        "x": 2296,
        "y": 3551,
        "w": 260,
        "h": 272
    },
    "65.png": {
        "x": 3769,
        "y": 0,
        "w": 271,
        "h": 260
    },
    "64.png": {
        "x": 3769,
        "y": 260,
        "w": 270,
        "h": 264
    },
    "63.png": {
        "x": 3769,
        "y": 524,
        "w": 270,
        "h": 266
    },
    "67.png": {
        "x": 3769,
        "y": 790,
        "w": 270,
        "h": 259
    },
    "66.png": {
        "x": 3767,
        "y": 1049,
        "w": 270,
        "h": 259
    },
    "62.png": {
        "x": 3767,
        "y": 1308,
        "w": 269,
        "h": 267
    },
    "0.png": {
        "x": 3743,
        "y": 2525,
        "w": 240,
        "h": 268
    },
    "75.png": {
        "x": 3609,
        "y": 3362,
        "w": 241,
        "h": 268
    },
    "1.png": {
        "x": 3746,
        "y": 3083,
        "w": 243,
        "h": 268
    },
    "76.png": {
        "x": 3748,
        "y": 2245,
        "w": 243,
        "h": 268
    },
    "2.png": {
        "x": 3767,
        "y": 1575,
        "w": 251,
        "h": 267
    },
    "77.png": {
        "x": 3767,
        "y": 1842,
        "w": 251,
        "h": 267
    },
    "69.png": {
        "x": 3760,
        "y": 2793,
        "w": 249,
        "h": 261
    },
    "70.png": {
        "x": 3643,
        "y": 3630,
        "w": 251,
        "h": 261
    }
}