{
    "157.png": {
        "x": 60,
        "y": 60,
        "w": 372,
        "h": 338
    },
    "158.png": {
        "x": 60,
        "y": 518,
        "w": 371,
        "h": 338
    },
    "170.png": {
        "x": 552,
        "y": 60,
        "w": 370,
        "h": 337
    },
    "80.png": {
        "x": 551,
        "y": 518,
        "w": 369,
        "h": 338
    },
    "79.png": {
        "x": 60,
        "y": 976,
        "w": 369,
        "h": 338
    },
    "83.png": {
        "x": 549,
        "y": 976,
        "w": 369,
        "h": 338
    },
    "81.png": {
        "x": 1038,
        "y": 976,
        "w": 369,
        "h": 338
    },
    "82.png": {
        "x": 1042,
        "y": 60,
        "w": 369,
        "h": 338
    },
    "156.png": {
        "x": 60,
        "y": 1434,
        "w": 368,
        "h": 340
    },
    "155.png": {
        "x": 548,
        "y": 1434,
        "w": 367,
        "h": 340
    },
    "159.png": {
        "x": 1040,
        "y": 518,
        "w": 366,
        "h": 338
    },
    "154.png": {
        "x": 1035,
        "y": 1434,
        "w": 365,
        "h": 340
    },
    "78.png": {
        "x": 1526,
        "y": 518,
        "w": 363,
        "h": 338
    },
    "151.png": {
        "x": 1520,
        "y": 1434,
        "w": 359,
        "h": 340
    },
    "152.png": {
        "x": 60,
        "y": 1894,
        "w": 358,
        "h": 340
    },
    "153.png": {
        "x": 538,
        "y": 1894,
        "w": 356,
        "h": 340
    },
    "150.png": {
        "x": 1531,
        "y": 60,
        "w": 355,
        "h": 338
    },
    "160.png": {
        "x": 1527,
        "y": 976,
        "w": 351,
        "h": 338
    },
    "161.png": {
        "x": 1014,
        "y": 1894,
        "w": 351,
        "h": 338
    },
    "47.png": {
        "x": 2009,
        "y": 60,
        "w": 282,
        "h": 351
    },
    "162.png": {
        "x": 1485,
        "y": 1894,
        "w": 350,
        "h": 338
    },
    "163.png": {
        "x": 60,
        "y": 2354,
        "w": 350,
        "h": 338
    },
    "171.png": {
        "x": 530,
        "y": 2354,
        "w": 349,
        "h": 337
    },
    "50.png": {
        "x": 1999,
        "y": 976,
        "w": 292,
        "h": 348
    },
    "173.png": {
        "x": 999,
        "y": 2354,
        "w": 348,
        "h": 338
    },
    "174.png": {
        "x": 1467,
        "y": 2352,
        "w": 348,
        "h": 338
    },
    "16.png": {
        "x": 1935,
        "y": 2352,
        "w": 348,
        "h": 336
    },
    "172.png": {
        "x": 1955,
        "y": 1894,
        "w": 348,
        "h": 338
    },
    "49.png": {
        "x": 2423,
        "y": 60,
        "w": 292,
        "h": 348
    },
    "48.png": {
        "x": 2423,
        "y": 528,
        "w": 281,
        "h": 345
    },
    "127.png": {
        "x": 2423,
        "y": 993,
        "w": 302,
        "h": 344
    },
    "126.png": {
        "x": 2423,
        "y": 1457,
        "w": 302,
        "h": 344
    },
    "125.png": {
        "x": 2423,
        "y": 1921,
        "w": 302,
        "h": 344
    },
    "124.png": {
        "x": 60,
        "y": 2812,
        "w": 302,
        "h": 342
    },
    "58.png": {
        "x": 482,
        "y": 2812,
        "w": 282,
        "h": 341
    },
    "54.png": {
        "x": 884,
        "y": 2812,
        "w": 274,
        "h": 340
    },
    "17.png": {
        "x": 1278,
        "y": 2812,
        "w": 339,
        "h": 338
    },
    "177.png": {
        "x": 1737,
        "y": 2810,
        "w": 292,
        "h": 339
    },
    "168.png": {
        "x": 2149,
        "y": 2808,
        "w": 280,
        "h": 338
    },
    "136.png": {
        "x": 2824,
        "y": 528,
        "w": 244,
        "h": 338
    },
    "137.png": {
        "x": 2835,
        "y": 60,
        "w": 244,
        "h": 338
    },
    "97.png": {
        "x": 2845,
        "y": 986,
        "w": 254,
        "h": 338
    },
    "139.png": {
        "x": 2549,
        "y": 2385,
        "w": 291,
        "h": 338
    },
    "14.png": {
        "x": 2845,
        "y": 1444,
        "w": 274,
        "h": 338
    },
    "140.png": {
        "x": 3239,
        "y": 60,
        "w": 303,
        "h": 338
    },
    "141.png": {
        "x": 3188,
        "y": 518,
        "w": 291,
        "h": 338
    },
    "142.png": {
        "x": 3219,
        "y": 976,
        "w": 281,
        "h": 338
    },
    "143.png": {
        "x": 2845,
        "y": 1902,
        "w": 281,
        "h": 338
    },
    "144.png": {
        "x": 3239,
        "y": 1434,
        "w": 281,
        "h": 338
    },
    "145.png": {
        "x": 3246,
        "y": 1892,
        "w": 281,
        "h": 338
    },
    "146.png": {
        "x": 3246,
        "y": 2350,
        "w": 281,
        "h": 338
    },
    "147.png": {
        "x": 2960,
        "y": 2808,
        "w": 275,
        "h": 338
    },
    "148.png": {
        "x": 60,
        "y": 3274,
        "w": 281,
        "h": 338
    },
    "149.png": {
        "x": 461,
        "y": 3274,
        "w": 280,
        "h": 338
    },
    "15.png": {
        "x": 861,
        "y": 3273,
        "w": 289,
        "h": 338
    },
    "104.png": {
        "x": 1270,
        "y": 3272,
        "w": 265,
        "h": 338
    },
    "106.png": {
        "x": 1655,
        "y": 3270,
        "w": 273,
        "h": 338
    },
    "107.png": {
        "x": 2048,
        "y": 3269,
        "w": 273,
        "h": 338
    },
    "108.png": {
        "x": 2441,
        "y": 3266,
        "w": 293,
        "h": 338
    },
    "109.png": {
        "x": 2854,
        "y": 3266,
        "w": 276,
        "h": 338
    },
    "11.png": {
        "x": 3250,
        "y": 3266,
        "w": 279,
        "h": 338
    },
    "110.png": {
        "x": 3599,
        "y": 518,
        "w": 275,
        "h": 338
    },
    "111.png": {
        "x": 3355,
        "y": 2808,
        "w": 275,
        "h": 338
    },
    "112.png": {
        "x": 3662,
        "y": 60,
        "w": 278,
        "h": 338
    },
    "113.png": {
        "x": 3620,
        "y": 976,
        "w": 277,
        "h": 338
    },
    "114.png": {
        "x": 3640,
        "y": 1434,
        "w": 290,
        "h": 338
    },
    "115.png": {
        "x": 3649,
        "y": 3266,
        "w": 280,
        "h": 338
    },
    "116.png": {
        "x": 3647,
        "y": 1892,
        "w": 279,
        "h": 338
    },
    "117.png": {
        "x": 3647,
        "y": 2350,
        "w": 260,
        "h": 338
    },
    "118.png": {
        "x": 60,
        "y": 3732,
        "w": 260,
        "h": 338
    },
    "164.png": {
        "x": 440,
        "y": 3732,
        "w": 275,
        "h": 338
    },
    "165.png": {
        "x": 835,
        "y": 3732,
        "w": 275,
        "h": 338
    },
    "166.png": {
        "x": 1230,
        "y": 3731,
        "w": 275,
        "h": 338
    },
    "167.png": {
        "x": 1625,
        "y": 3730,
        "w": 276,
        "h": 338
    },
    "10.png": {
        "x": 2021,
        "y": 3728,
        "w": 279,
        "h": 338
    },
    "96.png": {
        "x": 2420,
        "y": 3727,
        "w": 254,
        "h": 338
    },
    "119.png": {
        "x": 2794,
        "y": 3724,
        "w": 256,
        "h": 338
    },
    "12.png": {
        "x": 3170,
        "y": 3724,
        "w": 279,
        "h": 338
    },
    "120.png": {
        "x": 3569,
        "y": 3724,
        "w": 250,
        "h": 338
    },
    "121.png": {
        "x": 3994,
        "y": 518,
        "w": 250,
        "h": 338
    },
    "122.png": {
        "x": 3750,
        "y": 2808,
        "w": 256,
        "h": 338
    },
    "123.png": {
        "x": 4060,
        "y": 60,
        "w": 253,
        "h": 338
    },
    "18.png": {
        "x": 3939,
        "y": 3724,
        "w": 335,
        "h": 338
    },
    "19.png": {
        "x": 60,
        "y": 4190,
        "w": 335,
        "h": 338
    },
    "20.png": {
        "x": 515,
        "y": 4190,
        "w": 335,
        "h": 338
    },
    "21.png": {
        "x": 4017,
        "y": 976,
        "w": 280,
        "h": 338
    },
    "22.png": {
        "x": 4027,
        "y": 2350,
        "w": 280,
        "h": 338
    },
    "23.png": {
        "x": 970,
        "y": 4190,
        "w": 280,
        "h": 338
    },
    "24.png": {
        "x": 1370,
        "y": 4189,
        "w": 280,
        "h": 338
    },
    "25.png": {
        "x": 1770,
        "y": 4188,
        "w": 280,
        "h": 338
    },
    "26.png": {
        "x": 2170,
        "y": 4186,
        "w": 280,
        "h": 338
    },
    "27.png": {
        "x": 2570,
        "y": 4185,
        "w": 281,
        "h": 338
    },
    "28.png": {
        "x": 2971,
        "y": 4182,
        "w": 282,
        "h": 338
    },
    "29.png": {
        "x": 3373,
        "y": 4182,
        "w": 282,
        "h": 338
    },
    "30.png": {
        "x": 3775,
        "y": 4182,
        "w": 282,
        "h": 338
    },
    "31.png": {
        "x": 4049,
        "y": 3266,
        "w": 282,
        "h": 338
    },
    "32.png": {
        "x": 4364,
        "y": 518,
        "w": 277,
        "h": 338
    },
    "33.png": {
        "x": 4046,
        "y": 1892,
        "w": 277,
        "h": 338
    },
    "34.png": {
        "x": 4126,
        "y": 2808,
        "w": 281,
        "h": 338
    },
    "35.png": {
        "x": 4050,
        "y": 1434,
        "w": 325,
        "h": 338
    },
    "36.png": {
        "x": 4394,
        "y": 3724,
        "w": 323,
        "h": 338
    },
    "37.png": {
        "x": 4177,
        "y": 4182,
        "w": 322,
        "h": 338
    },
    "38.png": {
        "x": 60,
        "y": 4648,
        "w": 322,
        "h": 338
    },
    "39.png": {
        "x": 4433,
        "y": 60,
        "w": 276,
        "h": 338
    },
    "4.png": {
        "x": 4427,
        "y": 2350,
        "w": 279,
        "h": 338
    },
    "40.png": {
        "x": 4417,
        "y": 976,
        "w": 276,
        "h": 338
    },
    "41.png": {
        "x": 502,
        "y": 4648,
        "w": 276,
        "h": 338
    },
    "42.png": {
        "x": 898,
        "y": 4648,
        "w": 276,
        "h": 338
    },
    "43.png": {
        "x": 1294,
        "y": 4648,
        "w": 276,
        "h": 338
    },
    "44.png": {
        "x": 1690,
        "y": 4647,
        "w": 276,
        "h": 338
    },
    "45.png": {
        "x": 4451,
        "y": 3266,
        "w": 261,
        "h": 338
    },
    "46.png": {
        "x": 4443,
        "y": 1892,
        "w": 264,
        "h": 338
    },
    "101.png": {
        "x": 2086,
        "y": 4646,
        "w": 258,
        "h": 338
    },
    "102.png": {
        "x": 2464,
        "y": 4644,
        "w": 250,
        "h": 338
    },
    "103.png": {
        "x": 2834,
        "y": 4643,
        "w": 257,
        "h": 338
    },
    "5.png": {
        "x": 3211,
        "y": 4640,
        "w": 280,
        "h": 338
    },
    "128.png": {
        "x": 3611,
        "y": 4640,
        "w": 279,
        "h": 338
    },
    "51.png": {
        "x": 4010,
        "y": 4640,
        "w": 277,
        "h": 338
    },
    "95.png": {
        "x": 4407,
        "y": 4640,
        "w": 254,
        "h": 338
    },
    "129.png": {
        "x": 4761,
        "y": 518,
        "w": 279,
        "h": 338
    },
    "94.png": {
        "x": 4527,
        "y": 2808,
        "w": 254,
        "h": 338
    },
    "57.png": {
        "x": 4495,
        "y": 1434,
        "w": 286,
        "h": 338
    },
    "13.png": {
        "x": 4619,
        "y": 4182,
        "w": 279,
        "h": 338
    },
    "59.png": {
        "x": 4829,
        "y": 60,
        "w": 271,
        "h": 338
    },
    "6.png": {
        "x": 4826,
        "y": 2350,
        "w": 280,
        "h": 338
    },
    "60.png": {
        "x": 4832,
        "y": 3266,
        "w": 271,
        "h": 338
    },
    "61.png": {
        "x": 4813,
        "y": 976,
        "w": 276,
        "h": 338
    },
    "62.png": {
        "x": 4827,
        "y": 1892,
        "w": 269,
        "h": 338
    },
    "93.png": {
        "x": 4781,
        "y": 4640,
        "w": 288,
        "h": 338
    },
    "92.png": {
        "x": 60,
        "y": 5106,
        "w": 288,
        "h": 338
    },
    "91.png": {
        "x": 468,
        "y": 5106,
        "w": 288,
        "h": 338
    },
    "68.png": {
        "x": 4837,
        "y": 3724,
        "w": 276,
        "h": 338
    },
    "90.png": {
        "x": 876,
        "y": 5106,
        "w": 288,
        "h": 338
    },
    "7.png": {
        "x": 1284,
        "y": 5106,
        "w": 285,
        "h": 338
    },
    "9.png": {
        "x": 1689,
        "y": 5106,
        "w": 278,
        "h": 338
    },
    "89.png": {
        "x": 2087,
        "y": 5104,
        "w": 263,
        "h": 338
    },
    "88.png": {
        "x": 2470,
        "y": 5102,
        "w": 254,
        "h": 338
    },
    "87.png": {
        "x": 2844,
        "y": 5101,
        "w": 254,
        "h": 338
    },
    "86.png": {
        "x": 3218,
        "y": 5098,
        "w": 254,
        "h": 338
    },
    "130.png": {
        "x": 3592,
        "y": 5098,
        "w": 278,
        "h": 338
    },
    "131.png": {
        "x": 3990,
        "y": 5098,
        "w": 278,
        "h": 338
    },
    "8.png": {
        "x": 4388,
        "y": 5098,
        "w": 296,
        "h": 338
    },
    "132.png": {
        "x": 4804,
        "y": 5098,
        "w": 275,
        "h": 338
    },
    "133.png": {
        "x": 4901,
        "y": 2808,
        "w": 245,
        "h": 338
    },
    "134.png": {
        "x": 5160,
        "y": 518,
        "w": 244,
        "h": 338
    },
    "135.png": {
        "x": 4901,
        "y": 1434,
        "w": 244,
        "h": 338
    },
    "84.png": {
        "x": 5018,
        "y": 4182,
        "w": 260,
        "h": 338
    },
    "85.png": {
        "x": 5223,
        "y": 3266,
        "w": 254,
        "h": 338
    },
    "1.png": {
        "x": 5209,
        "y": 976,
        "w": 273,
        "h": 337
    },
    "105.png": {
        "x": 5220,
        "y": 60,
        "w": 260,
        "h": 337
    },
    "2.png": {
        "x": 5189,
        "y": 4640,
        "w": 273,
        "h": 337
    },
    "0.png": {
        "x": 5199,
        "y": 5097,
        "w": 271,
        "h": 337
    },
    "75.png": {
        "x": 60,
        "y": 5564,
        "w": 271,
        "h": 337
    },
    "76.png": {
        "x": 451,
        "y": 5564,
        "w": 273,
        "h": 337
    },
    "77.png": {
        "x": 844,
        "y": 5564,
        "w": 273,
        "h": 337
    },
    "53.png": {
        "x": 1237,
        "y": 5564,
        "w": 278,
        "h": 337
    },
    "175.png": {
        "x": 1635,
        "y": 5564,
        "w": 280,
        "h": 337
    },
    "55.png": {
        "x": 2035,
        "y": 5564,
        "w": 281,
        "h": 337
    },
    "66.png": {
        "x": 2436,
        "y": 5562,
        "w": 268,
        "h": 337
    },
    "67.png": {
        "x": 2824,
        "y": 5560,
        "w": 268,
        "h": 337
    },
    "3.png": {
        "x": 3212,
        "y": 5559,
        "w": 294,
        "h": 337
    },
    "176.png": {
        "x": 5199,
        "y": 5554,
        "w": 280,
        "h": 337
    },
    "100.png": {
        "x": 5216,
        "y": 1892,
        "w": 265,
        "h": 337
    },
    "178.png": {
        "x": 3626,
        "y": 5556,
        "w": 319,
        "h": 337
    },
    "138.png": {
        "x": 4065,
        "y": 5556,
        "w": 275,
        "h": 336
    },
    "169.png": {
        "x": 4460,
        "y": 5556,
        "w": 328,
        "h": 336
    },
    "99.png": {
        "x": 5226,
        "y": 2349,
        "w": 254,
        "h": 334
    },
    "98.png": {
        "x": 5602,
        "y": 60,
        "w": 250,
        "h": 334
    },
    "65.png": {
        "x": 5582,
        "y": 3724,
        "w": 270,
        "h": 331
    },
    "56.png": {
        "x": 2009,
        "y": 531,
        "w": 286,
        "h": 324
    },
    "69.png": {
        "x": 5590,
        "y": 4175,
        "w": 261,
        "h": 323
    },
    "52.png": {
        "x": 1999,
        "y": 1444,
        "w": 272,
        "h": 321
    },
    "70.png": {
        "x": 5582,
        "y": 4618,
        "w": 264,
        "h": 319
    },
    "71.png": {
        "x": 5524,
        "y": 517,
        "w": 268,
        "h": 312
    },
    "63.png": {
        "x": 5265,
        "y": 1433,
        "w": 269,
        "h": 309
    },
    "74.png": {
        "x": 5266,
        "y": 2803,
        "w": 270,
        "h": 306
    },
    "72.png": {
        "x": 5972,
        "y": 60,
        "w": 270,
        "h": 306
    },
    "73.png": {
        "x": 5972,
        "y": 486,
        "w": 270,
        "h": 306
    },
    "64.png": {
        "x": 2549,
        "y": 2843,
        "w": 269,
        "h": 302
    }
}