{
    "157.png": {
        "x": 0,
        "y": 0,
        "w": 373,
        "h": 301
    },
    "158.png": {
        "x": 0,
        "y": 301,
        "w": 372,
        "h": 306
    },
    "79.png": {
        "x": 373,
        "y": 0,
        "w": 370,
        "h": 297
    },
    "81.png": {
        "x": 373,
        "y": 297,
        "w": 370,
        "h": 307
    },
    "80.png": {
        "x": 0,
        "y": 607,
        "w": 370,
        "h": 301
    },
    "82.png": {
        "x": 743,
        "y": 0,
        "w": 370,
        "h": 310
    },
    "83.png": {
        "x": 743,
        "y": 310,
        "w": 370,
        "h": 310
    },
    "78.png": {
        "x": 372,
        "y": 604,
        "w": 364,
        "h": 290
    },
    "151.png": {
        "x": 0,
        "y": 908,
        "w": 353,
        "h": 307
    },
    "154.png": {
        "x": 370,
        "y": 894,
        "w": 352,
        "h": 313
    },
    "153.png": {
        "x": 722,
        "y": 894,
        "w": 349,
        "h": 302
    },
    "152.png": {
        "x": 1113,
        "y": 0,
        "w": 349,
        "h": 304
    },
    "155.png": {
        "x": 1113,
        "y": 304,
        "w": 349,
        "h": 309
    },
    "170.png": {
        "x": 736,
        "y": 620,
        "w": 348,
        "h": 274
    },
    "156.png": {
        "x": 1113,
        "y": 613,
        "w": 347,
        "h": 308
    },
    "50.png": {
        "x": 0,
        "y": 1215,
        "w": 190,
        "h": 345
    },
    "49.png": {
        "x": 190,
        "y": 1215,
        "w": 190,
        "h": 345
    },
    "159.png": {
        "x": 1071,
        "y": 921,
        "w": 342,
        "h": 295
    },
    "48.png": {
        "x": 380,
        "y": 1216,
        "w": 185,
        "h": 340
    },
    "150.png": {
        "x": 722,
        "y": 1196,
        "w": 336,
        "h": 270
    },
    "47.png": {
        "x": 1058,
        "y": 1216,
        "w": 187,
        "h": 336
    },
    "16.png": {
        "x": 1462,
        "y": 0,
        "w": 335,
        "h": 294
    },
    "171.png": {
        "x": 1462,
        "y": 294,
        "w": 333,
        "h": 276
    },
    "20.png": {
        "x": 1462,
        "y": 570,
        "w": 328,
        "h": 291
    },
    "17.png": {
        "x": 1460,
        "y": 861,
        "w": 328,
        "h": 277
    },
    "19.png": {
        "x": 1245,
        "y": 1216,
        "w": 327,
        "h": 289
    },
    "18.png": {
        "x": 0,
        "y": 1560,
        "w": 325,
        "h": 284
    },
    "178.png": {
        "x": 1245,
        "y": 1505,
        "w": 321,
        "h": 308
    },
    "160.png": {
        "x": 325,
        "y": 1560,
        "w": 319,
        "h": 268
    },
    "127.png": {
        "x": 644,
        "y": 1466,
        "w": 291,
        "h": 316
    },
    "161.png": {
        "x": 1797,
        "y": 0,
        "w": 315,
        "h": 267
    },
    "163.png": {
        "x": 1797,
        "y": 267,
        "w": 315,
        "h": 268
    },
    "169.png": {
        "x": 1795,
        "y": 535,
        "w": 314,
        "h": 252
    },
    "162.png": {
        "x": 1790,
        "y": 787,
        "w": 314,
        "h": 267
    },
    "126.png": {
        "x": 1566,
        "y": 1505,
        "w": 291,
        "h": 313
    },
    "125.png": {
        "x": 1788,
        "y": 1054,
        "w": 291,
        "h": 308
    },
    "174.png": {
        "x": 0,
        "y": 1844,
        "w": 305,
        "h": 302
    },
    "124.png": {
        "x": 325,
        "y": 1828,
        "w": 290,
        "h": 305
    },
    "116.png": {
        "x": 615,
        "y": 1828,
        "w": 280,
        "h": 304
    },
    "173.png": {
        "x": 935,
        "y": 1552,
        "w": 304,
        "h": 296
    },
    "172.png": {
        "x": 1239,
        "y": 1813,
        "w": 303,
        "h": 299
    },
    "147.png": {
        "x": 1857,
        "y": 1362,
        "w": 247,
        "h": 303
    },
    "148.png": {
        "x": 1857,
        "y": 1665,
        "w": 248,
        "h": 302
    },
    "38.png": {
        "x": 895,
        "y": 1848,
        "w": 295,
        "h": 298
    },
    "35.png": {
        "x": 1542,
        "y": 1818,
        "w": 298,
        "h": 276
    },
    "140.png": {
        "x": 2112,
        "y": 0,
        "w": 298,
        "h": 284
    },
    "176.png": {
        "x": 2079,
        "y": 1054,
        "w": 250,
        "h": 297
    },
    "139.png": {
        "x": 2104,
        "y": 1351,
        "w": 279,
        "h": 297
    },
    "177.png": {
        "x": 2112,
        "y": 284,
        "w": 293,
        "h": 297
    },
    "115.png": {
        "x": 2109,
        "y": 581,
        "w": 281,
        "h": 296
    },
    "141.png": {
        "x": 2105,
        "y": 1648,
        "w": 279,
        "h": 296
    },
    "36.png": {
        "x": 0,
        "y": 2146,
        "w": 296,
        "h": 286
    },
    "37.png": {
        "x": 305,
        "y": 2133,
        "w": 295,
        "h": 295
    },
    "108.png": {
        "x": 600,
        "y": 2133,
        "w": 294,
        "h": 275
    },
    "117.png": {
        "x": 1190,
        "y": 2112,
        "w": 251,
        "h": 294
    },
    "175.png": {
        "x": 1441,
        "y": 2112,
        "w": 254,
        "h": 293
    },
    "118.png": {
        "x": 1695,
        "y": 2094,
        "w": 250,
        "h": 292
    },
    "114.png": {
        "x": 2105,
        "y": 1944,
        "w": 291,
        "h": 287
    },
    "26.png": {
        "x": 2410,
        "y": 0,
        "w": 264,
        "h": 291
    },
    "25.png": {
        "x": 2405,
        "y": 291,
        "w": 264,
        "h": 290
    },
    "22.png": {
        "x": 2396,
        "y": 581,
        "w": 266,
        "h": 288
    },
    "21.png": {
        "x": 2396,
        "y": 869,
        "w": 266,
        "h": 288
    },
    "7.png": {
        "x": 2384,
        "y": 1157,
        "w": 282,
        "h": 288
    },
    "107.png": {
        "x": 2396,
        "y": 1445,
        "w": 231,
        "h": 287
    },
    "106.png": {
        "x": 2396,
        "y": 1732,
        "w": 240,
        "h": 287
    },
    "23.png": {
        "x": 894,
        "y": 2146,
        "w": 266,
        "h": 286
    },
    "8.png": {
        "x": 0,
        "y": 2432,
        "w": 285,
        "h": 280
    },
    "24.png": {
        "x": 296,
        "y": 2428,
        "w": 265,
        "h": 284
    },
    "6.png": {
        "x": 561,
        "y": 2428,
        "w": 281,
        "h": 284
    },
    "15.png": {
        "x": 842,
        "y": 2432,
        "w": 283,
        "h": 274
    },
    "5.png": {
        "x": 1125,
        "y": 2432,
        "w": 281,
        "h": 276
    },
    "164.png": {
        "x": 1406,
        "y": 2406,
        "w": 232,
        "h": 280
    },
    "84.png": {
        "x": 2396,
        "y": 2019,
        "w": 251,
        "h": 280
    },
    "4.png": {
        "x": 1638,
        "y": 2405,
        "w": 280,
        "h": 263
    },
    "34.png": {
        "x": 1918,
        "y": 2386,
        "w": 279,
        "h": 262
    },
    "165.png": {
        "x": 2197,
        "y": 2299,
        "w": 230,
        "h": 279
    },
    "110.png": {
        "x": 2427,
        "y": 2299,
        "w": 233,
        "h": 279
    },
    "109.png": {
        "x": 2674,
        "y": 0,
        "w": 264,
        "h": 278
    },
    "111.png": {
        "x": 2627,
        "y": 1445,
        "w": 228,
        "h": 278
    },
    "55.png": {
        "x": 2662,
        "y": 581,
        "w": 276,
        "h": 251
    },
    "54.png": {
        "x": 2662,
        "y": 832,
        "w": 276,
        "h": 252
    },
    "51.png": {
        "x": 2660,
        "y": 1723,
        "w": 276,
        "h": 250
    },
    "58.png": {
        "x": 2660,
        "y": 1973,
        "w": 276,
        "h": 252
    },
    "57.png": {
        "x": 2660,
        "y": 2225,
        "w": 275,
        "h": 247
    },
    "138.png": {
        "x": 2669,
        "y": 291,
        "w": 242,
        "h": 275
    },
    "53.png": {
        "x": 0,
        "y": 2712,
        "w": 275,
        "h": 249
    },
    "56.png": {
        "x": 275,
        "y": 2712,
        "w": 274,
        "h": 246
    },
    "52.png": {
        "x": 549,
        "y": 2712,
        "w": 274,
        "h": 248
    },
    "3.png": {
        "x": 1406,
        "y": 2686,
        "w": 274,
        "h": 272
    },
    "149.png": {
        "x": 2666,
        "y": 1084,
        "w": 252,
        "h": 273
    },
    "167.png": {
        "x": 1680,
        "y": 2668,
        "w": 236,
        "h": 270
    },
    "71.png": {
        "x": 842,
        "y": 2708,
        "w": 268,
        "h": 250
    },
    "72.png": {
        "x": 1110,
        "y": 2708,
        "w": 267,
        "h": 250
    },
    "166.png": {
        "x": 1916,
        "y": 2668,
        "w": 225,
        "h": 267
    },
    "73.png": {
        "x": 2660,
        "y": 2472,
        "w": 266,
        "h": 250
    },
    "74.png": {
        "x": 2141,
        "y": 2648,
        "w": 266,
        "h": 250
    },
    "112.png": {
        "x": 2407,
        "y": 2578,
        "w": 245,
        "h": 266
    },
    "143.png": {
        "x": 2938,
        "y": 0,
        "w": 265,
        "h": 258
    },
    "144.png": {
        "x": 2938,
        "y": 258,
        "w": 265,
        "h": 258
    },
    "142.png": {
        "x": 2938,
        "y": 516,
        "w": 265,
        "h": 259
    },
    "145.png": {
        "x": 2938,
        "y": 775,
        "w": 265,
        "h": 258
    },
    "146.png": {
        "x": 2938,
        "y": 1033,
        "w": 265,
        "h": 258
    },
    "28.png": {
        "x": 2936,
        "y": 1291,
        "w": 254,
        "h": 264
    },
    "30.png": {
        "x": 2936,
        "y": 1555,
        "w": 256,
        "h": 263
    },
    "14.png": {
        "x": 2936,
        "y": 1818,
        "w": 263,
        "h": 262
    },
    "31.png": {
        "x": 2936,
        "y": 2080,
        "w": 256,
        "h": 263
    },
    "29.png": {
        "x": 2935,
        "y": 2343,
        "w": 255,
        "h": 263
    },
    "113.png": {
        "x": 2926,
        "y": 2606,
        "w": 262,
        "h": 263
    },
    "130.png": {
        "x": 0,
        "y": 2961,
        "w": 262,
        "h": 253
    },
    "65.png": {
        "x": 275,
        "y": 2958,
        "w": 262,
        "h": 235
    },
    "64.png": {
        "x": 2652,
        "y": 2722,
        "w": 262,
        "h": 241
    },
    "128.png": {
        "x": 537,
        "y": 2960,
        "w": 262,
        "h": 253
    },
    "131.png": {
        "x": 823,
        "y": 2958,
        "w": 262,
        "h": 255
    },
    "129.png": {
        "x": 1085,
        "y": 2958,
        "w": 262,
        "h": 253
    },
    "63.png": {
        "x": 1347,
        "y": 2963,
        "w": 261,
        "h": 243
    },
    "67.png": {
        "x": 1608,
        "y": 2963,
        "w": 260,
        "h": 234
    },
    "66.png": {
        "x": 1868,
        "y": 2963,
        "w": 260,
        "h": 234
    },
    "168.png": {
        "x": 2128,
        "y": 2935,
        "w": 257,
        "h": 259
    },
    "68.png": {
        "x": 2385,
        "y": 2898,
        "w": 258,
        "h": 257
    },
    "61.png": {
        "x": 2914,
        "y": 2869,
        "w": 258,
        "h": 253
    },
    "33.png": {
        "x": 3203,
        "y": 0,
        "w": 249,
        "h": 257
    },
    "132.png": {
        "x": 3192,
        "y": 1291,
        "w": 257,
        "h": 252
    },
    "27.png": {
        "x": 3199,
        "y": 1543,
        "w": 253,
        "h": 257
    },
    "10.png": {
        "x": 3199,
        "y": 1800,
        "w": 253,
        "h": 256
    },
    "9.png": {
        "x": 3192,
        "y": 2080,
        "w": 256,
        "h": 254
    },
    "62.png": {
        "x": 3192,
        "y": 2334,
        "w": 256,
        "h": 233
    },
    "39.png": {
        "x": 2643,
        "y": 2963,
        "w": 255,
        "h": 250
    },
    "41.png": {
        "x": 3190,
        "y": 2567,
        "w": 255,
        "h": 250
    },
    "42.png": {
        "x": 3188,
        "y": 2817,
        "w": 255,
        "h": 252
    },
    "44.png": {
        "x": 0,
        "y": 3214,
        "w": 255,
        "h": 250
    },
    "43.png": {
        "x": 262,
        "y": 3213,
        "w": 255,
        "h": 251
    },
    "40.png": {
        "x": 517,
        "y": 3213,
        "w": 255,
        "h": 250
    },
    "11.png": {
        "x": 1347,
        "y": 3206,
        "w": 252,
        "h": 254
    },
    "13.png": {
        "x": 1599,
        "y": 3206,
        "w": 251,
        "h": 254
    },
    "12.png": {
        "x": 2385,
        "y": 3155,
        "w": 251,
        "h": 254
    },
    "32.png": {
        "x": 3203,
        "y": 257,
        "w": 247,
        "h": 254
    },
    "60.png": {
        "x": 772,
        "y": 3213,
        "w": 243,
        "h": 251
    },
    "99.png": {
        "x": 2128,
        "y": 3194,
        "w": 250,
        "h": 234
    },
    "100.png": {
        "x": 1085,
        "y": 3211,
        "w": 250,
        "h": 236
    },
    "101.png": {
        "x": 2636,
        "y": 3213,
        "w": 250,
        "h": 236
    },
    "102.png": {
        "x": 2886,
        "y": 3213,
        "w": 250,
        "h": 234
    },
    "103.png": {
        "x": 1850,
        "y": 3197,
        "w": 250,
        "h": 234
    },
    "104.png": {
        "x": 3172,
        "y": 3069,
        "w": 250,
        "h": 236
    },
    "59.png": {
        "x": 3203,
        "y": 511,
        "w": 244,
        "h": 250
    },
    "105.png": {
        "x": 3452,
        "y": 0,
        "w": 250,
        "h": 236
    },
    "98.png": {
        "x": 3452,
        "y": 236,
        "w": 250,
        "h": 234
    },
    "119.png": {
        "x": 3452,
        "y": 470,
        "w": 235,
        "h": 248
    },
    "121.png": {
        "x": 3452,
        "y": 718,
        "w": 224,
        "h": 246
    },
    "2.png": {
        "x": 3203,
        "y": 761,
        "w": 246,
        "h": 236
    },
    "77.png": {
        "x": 3452,
        "y": 964,
        "w": 246,
        "h": 236
    },
    "123.png": {
        "x": 3203,
        "y": 997,
        "w": 231,
        "h": 246
    },
    "120.png": {
        "x": 3452,
        "y": 1200,
        "w": 225,
        "h": 245
    },
    "97.png": {
        "x": 3452,
        "y": 1445,
        "w": 245,
        "h": 236
    },
    "96.png": {
        "x": 3452,
        "y": 1681,
        "w": 245,
        "h": 235
    },
    "95.png": {
        "x": 3452,
        "y": 1916,
        "w": 245,
        "h": 236
    },
    "94.png": {
        "x": 3448,
        "y": 2152,
        "w": 245,
        "h": 236
    },
    "93.png": {
        "x": 3448,
        "y": 2388,
        "w": 244,
        "h": 238
    },
    "91.png": {
        "x": 3445,
        "y": 2626,
        "w": 244,
        "h": 239
    },
    "92.png": {
        "x": 3443,
        "y": 2865,
        "w": 244,
        "h": 240
    },
    "70.png": {
        "x": 3422,
        "y": 3105,
        "w": 243,
        "h": 232
    },
    "90.png": {
        "x": 0,
        "y": 3464,
        "w": 243,
        "h": 240
    },
    "122.png": {
        "x": 1015,
        "y": 3460,
        "w": 234,
        "h": 243
    },
    "89.png": {
        "x": 243,
        "y": 3464,
        "w": 243,
        "h": 239
    },
    "85.png": {
        "x": 486,
        "y": 3464,
        "w": 242,
        "h": 235
    },
    "45.png": {
        "x": 1249,
        "y": 3460,
        "w": 232,
        "h": 242
    },
    "46.png": {
        "x": 1481,
        "y": 3460,
        "w": 229,
        "h": 242
    },
    "88.png": {
        "x": 728,
        "y": 3464,
        "w": 241,
        "h": 235
    },
    "86.png": {
        "x": 1710,
        "y": 3460,
        "w": 241,
        "h": 235
    },
    "87.png": {
        "x": 2378,
        "y": 3409,
        "w": 241,
        "h": 235
    },
    "0.png": {
        "x": 2619,
        "y": 3449,
        "w": 235,
        "h": 239
    },
    "75.png": {
        "x": 2854,
        "y": 3449,
        "w": 235,
        "h": 239
    },
    "133.png": {
        "x": 3089,
        "y": 3447,
        "w": 233,
        "h": 235
    },
    "134.png": {
        "x": 1951,
        "y": 3431,
        "w": 232,
        "h": 235
    },
    "135.png": {
        "x": 3322,
        "y": 3337,
        "w": 232,
        "h": 235
    },
    "137.png": {
        "x": 3702,
        "y": 0,
        "w": 232,
        "h": 235
    },
    "76.png": {
        "x": 3698,
        "y": 470,
        "w": 235,
        "h": 235
    },
    "1.png": {
        "x": 3698,
        "y": 705,
        "w": 235,
        "h": 235
    },
    "69.png": {
        "x": 3698,
        "y": 940,
        "w": 235,
        "h": 233
    },
    "136.png": {
        "x": 3702,
        "y": 235,
        "w": 232,
        "h": 234
    }
}