{
    "134.png": {
        "x": 0,
        "y": 0,
        "w": 501,
        "h": 1
    },
    "18.png": {
        "x": 0,
        "y": 1,
        "w": 501,
        "h": 1
    },
    "82.png": {
        "x": 0,
        "y": 2,
        "w": 501,
        "h": 1
    },
    "81.png": {
        "x": 0,
        "y": 3,
        "w": 501,
        "h": 1
    },
    "80.png": {
        "x": 0,
        "y": 4,
        "w": 501,
        "h": 1
    },
    "8.png": {
        "x": 0,
        "y": 5,
        "w": 501,
        "h": 1
    },
    "79.png": {
        "x": 0,
        "y": 6,
        "w": 501,
        "h": 1
    },
    "78.png": {
        "x": 0,
        "y": 7,
        "w": 501,
        "h": 1
    },
    "74.png": {
        "x": 0,
        "y": 8,
        "w": 501,
        "h": 1
    },
    "108.png": {
        "x": 0,
        "y": 9,
        "w": 501,
        "h": 1
    },
    "73.png": {
        "x": 0,
        "y": 10,
        "w": 501,
        "h": 1
    },
    "72.png": {
        "x": 0,
        "y": 11,
        "w": 501,
        "h": 1
    },
    "71.png": {
        "x": 0,
        "y": 12,
        "w": 501,
        "h": 1
    },
    "70.png": {
        "x": 0,
        "y": 13,
        "w": 501,
        "h": 1
    },
    "7.png": {
        "x": 0,
        "y": 14,
        "w": 501,
        "h": 1
    },
    "69.png": {
        "x": 0,
        "y": 15,
        "w": 501,
        "h": 1
    },
    "6.png": {
        "x": 0,
        "y": 16,
        "w": 501,
        "h": 1
    },
    "17.png": {
        "x": 0,
        "y": 17,
        "w": 501,
        "h": 1
    },
    "5.png": {
        "x": 0,
        "y": 18,
        "w": 501,
        "h": 1
    },
    "117.png": {
        "x": 0,
        "y": 19,
        "w": 501,
        "h": 1
    },
    "118.png": {
        "x": 0,
        "y": 20,
        "w": 501,
        "h": 1
    },
    "119.png": {
        "x": 0,
        "y": 21,
        "w": 501,
        "h": 1
    },
    "177.png": {
        "x": 0,
        "y": 22,
        "w": 501,
        "h": 1
    },
    "120.png": {
        "x": 0,
        "y": 23,
        "w": 501,
        "h": 1
    },
    "121.png": {
        "x": 0,
        "y": 24,
        "w": 501,
        "h": 1
    },
    "123.png": {
        "x": 0,
        "y": 25,
        "w": 501,
        "h": 1
    },
    "16.png": {
        "x": 0,
        "y": 26,
        "w": 501,
        "h": 1
    },
    "159.png": {
        "x": 0,
        "y": 27,
        "w": 501,
        "h": 1
    },
    "4.png": {
        "x": 0,
        "y": 28,
        "w": 501,
        "h": 1
    },
    "38.png": {
        "x": 0,
        "y": 29,
        "w": 501,
        "h": 1
    },
    "37.png": {
        "x": 0,
        "y": 30,
        "w": 501,
        "h": 1
    },
    "36.png": {
        "x": 0,
        "y": 31,
        "w": 501,
        "h": 1
    },
    "35.png": {
        "x": 0,
        "y": 32,
        "w": 501,
        "h": 1
    },
    "31.png": {
        "x": 0,
        "y": 33,
        "w": 501,
        "h": 1
    },
    "30.png": {
        "x": 0,
        "y": 34,
        "w": 501,
        "h": 1
    },
    "29.png": {
        "x": 0,
        "y": 35,
        "w": 501,
        "h": 1
    },
    "133.png": {
        "x": 0,
        "y": 36,
        "w": 501,
        "h": 1
    },
    "83.png": {
        "x": 0,
        "y": 37,
        "w": 501,
        "h": 1
    },
    "135.png": {
        "x": 0,
        "y": 38,
        "w": 501,
        "h": 1
    },
    "136.png": {
        "x": 0,
        "y": 39,
        "w": 501,
        "h": 1
    },
    "137.png": {
        "x": 0,
        "y": 40,
        "w": 501,
        "h": 1
    },
    "28.png": {
        "x": 0,
        "y": 41,
        "w": 501,
        "h": 1
    },
    "156.png": {
        "x": 0,
        "y": 42,
        "w": 501,
        "h": 1
    },
    "27.png": {
        "x": 0,
        "y": 43,
        "w": 501,
        "h": 1
    },
    "155.png": {
        "x": 0,
        "y": 44,
        "w": 501,
        "h": 1
    },
    "154.png": {
        "x": 0,
        "y": 45,
        "w": 501,
        "h": 1
    },
    "26.png": {
        "x": 0,
        "y": 46,
        "w": 501,
        "h": 1
    },
    "25.png": {
        "x": 0,
        "y": 47,
        "w": 501,
        "h": 1
    },
    "24.png": {
        "x": 0,
        "y": 48,
        "w": 501,
        "h": 1
    },
    "23.png": {
        "x": 0,
        "y": 49,
        "w": 501,
        "h": 1
    },
    "22.png": {
        "x": 0,
        "y": 50,
        "w": 501,
        "h": 1
    },
    "21.png": {
        "x": 0,
        "y": 51,
        "w": 501,
        "h": 1
    },
    "20.png": {
        "x": 0,
        "y": 52,
        "w": 501,
        "h": 1
    },
    "19.png": {
        "x": 0,
        "y": 53,
        "w": 501,
        "h": 1
    },
    "178.png": {
        "x": 0,
        "y": 54,
        "w": 501,
        "h": 1
    },
    "150.png": {
        "x": 0,
        "y": 55,
        "w": 501,
        "h": 1
    },
    "157.png": {
        "x": 0,
        "y": 56,
        "w": 361,
        "h": 290
    },
    "158.png": {
        "x": 0,
        "y": 346,
        "w": 359,
        "h": 293
    },
    "151.png": {
        "x": 501,
        "y": 0,
        "w": 354,
        "h": 303
    },
    "152.png": {
        "x": 361,
        "y": 303,
        "w": 350,
        "h": 299
    },
    "153.png": {
        "x": 0,
        "y": 639,
        "w": 349,
        "h": 298
    },
    "160.png": {
        "x": 349,
        "y": 639,
        "w": 335,
        "h": 289
    },
    "161.png": {
        "x": 855,
        "y": 0,
        "w": 331,
        "h": 286
    },
    "163.png": {
        "x": 855,
        "y": 286,
        "w": 330,
        "h": 285
    },
    "162.png": {
        "x": 684,
        "y": 602,
        "w": 329,
        "h": 285
    },
    "169.png": {
        "x": 0,
        "y": 937,
        "w": 327,
        "h": 261
    },
    "49.png": {
        "x": 1186,
        "y": 0,
        "w": 192,
        "h": 324
    },
    "50.png": {
        "x": 1185,
        "y": 324,
        "w": 192,
        "h": 324
    },
    "48.png": {
        "x": 1013,
        "y": 648,
        "w": 199,
        "h": 320
    },
    "47.png": {
        "x": 0,
        "y": 1198,
        "w": 205,
        "h": 319
    },
    "139.png": {
        "x": 205,
        "y": 1198,
        "w": 279,
        "h": 308
    },
    "141.png": {
        "x": 684,
        "y": 887,
        "w": 279,
        "h": 308
    },
    "170.png": {
        "x": 484,
        "y": 1195,
        "w": 299,
        "h": 273
    },
    "140.png": {
        "x": 783,
        "y": 1195,
        "w": 298,
        "h": 290
    },
    "171.png": {
        "x": 1081,
        "y": 968,
        "w": 297,
        "h": 279
    },
    "138.png": {
        "x": 1378,
        "y": 0,
        "w": 249,
        "h": 296
    },
    "172.png": {
        "x": 1212,
        "y": 648,
        "w": 291,
        "h": 295
    },
    "173.png": {
        "x": 0,
        "y": 1517,
        "w": 292,
        "h": 294
    },
    "147.png": {
        "x": 292,
        "y": 1506,
        "w": 215,
        "h": 294
    },
    "164.png": {
        "x": 1378,
        "y": 296,
        "w": 238,
        "h": 294
    },
    "174.png": {
        "x": 507,
        "y": 1485,
        "w": 293,
        "h": 293
    },
    "165.png": {
        "x": 1378,
        "y": 943,
        "w": 236,
        "h": 293
    },
    "110.png": {
        "x": 1378,
        "y": 1236,
        "w": 234,
        "h": 293
    },
    "111.png": {
        "x": 800,
        "y": 1485,
        "w": 232,
        "h": 293
    },
    "109.png": {
        "x": 1081,
        "y": 1247,
        "w": 269,
        "h": 292
    },
    "84.png": {
        "x": 1627,
        "y": 0,
        "w": 251,
        "h": 292
    },
    "148.png": {
        "x": 1627,
        "y": 292,
        "w": 221,
        "h": 291
    },
    "93.png": {
        "x": 327,
        "y": 937,
        "w": 288,
        "h": 248
    },
    "90.png": {
        "x": 1032,
        "y": 1539,
        "w": 288,
        "h": 248
    },
    "91.png": {
        "x": 1320,
        "y": 1539,
        "w": 288,
        "h": 248
    },
    "15.png": {
        "x": 1503,
        "y": 590,
        "w": 287,
        "h": 288
    },
    "92.png": {
        "x": 0,
        "y": 1811,
        "w": 288,
        "h": 248
    },
    "126.png": {
        "x": 1878,
        "y": 0,
        "w": 282,
        "h": 288
    },
    "127.png": {
        "x": 1878,
        "y": 288,
        "w": 282,
        "h": 288
    },
    "125.png": {
        "x": 1848,
        "y": 576,
        "w": 282,
        "h": 288
    },
    "3.png": {
        "x": 507,
        "y": 1787,
        "w": 287,
        "h": 269
    },
    "124.png": {
        "x": 1790,
        "y": 864,
        "w": 281,
        "h": 287
    },
    "57.png": {
        "x": 794,
        "y": 1787,
        "w": 286,
        "h": 267
    },
    "56.png": {
        "x": 1080,
        "y": 1787,
        "w": 286,
        "h": 268
    },
    "176.png": {
        "x": 1608,
        "y": 1529,
        "w": 222,
        "h": 285
    },
    "107.png": {
        "x": 1612,
        "y": 1236,
        "w": 217,
        "h": 284
    },
    "112.png": {
        "x": 1830,
        "y": 1151,
        "w": 244,
        "h": 283
    },
    "58.png": {
        "x": 1830,
        "y": 1434,
        "w": 282,
        "h": 275
    },
    "175.png": {
        "x": 1830,
        "y": 1709,
        "w": 225,
        "h": 282
    },
    "34.png": {
        "x": 0,
        "y": 2059,
        "w": 279,
        "h": 272
    },
    "166.png": {
        "x": 1366,
        "y": 1787,
        "w": 229,
        "h": 278
    },
    "114.png": {
        "x": 794,
        "y": 2055,
        "w": 275,
        "h": 276
    },
    "115.png": {
        "x": 1069,
        "y": 2055,
        "w": 262,
        "h": 276
    },
    "116.png": {
        "x": 1595,
        "y": 1991,
        "w": 261,
        "h": 276
    },
    "168.png": {
        "x": 279,
        "y": 2059,
        "w": 276,
        "h": 267
    },
    "14.png": {
        "x": 1856,
        "y": 1991,
        "w": 266,
        "h": 275
    },
    "68.png": {
        "x": 2160,
        "y": 0,
        "w": 260,
        "h": 274
    },
    "51.png": {
        "x": 2130,
        "y": 576,
        "w": 272,
        "h": 260
    },
    "55.png": {
        "x": 2130,
        "y": 836,
        "w": 272,
        "h": 262
    },
    "61.png": {
        "x": 2160,
        "y": 274,
        "w": 259,
        "h": 272
    },
    "54.png": {
        "x": 2055,
        "y": 1709,
        "w": 272,
        "h": 258
    },
    "65.png": {
        "x": 2122,
        "y": 1967,
        "w": 271,
        "h": 257
    },
    "9.png": {
        "x": 2112,
        "y": 1098,
        "w": 261,
        "h": 271
    },
    "113.png": {
        "x": 2112,
        "y": 1369,
        "w": 270,
        "h": 271
    },
    "32.png": {
        "x": 0,
        "y": 2331,
        "w": 249,
        "h": 271
    },
    "60.png": {
        "x": 249,
        "y": 2331,
        "w": 248,
        "h": 271
    },
    "10.png": {
        "x": 497,
        "y": 2331,
        "w": 253,
        "h": 270
    },
    "66.png": {
        "x": 750,
        "y": 2331,
        "w": 270,
        "h": 256
    },
    "167.png": {
        "x": 1020,
        "y": 2331,
        "w": 255,
        "h": 270
    },
    "11.png": {
        "x": 1275,
        "y": 2331,
        "w": 253,
        "h": 270
    },
    "12.png": {
        "x": 2122,
        "y": 2224,
        "w": 253,
        "h": 270
    },
    "33.png": {
        "x": 1856,
        "y": 2266,
        "w": 250,
        "h": 270
    },
    "67.png": {
        "x": 1528,
        "y": 2267,
        "w": 270,
        "h": 256
    },
    "64.png": {
        "x": 2420,
        "y": 0,
        "w": 270,
        "h": 264
    },
    "63.png": {
        "x": 2420,
        "y": 264,
        "w": 270,
        "h": 266
    },
    "13.png": {
        "x": 2373,
        "y": 1098,
        "w": 253,
        "h": 270
    },
    "142.png": {
        "x": 2419,
        "y": 530,
        "w": 264,
        "h": 269
    },
    "59.png": {
        "x": 2402,
        "y": 799,
        "w": 250,
        "h": 269
    },
    "106.png": {
        "x": 555,
        "y": 2056,
        "w": 224,
        "h": 269
    },
    "53.png": {
        "x": 2393,
        "y": 1368,
        "w": 269,
        "h": 252
    },
    "52.png": {
        "x": 2393,
        "y": 1620,
        "w": 269,
        "h": 254
    },
    "143.png": {
        "x": 2393,
        "y": 1874,
        "w": 264,
        "h": 269
    },
    "146.png": {
        "x": 2393,
        "y": 2143,
        "w": 264,
        "h": 268
    },
    "144.png": {
        "x": 0,
        "y": 2602,
        "w": 264,
        "h": 268
    },
    "131.png": {
        "x": 264,
        "y": 2602,
        "w": 261,
        "h": 268
    },
    "145.png": {
        "x": 525,
        "y": 2601,
        "w": 264,
        "h": 267
    },
    "130.png": {
        "x": 789,
        "y": 2601,
        "w": 261,
        "h": 265
    },
    "128.png": {
        "x": 1050,
        "y": 2601,
        "w": 261,
        "h": 265
    },
    "129.png": {
        "x": 1311,
        "y": 2601,
        "w": 261,
        "h": 265
    },
    "42.png": {
        "x": 1572,
        "y": 2523,
        "w": 259,
        "h": 264
    },
    "132.png": {
        "x": 2375,
        "y": 2411,
        "w": 256,
        "h": 264
    },
    "43.png": {
        "x": 2106,
        "y": 2494,
        "w": 259,
        "h": 263
    },
    "41.png": {
        "x": 1831,
        "y": 2536,
        "w": 259,
        "h": 263
    },
    "89.png": {
        "x": 2690,
        "y": 0,
        "w": 263,
        "h": 247
    },
    "44.png": {
        "x": 2690,
        "y": 247,
        "w": 259,
        "h": 262
    },
    "40.png": {
        "x": 2690,
        "y": 509,
        "w": 259,
        "h": 262
    },
    "45.png": {
        "x": 2683,
        "y": 771,
        "w": 233,
        "h": 261
    },
    "39.png": {
        "x": 2662,
        "y": 1032,
        "w": 259,
        "h": 261
    },
    "149.png": {
        "x": 2662,
        "y": 1293,
        "w": 236,
        "h": 260
    },
    "62.png": {
        "x": 2662,
        "y": 1553,
        "w": 257,
        "h": 251
    },
    "77.png": {
        "x": 2662,
        "y": 1804,
        "w": 255,
        "h": 252
    },
    "85.png": {
        "x": 2657,
        "y": 2056,
        "w": 249,
        "h": 255
    },
    "2.png": {
        "x": 2657,
        "y": 2311,
        "w": 255,
        "h": 252
    },
    "46.png": {
        "x": 2631,
        "y": 2563,
        "w": 242,
        "h": 255
    },
    "1.png": {
        "x": 0,
        "y": 2870,
        "w": 245,
        "h": 254
    },
    "88.png": {
        "x": 245,
        "y": 2870,
        "w": 246,
        "h": 254
    },
    "0.png": {
        "x": 491,
        "y": 2870,
        "w": 240,
        "h": 254
    },
    "75.png": {
        "x": 731,
        "y": 2868,
        "w": 240,
        "h": 254
    },
    "76.png": {
        "x": 971,
        "y": 2866,
        "w": 245,
        "h": 254
    },
    "86.png": {
        "x": 1216,
        "y": 2866,
        "w": 246,
        "h": 254
    },
    "87.png": {
        "x": 1462,
        "y": 2866,
        "w": 246,
        "h": 254
    },
    "122.png": {
        "x": 2365,
        "y": 2675,
        "w": 253,
        "h": 252
    },
    "100.png": {
        "x": 2090,
        "y": 2757,
        "w": 251,
        "h": 250
    },
    "94.png": {
        "x": 2618,
        "y": 2818,
        "w": 250,
        "h": 248
    },
    "99.png": {
        "x": 1708,
        "y": 2799,
        "w": 250,
        "h": 248
    },
    "97.png": {
        "x": 2953,
        "y": 0,
        "w": 250,
        "h": 248
    },
    "101.png": {
        "x": 2949,
        "y": 248,
        "w": 250,
        "h": 250
    },
    "96.png": {
        "x": 2949,
        "y": 498,
        "w": 250,
        "h": 247
    },
    "95.png": {
        "x": 2949,
        "y": 745,
        "w": 250,
        "h": 248
    },
    "102.png": {
        "x": 2906,
        "y": 2056,
        "w": 249,
        "h": 244
    },
    "98.png": {
        "x": 2917,
        "y": 1804,
        "w": 249,
        "h": 243
    },
    "103.png": {
        "x": 2898,
        "y": 1293,
        "w": 248,
        "h": 242
    },
    "105.png": {
        "x": 2919,
        "y": 1535,
        "w": 248,
        "h": 244
    },
    "104.png": {
        "x": 2921,
        "y": 993,
        "w": 245,
        "h": 237
    }
}