{
    "64.png": {
        "x": 0,
        "y": 0,
        "w": 247,
        "h": 290
    },
    "63.png": {
        "x": 247,
        "y": 0,
        "w": 247,
        "h": 297
    },
    "72.png": {
        "x": 494,
        "y": 0,
        "w": 234,
        "h": 297
    },
    "73.png": {
        "x": 728,
        "y": 0,
        "w": 234,
        "h": 297
    },
    "74.png": {
        "x": 962,
        "y": 0,
        "w": 234,
        "h": 297
    },
    "71.png": {
        "x": 1196,
        "y": 0,
        "w": 249,
        "h": 302
    },
    "70.png": {
        "x": 1445,
        "y": 0,
        "w": 242,
        "h": 308
    },
    "69.png": {
        "x": 1687,
        "y": 0,
        "w": 218,
        "h": 310
    },
    "52.png": {
        "x": 1905,
        "y": 0,
        "w": 253,
        "h": 311
    },
    "56.png": {
        "x": 2158,
        "y": 0,
        "w": 244,
        "h": 314
    },
    "65.png": {
        "x": 2402,
        "y": 0,
        "w": 251,
        "h": 318
    },
    "62.png": {
        "x": 2653,
        "y": 0,
        "w": 249,
        "h": 323
    },
    "66.png": {
        "x": 2902,
        "y": 0,
        "w": 250,
        "h": 323
    },
    "67.png": {
        "x": 3152,
        "y": 0,
        "w": 250,
        "h": 323
    },
    "149.png": {
        "x": 3402,
        "y": 0,
        "w": 277,
        "h": 324
    },
    "169.png": {
        "x": 3679,
        "y": 0,
        "w": 313,
        "h": 325
    },
    "98.png": {
        "x": 3992,
        "y": 0,
        "w": 237,
        "h": 325
    },
    "99.png": {
        "x": 4229,
        "y": 0,
        "w": 244,
        "h": 325
    },
    "140.png": {
        "x": 4473,
        "y": 0,
        "w": 261,
        "h": 326
    },
    "175.png": {
        "x": 4734,
        "y": 0,
        "w": 271,
        "h": 326
    },
    "3.png": {
        "x": 5005,
        "y": 0,
        "w": 268,
        "h": 326
    },
    "55.png": {
        "x": 5273,
        "y": 0,
        "w": 237,
        "h": 326
    },
    "105.png": {
        "x": 5510,
        "y": 0,
        "w": 251,
        "h": 327
    },
    "119.png": {
        "x": 5761,
        "y": 0,
        "w": 247,
        "h": 327
    },
    "138.png": {
        "x": 6008,
        "y": 0,
        "w": 263,
        "h": 327
    },
    "176.png": {
        "x": 6271,
        "y": 0,
        "w": 271,
        "h": 327
    },
    "51.png": {
        "x": 6542,
        "y": 0,
        "w": 232,
        "h": 327
    },
    "0.png": {
        "x": 6774,
        "y": 0,
        "w": 266,
        "h": 328
    },
    "1.png": {
        "x": 7040,
        "y": 0,
        "w": 268,
        "h": 328
    },
    "10.png": {
        "x": 7308,
        "y": 0,
        "w": 272,
        "h": 328
    },
    "102.png": {
        "x": 7580,
        "y": 0,
        "w": 238,
        "h": 328
    },
    "104.png": {
        "x": 7818,
        "y": 0,
        "w": 255,
        "h": 328
    },
    "11.png": {
        "x": 8073,
        "y": 0,
        "w": 272,
        "h": 328
    },
    "110.png": {
        "x": 8345,
        "y": 0,
        "w": 267,
        "h": 328
    },
    "111.png": {
        "x": 8612,
        "y": 0,
        "w": 265,
        "h": 328
    },
    "120.png": {
        "x": 0,
        "y": 290,
        "w": 243,
        "h": 328
    },
    "114.png": {
        "x": 243,
        "y": 297,
        "w": 267,
        "h": 328
    },
    "12.png": {
        "x": 510,
        "y": 297,
        "w": 272,
        "h": 328
    },
    "121.png": {
        "x": 782,
        "y": 297,
        "w": 243,
        "h": 328
    },
    "122.png": {
        "x": 1025,
        "y": 302,
        "w": 249,
        "h": 328
    },
    "123.png": {
        "x": 1274,
        "y": 308,
        "w": 248,
        "h": 328
    },
    "13.png": {
        "x": 1522,
        "y": 310,
        "w": 272,
        "h": 328
    },
    "142.png": {
        "x": 1794,
        "y": 311,
        "w": 274,
        "h": 328
    },
    "143.png": {
        "x": 2068,
        "y": 314,
        "w": 274,
        "h": 328
    },
    "144.png": {
        "x": 2342,
        "y": 318,
        "w": 274,
        "h": 328
    },
    "145.png": {
        "x": 2616,
        "y": 323,
        "w": 274,
        "h": 328
    },
    "146.png": {
        "x": 2890,
        "y": 323,
        "w": 274,
        "h": 328
    },
    "177.png": {
        "x": 3164,
        "y": 323,
        "w": 223,
        "h": 329
    },
    "178.png": {
        "x": 3387,
        "y": 324,
        "w": 280,
        "h": 328
    },
    "2.png": {
        "x": 3667,
        "y": 325,
        "w": 268,
        "h": 328
    },
    "21.png": {
        "x": 3935,
        "y": 325,
        "w": 271,
        "h": 328
    },
    "39.png": {
        "x": 4206,
        "y": 325,
        "w": 267,
        "h": 328
    },
    "40.png": {
        "x": 4473,
        "y": 326,
        "w": 267,
        "h": 328
    },
    "41.png": {
        "x": 4740,
        "y": 326,
        "w": 267,
        "h": 328
    },
    "42.png": {
        "x": 5007,
        "y": 326,
        "w": 267,
        "h": 328
    },
    "43.png": {
        "x": 5274,
        "y": 327,
        "w": 267,
        "h": 328
    },
    "44.png": {
        "x": 5541,
        "y": 327,
        "w": 267,
        "h": 328
    },
    "75.png": {
        "x": 5808,
        "y": 327,
        "w": 266,
        "h": 328
    },
    "76.png": {
        "x": 6074,
        "y": 327,
        "w": 268,
        "h": 328
    },
    "77.png": {
        "x": 6342,
        "y": 327,
        "w": 268,
        "h": 328
    },
    "9.png": {
        "x": 6610,
        "y": 328,
        "w": 272,
        "h": 328
    },
    "103.png": {
        "x": 6882,
        "y": 328,
        "w": 246,
        "h": 329
    },
    "106.png": {
        "x": 7128,
        "y": 328,
        "w": 266,
        "h": 329
    },
    "107.png": {
        "x": 7394,
        "y": 328,
        "w": 265,
        "h": 329
    },
    "109.png": {
        "x": 7659,
        "y": 328,
        "w": 273,
        "h": 329
    },
    "14.png": {
        "x": 7932,
        "y": 328,
        "w": 268,
        "h": 329
    },
    "148.png": {
        "x": 8200,
        "y": 328,
        "w": 273,
        "h": 329
    },
    "150.png": {
        "x": 8473,
        "y": 328,
        "w": 319,
        "h": 329
    },
    "133.png": {
        "x": 0,
        "y": 618,
        "w": 236,
        "h": 330
    },
    "16.png": {
        "x": 236,
        "y": 625,
        "w": 330,
        "h": 329
    },
    "164.png": {
        "x": 566,
        "y": 625,
        "w": 267,
        "h": 329
    },
    "165.png": {
        "x": 833,
        "y": 630,
        "w": 266,
        "h": 329
    },
    "167.png": {
        "x": 1099,
        "y": 636,
        "w": 269,
        "h": 329
    },
    "168.png": {
        "x": 1368,
        "y": 638,
        "w": 272,
        "h": 329
    },
    "170.png": {
        "x": 1640,
        "y": 639,
        "w": 359,
        "h": 329
    },
    "22.png": {
        "x": 1999,
        "y": 642,
        "w": 271,
        "h": 329
    },
    "23.png": {
        "x": 2270,
        "y": 646,
        "w": 271,
        "h": 329
    },
    "24.png": {
        "x": 2541,
        "y": 651,
        "w": 271,
        "h": 329
    },
    "25.png": {
        "x": 2812,
        "y": 651,
        "w": 271,
        "h": 329
    },
    "26.png": {
        "x": 3083,
        "y": 652,
        "w": 271,
        "h": 329
    },
    "27.png": {
        "x": 3354,
        "y": 652,
        "w": 274,
        "h": 329
    },
    "4.png": {
        "x": 3628,
        "y": 653,
        "w": 269,
        "h": 329
    },
    "46.png": {
        "x": 3897,
        "y": 653,
        "w": 254,
        "h": 329
    },
    "5.png": {
        "x": 4151,
        "y": 653,
        "w": 269,
        "h": 329
    },
    "59.png": {
        "x": 4420,
        "y": 654,
        "w": 264,
        "h": 329
    },
    "6.png": {
        "x": 4684,
        "y": 654,
        "w": 269,
        "h": 329
    },
    "60.png": {
        "x": 4953,
        "y": 654,
        "w": 264,
        "h": 329
    },
    "61.png": {
        "x": 5217,
        "y": 655,
        "w": 268,
        "h": 329
    },
    "7.png": {
        "x": 5485,
        "y": 655,
        "w": 270,
        "h": 329
    },
    "8.png": {
        "x": 5755,
        "y": 655,
        "w": 271,
        "h": 329
    },
    "84.png": {
        "x": 6026,
        "y": 655,
        "w": 246,
        "h": 329
    },
    "94.png": {
        "x": 6272,
        "y": 655,
        "w": 245,
        "h": 329
    },
    "95.png": {
        "x": 6517,
        "y": 656,
        "w": 245,
        "h": 329
    },
    "96.png": {
        "x": 6762,
        "y": 657,
        "w": 245,
        "h": 329
    },
    "97.png": {
        "x": 7007,
        "y": 657,
        "w": 245,
        "h": 329
    },
    "100.png": {
        "x": 7252,
        "y": 657,
        "w": 254,
        "h": 330
    },
    "101.png": {
        "x": 7506,
        "y": 657,
        "w": 249,
        "h": 330
    },
    "108.png": {
        "x": 7755,
        "y": 657,
        "w": 272,
        "h": 330
    },
    "112.png": {
        "x": 8027,
        "y": 657,
        "w": 270,
        "h": 330
    },
    "128.png": {
        "x": 8297,
        "y": 657,
        "w": 270,
        "h": 330
    },
    "129.png": {
        "x": 8567,
        "y": 657,
        "w": 270,
        "h": 330
    },
    "134.png": {
        "x": 0,
        "y": 948,
        "w": 235,
        "h": 330
    },
    "130.png": {
        "x": 235,
        "y": 954,
        "w": 270,
        "h": 330
    },
    "131.png": {
        "x": 505,
        "y": 954,
        "w": 270,
        "h": 330
    },
    "132.png": {
        "x": 775,
        "y": 959,
        "w": 262,
        "h": 330
    },
    "135.png": {
        "x": 1037,
        "y": 965,
        "w": 235,
        "h": 330
    },
    "136.png": {
        "x": 1272,
        "y": 967,
        "w": 235,
        "h": 330
    },
    "137.png": {
        "x": 1507,
        "y": 968,
        "w": 235,
        "h": 330
    },
    "45.png": {
        "x": 1742,
        "y": 968,
        "w": 254,
        "h": 330
    },
    "147.png": {
        "x": 1996,
        "y": 971,
        "w": 267,
        "h": 330
    },
    "166.png": {
        "x": 2263,
        "y": 975,
        "w": 268,
        "h": 330
    },
    "155.png": {
        "x": 2531,
        "y": 980,
        "w": 351,
        "h": 330
    },
    "156.png": {
        "x": 2882,
        "y": 981,
        "w": 350,
        "h": 330
    },
    "159.png": {
        "x": 3232,
        "y": 981,
        "w": 343,
        "h": 330
    },
    "160.png": {
        "x": 3575,
        "y": 982,
        "w": 342,
        "h": 330
    },
    "161.png": {
        "x": 3917,
        "y": 982,
        "w": 340,
        "h": 330
    },
    "162.png": {
        "x": 4257,
        "y": 983,
        "w": 339,
        "h": 330
    },
    "163.png": {
        "x": 4596,
        "y": 983,
        "w": 339,
        "h": 330
    },
    "29.png": {
        "x": 4935,
        "y": 983,
        "w": 274,
        "h": 330
    },
    "17.png": {
        "x": 5209,
        "y": 984,
        "w": 331,
        "h": 330
    },
    "171.png": {
        "x": 5540,
        "y": 984,
        "w": 341,
        "h": 330
    },
    "30.png": {
        "x": 5881,
        "y": 984,
        "w": 274,
        "h": 330
    },
    "31.png": {
        "x": 6155,
        "y": 984,
        "w": 274,
        "h": 330
    },
    "32.png": {
        "x": 6429,
        "y": 985,
        "w": 273,
        "h": 330
    },
    "33.png": {
        "x": 6702,
        "y": 986,
        "w": 272,
        "h": 330
    },
    "34.png": {
        "x": 6974,
        "y": 986,
        "w": 273,
        "h": 330
    },
    "35.png": {
        "x": 7247,
        "y": 987,
        "w": 275,
        "h": 330
    },
    "36.png": {
        "x": 7522,
        "y": 987,
        "w": 275,
        "h": 330
    },
    "37.png": {
        "x": 7797,
        "y": 987,
        "w": 275,
        "h": 330
    },
    "38.png": {
        "x": 8072,
        "y": 987,
        "w": 275,
        "h": 330
    },
    "53.png": {
        "x": 8347,
        "y": 987,
        "w": 268,
        "h": 330
    },
    "68.png": {
        "x": 8615,
        "y": 987,
        "w": 268,
        "h": 330
    },
    "85.png": {
        "x": 0,
        "y": 1284,
        "w": 245,
        "h": 330
    },
    "86.png": {
        "x": 245,
        "y": 1284,
        "w": 245,
        "h": 330
    },
    "87.png": {
        "x": 490,
        "y": 1284,
        "w": 245,
        "h": 330
    },
    "88.png": {
        "x": 735,
        "y": 1289,
        "w": 245,
        "h": 330
    },
    "89.png": {
        "x": 980,
        "y": 1295,
        "w": 245,
        "h": 330
    },
    "90.png": {
        "x": 1225,
        "y": 1297,
        "w": 245,
        "h": 330
    },
    "91.png": {
        "x": 1470,
        "y": 1298,
        "w": 245,
        "h": 330
    },
    "92.png": {
        "x": 1715,
        "y": 1298,
        "w": 245,
        "h": 330
    },
    "93.png": {
        "x": 1960,
        "y": 1301,
        "w": 245,
        "h": 330
    },
    "113.png": {
        "x": 2205,
        "y": 1305,
        "w": 271,
        "h": 331
    },
    "115.png": {
        "x": 2476,
        "y": 1310,
        "w": 264,
        "h": 331
    },
    "116.png": {
        "x": 2740,
        "y": 1311,
        "w": 264,
        "h": 331
    },
    "117.png": {
        "x": 3004,
        "y": 1311,
        "w": 254,
        "h": 331
    },
    "118.png": {
        "x": 3258,
        "y": 1311,
        "w": 254,
        "h": 331
    },
    "15.png": {
        "x": 3512,
        "y": 1312,
        "w": 275,
        "h": 331
    },
    "151.png": {
        "x": 3787,
        "y": 1312,
        "w": 349,
        "h": 331
    },
    "152.png": {
        "x": 4136,
        "y": 1313,
        "w": 348,
        "h": 331
    },
    "153.png": {
        "x": 4484,
        "y": 1313,
        "w": 348,
        "h": 331
    },
    "154.png": {
        "x": 4832,
        "y": 1313,
        "w": 351,
        "h": 331
    },
    "158.png": {
        "x": 5183,
        "y": 1314,
        "w": 348,
        "h": 331
    },
    "18.png": {
        "x": 5531,
        "y": 1314,
        "w": 331,
        "h": 331
    },
    "19.png": {
        "x": 5862,
        "y": 1314,
        "w": 331,
        "h": 331
    },
    "20.png": {
        "x": 6193,
        "y": 1315,
        "w": 331,
        "h": 331
    },
    "28.png": {
        "x": 6524,
        "y": 1316,
        "w": 274,
        "h": 331
    },
    "57.png": {
        "x": 6798,
        "y": 1316,
        "w": 260,
        "h": 331
    },
    "157.png": {
        "x": 7058,
        "y": 1317,
        "w": 349,
        "h": 332
    },
    "54.png": {
        "x": 7407,
        "y": 1317,
        "w": 254,
        "h": 332
    },
    "78.png": {
        "x": 7661,
        "y": 1317,
        "w": 348,
        "h": 332
    },
    "79.png": {
        "x": 8009,
        "y": 1317,
        "w": 351,
        "h": 332
    },
    "139.png": {
        "x": 8360,
        "y": 1317,
        "w": 258,
        "h": 333
    },
    "141.png": {
        "x": 8618,
        "y": 1317,
        "w": 258,
        "h": 333
    },
    "172.png": {
        "x": 0,
        "y": 1614,
        "w": 335,
        "h": 333
    },
    "173.png": {
        "x": 335,
        "y": 1614,
        "w": 337,
        "h": 333
    },
    "124.png": {
        "x": 672,
        "y": 1619,
        "w": 264,
        "h": 334
    },
    "125.png": {
        "x": 936,
        "y": 1625,
        "w": 265,
        "h": 334
    },
    "126.png": {
        "x": 1201,
        "y": 1627,
        "w": 265,
        "h": 334
    },
    "174.png": {
        "x": 1466,
        "y": 1628,
        "w": 337,
        "h": 333
    },
    "80.png": {
        "x": 1803,
        "y": 1631,
        "w": 351,
        "h": 333
    },
    "127.png": {
        "x": 2154,
        "y": 1636,
        "w": 265,
        "h": 334
    },
    "58.png": {
        "x": 2419,
        "y": 1641,
        "w": 246,
        "h": 334
    },
    "81.png": {
        "x": 2665,
        "y": 1642,
        "w": 351,
        "h": 333
    },
    "82.png": {
        "x": 3016,
        "y": 1642,
        "w": 351,
        "h": 333
    },
    "83.png": {
        "x": 3367,
        "y": 1643,
        "w": 351,
        "h": 333
    },
    "49.png": {
        "x": 3718,
        "y": 1643,
        "w": 280,
        "h": 336
    },
    "50.png": {
        "x": 3998,
        "y": 1644,
        "w": 280,
        "h": 336
    },
    "47.png": {
        "x": 4278,
        "y": 1644,
        "w": 274,
        "h": 338
    },
    "48.png": {
        "x": 4552,
        "y": 1644,
        "w": 272,
        "h": 339
    }
}