{
    "157.png": {
        "x": 0,
        "y": 0,
        "w": 372,
        "h": 294
    },
    "158.png": {
        "x": 0,
        "y": 294,
        "w": 371,
        "h": 293
    },
    "178.png": {
        "x": 372,
        "y": 0,
        "w": 319,
        "h": 302
    },
    "16.png": {
        "x": 0,
        "y": 587,
        "w": 335,
        "h": 270
    },
    "140.png": {
        "x": 371,
        "y": 302,
        "w": 296,
        "h": 285
    },
    "114.png": {
        "x": 667,
        "y": 302,
        "w": 290,
        "h": 286
    },
    "141.png": {
        "x": 691,
        "y": 0,
        "w": 278,
        "h": 298
    },
    "139.png": {
        "x": 335,
        "y": 587,
        "w": 277,
        "h": 298
    },
    "177.png": {
        "x": 0,
        "y": 857,
        "w": 292,
        "h": 278
    },
    "169.png": {
        "x": 292,
        "y": 885,
        "w": 312,
        "h": 254
    },
    "116.png": {
        "x": 612,
        "y": 588,
        "w": 278,
        "h": 283
    },
    "115.png": {
        "x": 612,
        "y": 871,
        "w": 278,
        "h": 283
    },
    "8.png": {
        "x": 890,
        "y": 588,
        "w": 284,
        "h": 259
    },
    "109.png": {
        "x": 957,
        "y": 298,
        "w": 262,
        "h": 279
    },
    "34.png": {
        "x": 969,
        "y": 0,
        "w": 277,
        "h": 263
    },
    "6.png": {
        "x": 890,
        "y": 847,
        "w": 280,
        "h": 259
    },
    "7.png": {
        "x": 0,
        "y": 1135,
        "w": 281,
        "h": 258
    },
    "5.png": {
        "x": 281,
        "y": 1139,
        "w": 279,
        "h": 259
    },
    "4.png": {
        "x": 890,
        "y": 1106,
        "w": 278,
        "h": 258
    },
    "84.png": {
        "x": 1168,
        "y": 1106,
        "w": 250,
        "h": 283
    },
    "58.png": {
        "x": 560,
        "y": 1154,
        "w": 274,
        "h": 253
    },
    "54.png": {
        "x": 1170,
        "y": 847,
        "w": 274,
        "h": 253
    },
    "23.png": {
        "x": 1174,
        "y": 577,
        "w": 264,
        "h": 262
    },
    "24.png": {
        "x": 1219,
        "y": 263,
        "w": 264,
        "h": 262
    },
    "113.png": {
        "x": 0,
        "y": 1393,
        "w": 261,
        "h": 265
    },
    "3.png": {
        "x": 261,
        "y": 1398,
        "w": 273,
        "h": 253
    },
    "51.png": {
        "x": 834,
        "y": 1364,
        "w": 274,
        "h": 252
    },
    "55.png": {
        "x": 534,
        "y": 1407,
        "w": 274,
        "h": 252
    },
    "26.png": {
        "x": 1246,
        "y": 0,
        "w": 263,
        "h": 262
    },
    "25.png": {
        "x": 1108,
        "y": 1389,
        "w": 263,
        "h": 262
    },
    "143.png": {
        "x": 1438,
        "y": 525,
        "w": 264,
        "h": 261
    },
    "142.png": {
        "x": 1483,
        "y": 262,
        "w": 263,
        "h": 261
    },
    "22.png": {
        "x": 1509,
        "y": 0,
        "w": 264,
        "h": 260
    },
    "144.png": {
        "x": 1371,
        "y": 1389,
        "w": 264,
        "h": 260
    },
    "146.png": {
        "x": 1418,
        "y": 1100,
        "w": 264,
        "h": 260
    },
    "145.png": {
        "x": 1444,
        "y": 786,
        "w": 264,
        "h": 259
    },
    "56.png": {
        "x": 261,
        "y": 1651,
        "w": 273,
        "h": 249
    },
    "31.png": {
        "x": 0,
        "y": 1658,
        "w": 255,
        "h": 266
    },
    "30.png": {
        "x": 808,
        "y": 1616,
        "w": 255,
        "h": 266
    },
    "52.png": {
        "x": 534,
        "y": 1659,
        "w": 272,
        "h": 249
    },
    "53.png": {
        "x": 1371,
        "y": 1649,
        "w": 272,
        "h": 249
    },
    "57.png": {
        "x": 1063,
        "y": 1651,
        "w": 272,
        "h": 249
    },
    "73.png": {
        "x": 1702,
        "y": 523,
        "w": 266,
        "h": 254
    },
    "72.png": {
        "x": 1746,
        "y": 260,
        "w": 266,
        "h": 254
    },
    "29.png": {
        "x": 1635,
        "y": 1360,
        "w": 254,
        "h": 266
    },
    "131.png": {
        "x": 1773,
        "y": 0,
        "w": 261,
        "h": 258
    },
    "74.png": {
        "x": 1682,
        "y": 1045,
        "w": 265,
        "h": 254
    },
    "28.png": {
        "x": 1708,
        "y": 777,
        "w": 253,
        "h": 266
    },
    "130.png": {
        "x": 1643,
        "y": 1626,
        "w": 261,
        "h": 256
    },
    "129.png": {
        "x": 255,
        "y": 1900,
        "w": 261,
        "h": 256
    },
    "128.png": {
        "x": 1643,
        "y": 1882,
        "w": 261,
        "h": 256
    },
    "71.png": {
        "x": 1335,
        "y": 1898,
        "w": 266,
        "h": 251
    },
    "138.png": {
        "x": 806,
        "y": 1882,
        "w": 240,
        "h": 276
    },
    "68.png": {
        "x": 516,
        "y": 1908,
        "w": 256,
        "h": 256
    },
    "118.png": {
        "x": 1046,
        "y": 1900,
        "w": 249,
        "h": 263
    },
    "61.png": {
        "x": 1889,
        "y": 1299,
        "w": 257,
        "h": 254
    },
    "27.png": {
        "x": 0,
        "y": 1924,
        "w": 253,
        "h": 258
    },
    "132.png": {
        "x": 1947,
        "y": 1043,
        "w": 256,
        "h": 254
    },
    "117.png": {
        "x": 1961,
        "y": 777,
        "w": 249,
        "h": 261
    },
    "42.png": {
        "x": 1968,
        "y": 514,
        "w": 254,
        "h": 253
    },
    "43.png": {
        "x": 2012,
        "y": 258,
        "w": 254,
        "h": 252
    },
    "41.png": {
        "x": 2034,
        "y": 0,
        "w": 254,
        "h": 252
    },
    "44.png": {
        "x": 1904,
        "y": 1553,
        "w": 254,
        "h": 251
    },
    "40.png": {
        "x": 1904,
        "y": 1804,
        "w": 254,
        "h": 251
    },
    "63.png": {
        "x": 253,
        "y": 2156,
        "w": 260,
        "h": 245
    },
    "64.png": {
        "x": 772,
        "y": 2158,
        "w": 261,
        "h": 244
    },
    "33.png": {
        "x": 513,
        "y": 2164,
        "w": 247,
        "h": 256
    },
    "39.png": {
        "x": 1904,
        "y": 2055,
        "w": 253,
        "h": 249
    },
    "32.png": {
        "x": 1601,
        "y": 2138,
        "w": 245,
        "h": 253
    },
    "65.png": {
        "x": 1295,
        "y": 2149,
        "w": 261,
        "h": 237
    },
    "60.png": {
        "x": 1033,
        "y": 2163,
        "w": 243,
        "h": 254
    },
    "67.png": {
        "x": 2146,
        "y": 1297,
        "w": 260,
        "h": 236
    },
    "59.png": {
        "x": 2203,
        "y": 1038,
        "w": 243,
        "h": 251
    },
    "66.png": {
        "x": 2210,
        "y": 767,
        "w": 259,
        "h": 235
    },
    "50.png": {
        "x": 2157,
        "y": 2055,
        "w": 185,
        "h": 327
    },
    "49.png": {
        "x": 2266,
        "y": 252,
        "w": 185,
        "h": 327
    },
    "47.png": {
        "x": 2342,
        "y": 1533,
        "w": 188,
        "h": 317
    },
    "62.png": {
        "x": 2288,
        "y": 0,
        "w": 254,
        "h": 234
    },
    "104.png": {
        "x": 0,
        "y": 2182,
        "w": 249,
        "h": 238
    },
    "105.png": {
        "x": 249,
        "y": 2401,
        "w": 249,
        "h": 237
    },
    "103.png": {
        "x": 0,
        "y": 2420,
        "w": 249,
        "h": 237
    },
    "101.png": {
        "x": 760,
        "y": 2402,
        "w": 250,
        "h": 236
    },
    "102.png": {
        "x": 498,
        "y": 2420,
        "w": 249,
        "h": 236
    },
    "100.png": {
        "x": 1276,
        "y": 2386,
        "w": 249,
        "h": 236
    },
    "99.png": {
        "x": 1010,
        "y": 2417,
        "w": 249,
        "h": 236
    },
    "98.png": {
        "x": 1846,
        "y": 2304,
        "w": 249,
        "h": 236
    },
    "48.png": {
        "x": 2158,
        "y": 1533,
        "w": 181,
        "h": 323
    },
    "119.png": {
        "x": 1525,
        "y": 2391,
        "w": 233,
        "h": 250
    },
    "95.png": {
        "x": 2095,
        "y": 2382,
        "w": 245,
        "h": 236
    },
    "94.png": {
        "x": 2406,
        "y": 1289,
        "w": 245,
        "h": 236
    },
    "97.png": {
        "x": 2446,
        "y": 1002,
        "w": 245,
        "h": 236
    },
    "96.png": {
        "x": 2340,
        "y": 2382,
        "w": 245,
        "h": 235
    },
    "122.png": {
        "x": 2451,
        "y": 234,
        "w": 234,
        "h": 246
    },
    "85.png": {
        "x": 2451,
        "y": 480,
        "w": 242,
        "h": 235
    },
    "90.png": {
        "x": 2542,
        "y": 0,
        "w": 243,
        "h": 234
    },
    "123.png": {
        "x": 2469,
        "y": 715,
        "w": 231,
        "h": 246
    },
    "93.png": {
        "x": 2530,
        "y": 1525,
        "w": 242,
        "h": 234
    },
    "92.png": {
        "x": 2530,
        "y": 1759,
        "w": 242,
        "h": 234
    },
    "91.png": {
        "x": 2342,
        "y": 1993,
        "w": 242,
        "h": 234
    },
    "86.png": {
        "x": 249,
        "y": 2638,
        "w": 241,
        "h": 234
    },
    "89.png": {
        "x": 0,
        "y": 2657,
        "w": 241,
        "h": 234
    },
    "45.png": {
        "x": 747,
        "y": 2638,
        "w": 231,
        "h": 244
    },
    "88.png": {
        "x": 490,
        "y": 2656,
        "w": 239,
        "h": 234
    },
    "87.png": {
        "x": 1259,
        "y": 2622,
        "w": 239,
        "h": 234
    },
    "120.png": {
        "x": 1758,
        "y": 2540,
        "w": 224,
        "h": 247
    },
    "121.png": {
        "x": 1498,
        "y": 2641,
        "w": 223,
        "h": 247
    },
    "133.png": {
        "x": 978,
        "y": 2653,
        "w": 231,
        "h": 235
    },
    "134.png": {
        "x": 2340,
        "y": 2617,
        "w": 231,
        "h": 235
    },
    "46.png": {
        "x": 2571,
        "y": 2617,
        "w": 228,
        "h": 238
    },
    "137.png": {
        "x": 1982,
        "y": 2618,
        "w": 230,
        "h": 235
    },
    "136.png": {
        "x": 2685,
        "y": 234,
        "w": 230,
        "h": 235
    },
    "135.png": {
        "x": 2785,
        "y": 0,
        "w": 230,
        "h": 234
    },
    "150.png": {
        "x": 2469,
        "y": 961,
        "w": 501,
        "h": 1
    },
    "151.png": {
        "x": 2469,
        "y": 962,
        "w": 501,
        "h": 1
    },
    "152.png": {
        "x": 2469,
        "y": 963,
        "w": 501,
        "h": 1
    },
    "153.png": {
        "x": 2469,
        "y": 964,
        "w": 501,
        "h": 1
    },
    "154.png": {
        "x": 2469,
        "y": 965,
        "w": 501,
        "h": 1
    },
    "155.png": {
        "x": 2469,
        "y": 966,
        "w": 501,
        "h": 1
    },
    "156.png": {
        "x": 2469,
        "y": 967,
        "w": 501,
        "h": 1
    },
    "110.png": {
        "x": 2469,
        "y": 968,
        "w": 501,
        "h": 1
    },
    "12.png": {
        "x": 2469,
        "y": 969,
        "w": 501,
        "h": 1
    },
    "159.png": {
        "x": 2469,
        "y": 970,
        "w": 501,
        "h": 1
    },
    "111.png": {
        "x": 2469,
        "y": 971,
        "w": 501,
        "h": 1
    },
    "160.png": {
        "x": 2469,
        "y": 972,
        "w": 501,
        "h": 1
    },
    "161.png": {
        "x": 2469,
        "y": 973,
        "w": 501,
        "h": 1
    },
    "162.png": {
        "x": 2469,
        "y": 974,
        "w": 501,
        "h": 1
    },
    "163.png": {
        "x": 2469,
        "y": 975,
        "w": 501,
        "h": 1
    },
    "164.png": {
        "x": 2469,
        "y": 976,
        "w": 501,
        "h": 1
    },
    "165.png": {
        "x": 2469,
        "y": 977,
        "w": 501,
        "h": 1
    },
    "166.png": {
        "x": 2469,
        "y": 978,
        "w": 501,
        "h": 1
    },
    "167.png": {
        "x": 2469,
        "y": 979,
        "w": 501,
        "h": 1
    },
    "168.png": {
        "x": 2469,
        "y": 980,
        "w": 501,
        "h": 1
    },
    "112.png": {
        "x": 2469,
        "y": 981,
        "w": 501,
        "h": 1
    },
    "17.png": {
        "x": 2469,
        "y": 982,
        "w": 501,
        "h": 1
    },
    "170.png": {
        "x": 2469,
        "y": 983,
        "w": 501,
        "h": 1
    },
    "171.png": {
        "x": 2469,
        "y": 984,
        "w": 501,
        "h": 1
    },
    "172.png": {
        "x": 2469,
        "y": 985,
        "w": 501,
        "h": 1
    },
    "173.png": {
        "x": 2469,
        "y": 986,
        "w": 501,
        "h": 1
    },
    "174.png": {
        "x": 2469,
        "y": 987,
        "w": 501,
        "h": 1
    },
    "175.png": {
        "x": 2469,
        "y": 988,
        "w": 501,
        "h": 1
    },
    "176.png": {
        "x": 2469,
        "y": 989,
        "w": 501,
        "h": 1
    },
    "10.png": {
        "x": 2469,
        "y": 990,
        "w": 501,
        "h": 1
    },
    "106.png": {
        "x": 2469,
        "y": 991,
        "w": 501,
        "h": 1
    },
    "1.png": {
        "x": 2469,
        "y": 992,
        "w": 501,
        "h": 1
    },
    "19.png": {
        "x": 2469,
        "y": 993,
        "w": 501,
        "h": 1
    },
    "69.png": {
        "x": 2469,
        "y": 994,
        "w": 501,
        "h": 1
    },
    "2.png": {
        "x": 2469,
        "y": 995,
        "w": 501,
        "h": 1
    },
    "70.png": {
        "x": 2469,
        "y": 996,
        "w": 501,
        "h": 1
    },
    "20.png": {
        "x": 2469,
        "y": 997,
        "w": 501,
        "h": 1
    },
    "21.png": {
        "x": 2469,
        "y": 998,
        "w": 501,
        "h": 1
    },
    "124.png": {
        "x": 2469,
        "y": 999,
        "w": 501,
        "h": 1
    },
    "125.png": {
        "x": 2469,
        "y": 1000,
        "w": 501,
        "h": 1
    },
    "75.png": {
        "x": 2469,
        "y": 1001,
        "w": 501,
        "h": 1
    },
    "76.png": {
        "x": 0,
        "y": 2891,
        "w": 501,
        "h": 1
    },
    "77.png": {
        "x": 241,
        "y": 2890,
        "w": 501,
        "h": 1
    },
    "78.png": {
        "x": 729,
        "y": 2888,
        "w": 501,
        "h": 1
    },
    "79.png": {
        "x": 729,
        "y": 2889,
        "w": 501,
        "h": 1
    },
    "14.png": {
        "x": 1230,
        "y": 2888,
        "w": 501,
        "h": 1
    },
    "80.png": {
        "x": 1230,
        "y": 2889,
        "w": 501,
        "h": 1
    },
    "81.png": {
        "x": 501,
        "y": 2891,
        "w": 501,
        "h": 1
    },
    "82.png": {
        "x": 742,
        "y": 2890,
        "w": 501,
        "h": 1
    },
    "83.png": {
        "x": 1243,
        "y": 2890,
        "w": 501,
        "h": 1
    },
    "126.png": {
        "x": 1002,
        "y": 2891,
        "w": 501,
        "h": 1
    },
    "127.png": {
        "x": 1503,
        "y": 2891,
        "w": 501,
        "h": 1
    },
    "107.png": {
        "x": 0,
        "y": 2892,
        "w": 501,
        "h": 1
    },
    "108.png": {
        "x": 501,
        "y": 2892,
        "w": 501,
        "h": 1
    },
    "13.png": {
        "x": 1002,
        "y": 2892,
        "w": 501,
        "h": 1
    },
    "0.png": {
        "x": 1503,
        "y": 2892,
        "w": 501,
        "h": 1
    },
    "9.png": {
        "x": 0,
        "y": 2893,
        "w": 501,
        "h": 1
    },
    "11.png": {
        "x": 0,
        "y": 2894,
        "w": 501,
        "h": 1
    },
    "147.png": {
        "x": 0,
        "y": 2895,
        "w": 501,
        "h": 1
    },
    "148.png": {
        "x": 0,
        "y": 2896,
        "w": 501,
        "h": 1
    },
    "149.png": {
        "x": 0,
        "y": 2897,
        "w": 501,
        "h": 1
    },
    "15.png": {
        "x": 0,
        "y": 2898,
        "w": 501,
        "h": 1
    },
    "35.png": {
        "x": 501,
        "y": 2893,
        "w": 501,
        "h": 1
    },
    "36.png": {
        "x": 1002,
        "y": 2893,
        "w": 501,
        "h": 1
    },
    "37.png": {
        "x": 1503,
        "y": 2893,
        "w": 501,
        "h": 1
    },
    "38.png": {
        "x": 501,
        "y": 2894,
        "w": 501,
        "h": 1
    },
    "18.png": {
        "x": 501,
        "y": 2895,
        "w": 501,
        "h": 1
    }
}