{
    "69.png": {
        "x": 0,
        "y": 0,
        "w": 501,
        "h": 1
    },
    "18.png": {
        "x": 0,
        "y": 1,
        "w": 501,
        "h": 1
    },
    "158.png": {
        "x": 0,
        "y": 2,
        "w": 501,
        "h": 1
    },
    "80.png": {
        "x": 0,
        "y": 3,
        "w": 501,
        "h": 1
    },
    "81.png": {
        "x": 0,
        "y": 4,
        "w": 501,
        "h": 1
    },
    "82.png": {
        "x": 0,
        "y": 5,
        "w": 501,
        "h": 1
    },
    "5.png": {
        "x": 0,
        "y": 6,
        "w": 501,
        "h": 1
    },
    "106.png": {
        "x": 0,
        "y": 7,
        "w": 501,
        "h": 1
    },
    "107.png": {
        "x": 0,
        "y": 8,
        "w": 501,
        "h": 1
    },
    "149.png": {
        "x": 0,
        "y": 9,
        "w": 501,
        "h": 1
    },
    "6.png": {
        "x": 0,
        "y": 10,
        "w": 501,
        "h": 1
    },
    "26.png": {
        "x": 0,
        "y": 11,
        "w": 501,
        "h": 1
    },
    "25.png": {
        "x": 0,
        "y": 12,
        "w": 501,
        "h": 1
    },
    "114.png": {
        "x": 0,
        "y": 13,
        "w": 501,
        "h": 1
    },
    "115.png": {
        "x": 0,
        "y": 14,
        "w": 501,
        "h": 1
    },
    "116.png": {
        "x": 0,
        "y": 15,
        "w": 501,
        "h": 1
    },
    "117.png": {
        "x": 0,
        "y": 16,
        "w": 501,
        "h": 1
    },
    "118.png": {
        "x": 0,
        "y": 17,
        "w": 501,
        "h": 1
    },
    "24.png": {
        "x": 0,
        "y": 18,
        "w": 501,
        "h": 1
    },
    "23.png": {
        "x": 0,
        "y": 19,
        "w": 501,
        "h": 1
    },
    "22.png": {
        "x": 0,
        "y": 20,
        "w": 501,
        "h": 1
    },
    "21.png": {
        "x": 0,
        "y": 21,
        "w": 501,
        "h": 1
    },
    "20.png": {
        "x": 0,
        "y": 22,
        "w": 501,
        "h": 1
    },
    "19.png": {
        "x": 0,
        "y": 23,
        "w": 501,
        "h": 1
    },
    "124.png": {
        "x": 0,
        "y": 24,
        "w": 501,
        "h": 1
    },
    "125.png": {
        "x": 0,
        "y": 25,
        "w": 501,
        "h": 1
    },
    "126.png": {
        "x": 0,
        "y": 26,
        "w": 501,
        "h": 1
    },
    "127.png": {
        "x": 0,
        "y": 27,
        "w": 501,
        "h": 1
    },
    "4.png": {
        "x": 0,
        "y": 28,
        "w": 501,
        "h": 1
    },
    "176.png": {
        "x": 0,
        "y": 29,
        "w": 501,
        "h": 1
    },
    "175.png": {
        "x": 0,
        "y": 30,
        "w": 501,
        "h": 1
    },
    "174.png": {
        "x": 0,
        "y": 31,
        "w": 501,
        "h": 1
    },
    "173.png": {
        "x": 0,
        "y": 32,
        "w": 501,
        "h": 1
    },
    "172.png": {
        "x": 0,
        "y": 33,
        "w": 501,
        "h": 1
    },
    "171.png": {
        "x": 0,
        "y": 34,
        "w": 501,
        "h": 1
    },
    "148.png": {
        "x": 0,
        "y": 35,
        "w": 501,
        "h": 1
    },
    "17.png": {
        "x": 0,
        "y": 36,
        "w": 501,
        "h": 1
    },
    "7.png": {
        "x": 0,
        "y": 37,
        "w": 501,
        "h": 1
    },
    "83.png": {
        "x": 0,
        "y": 38,
        "w": 501,
        "h": 1
    },
    "70.png": {
        "x": 0,
        "y": 39,
        "w": 501,
        "h": 1
    },
    "166.png": {
        "x": 0,
        "y": 40,
        "w": 501,
        "h": 1
    },
    "78.png": {
        "x": 0,
        "y": 41,
        "w": 501,
        "h": 1
    },
    "79.png": {
        "x": 0,
        "y": 42,
        "w": 501,
        "h": 1
    },
    "147.png": {
        "x": 0,
        "y": 43,
        "w": 501,
        "h": 1
    },
    "159.png": {
        "x": 0,
        "y": 44,
        "w": 501,
        "h": 1
    },
    "157.png": {
        "x": 0,
        "y": 45,
        "w": 501,
        "h": 1
    },
    "170.png": {
        "x": 0,
        "y": 46,
        "w": 443,
        "h": 262
    },
    "153.png": {
        "x": 0,
        "y": 308,
        "w": 423,
        "h": 364
    },
    "152.png": {
        "x": 501,
        "y": 0,
        "w": 423,
        "h": 365
    },
    "151.png": {
        "x": 0,
        "y": 672,
        "w": 422,
        "h": 365
    },
    "35.png": {
        "x": 423,
        "y": 365,
        "w": 416,
        "h": 278
    },
    "36.png": {
        "x": 422,
        "y": 672,
        "w": 414,
        "h": 278
    },
    "37.png": {
        "x": 924,
        "y": 0,
        "w": 413,
        "h": 278
    },
    "38.png": {
        "x": 924,
        "y": 278,
        "w": 413,
        "h": 278
    },
    "154.png": {
        "x": 836,
        "y": 643,
        "w": 402,
        "h": 330
    },
    "16.png": {
        "x": 0,
        "y": 1037,
        "w": 397,
        "h": 355
    },
    "108.png": {
        "x": 422,
        "y": 950,
        "w": 395,
        "h": 317
    },
    "8.png": {
        "x": 817,
        "y": 973,
        "w": 388,
        "h": 274
    },
    "138.png": {
        "x": 1337,
        "y": 0,
        "w": 219,
        "h": 380
    },
    "177.png": {
        "x": 1205,
        "y": 973,
        "w": 258,
        "h": 374
    },
    "74.png": {
        "x": 1238,
        "y": 556,
        "w": 295,
        "h": 372
    },
    "73.png": {
        "x": 0,
        "y": 1392,
        "w": 295,
        "h": 372
    },
    "139.png": {
        "x": 295,
        "y": 1392,
        "w": 295,
        "h": 372
    },
    "141.png": {
        "x": 590,
        "y": 1347,
        "w": 295,
        "h": 372
    },
    "3.png": {
        "x": 885,
        "y": 1347,
        "w": 369,
        "h": 277
    },
    "178.png": {
        "x": 1254,
        "y": 1347,
        "w": 265,
        "h": 368
    },
    "61.png": {
        "x": 1556,
        "y": 0,
        "w": 257,
        "h": 366
    },
    "46.png": {
        "x": 1556,
        "y": 366,
        "w": 251,
        "h": 366
    },
    "68.png": {
        "x": 1533,
        "y": 732,
        "w": 254,
        "h": 366
    },
    "27.png": {
        "x": 0,
        "y": 1764,
        "w": 365,
        "h": 269
    },
    "134.png": {
        "x": 1519,
        "y": 1098,
        "w": 250,
        "h": 362
    },
    "137.png": {
        "x": 1519,
        "y": 1460,
        "w": 250,
        "h": 362
    },
    "136.png": {
        "x": 885,
        "y": 1624,
        "w": 250,
        "h": 362
    },
    "135.png": {
        "x": 1813,
        "y": 0,
        "w": 250,
        "h": 362
    },
    "133.png": {
        "x": 1813,
        "y": 362,
        "w": 249,
        "h": 361
    },
    "84.png": {
        "x": 1787,
        "y": 732,
        "w": 267,
        "h": 360
    },
    "72.png": {
        "x": 0,
        "y": 2033,
        "w": 325,
        "h": 358
    },
    "109.png": {
        "x": 325,
        "y": 2033,
        "w": 308,
        "h": 354
    },
    "110.png": {
        "x": 633,
        "y": 1986,
        "w": 198,
        "h": 354
    },
    "164.png": {
        "x": 831,
        "y": 1986,
        "w": 182,
        "h": 352
    },
    "42.png": {
        "x": 1769,
        "y": 1098,
        "w": 283,
        "h": 348
    },
    "49.png": {
        "x": 1013,
        "y": 1986,
        "w": 324,
        "h": 347
    },
    "43.png": {
        "x": 1769,
        "y": 1446,
        "w": 283,
        "h": 347
    },
    "50.png": {
        "x": 1337,
        "y": 1822,
        "w": 324,
        "h": 347
    },
    "41.png": {
        "x": 1769,
        "y": 1793,
        "w": 283,
        "h": 347
    },
    "40.png": {
        "x": 2063,
        "y": 0,
        "w": 283,
        "h": 346
    },
    "44.png": {
        "x": 2063,
        "y": 346,
        "w": 283,
        "h": 346
    },
    "62.png": {
        "x": 2062,
        "y": 692,
        "w": 258,
        "h": 345
    },
    "47.png": {
        "x": 2054,
        "y": 1037,
        "w": 286,
        "h": 345
    },
    "39.png": {
        "x": 2052,
        "y": 1382,
        "w": 283,
        "h": 345
    },
    "89.png": {
        "x": 2052,
        "y": 1727,
        "w": 281,
        "h": 344
    },
    "71.png": {
        "x": 2346,
        "y": 0,
        "w": 344,
        "h": 339
    },
    "105.png": {
        "x": 2320,
        "y": 692,
        "w": 297,
        "h": 344
    },
    "90.png": {
        "x": 2346,
        "y": 339,
        "w": 282,
        "h": 344
    },
    "91.png": {
        "x": 2340,
        "y": 1036,
        "w": 282,
        "h": 344
    },
    "92.png": {
        "x": 2340,
        "y": 1380,
        "w": 282,
        "h": 344
    },
    "93.png": {
        "x": 2335,
        "y": 1724,
        "w": 282,
        "h": 344
    },
    "100.png": {
        "x": 0,
        "y": 2391,
        "w": 289,
        "h": 343
    },
    "146.png": {
        "x": 289,
        "y": 2391,
        "w": 284,
        "h": 343
    },
    "87.png": {
        "x": 573,
        "y": 2387,
        "w": 279,
        "h": 343
    },
    "104.png": {
        "x": 852,
        "y": 2338,
        "w": 299,
        "h": 343
    },
    "145.png": {
        "x": 1151,
        "y": 2333,
        "w": 284,
        "h": 343
    },
    "102.png": {
        "x": 2333,
        "y": 2068,
        "w": 294,
        "h": 343
    },
    "101.png": {
        "x": 1435,
        "y": 2169,
        "w": 290,
        "h": 343
    },
    "86.png": {
        "x": 2052,
        "y": 2071,
        "w": 279,
        "h": 343
    },
    "88.png": {
        "x": 1725,
        "y": 2140,
        "w": 279,
        "h": 343
    },
    "85.png": {
        "x": 2690,
        "y": 0,
        "w": 280,
        "h": 343
    },
    "142.png": {
        "x": 2617,
        "y": 1724,
        "w": 284,
        "h": 342
    },
    "143.png": {
        "x": 2617,
        "y": 683,
        "w": 284,
        "h": 342
    },
    "144.png": {
        "x": 2627,
        "y": 2066,
        "w": 284,
        "h": 342
    },
    "103.png": {
        "x": 2622,
        "y": 1025,
        "w": 297,
        "h": 342
    },
    "45.png": {
        "x": 2622,
        "y": 1367,
        "w": 266,
        "h": 342
    },
    "98.png": {
        "x": 0,
        "y": 2734,
        "w": 293,
        "h": 342
    },
    "128.png": {
        "x": 293,
        "y": 2734,
        "w": 285,
        "h": 341
    },
    "129.png": {
        "x": 578,
        "y": 2730,
        "w": 285,
        "h": 341
    },
    "97.png": {
        "x": 863,
        "y": 2681,
        "w": 284,
        "h": 341
    },
    "130.png": {
        "x": 1147,
        "y": 2681,
        "w": 285,
        "h": 341
    },
    "131.png": {
        "x": 2627,
        "y": 2408,
        "w": 284,
        "h": 341
    },
    "99.png": {
        "x": 2331,
        "y": 2411,
        "w": 291,
        "h": 341
    },
    "95.png": {
        "x": 2004,
        "y": 2414,
        "w": 284,
        "h": 341
    },
    "94.png": {
        "x": 1432,
        "y": 2676,
        "w": 284,
        "h": 341
    },
    "96.png": {
        "x": 2628,
        "y": 343,
        "w": 284,
        "h": 340
    },
    "150.png": {
        "x": 2622,
        "y": 2749,
        "w": 340,
        "h": 236
    },
    "132.png": {
        "x": 1725,
        "y": 2483,
        "w": 279,
        "h": 340
    },
    "48.png": {
        "x": 2970,
        "y": 0,
        "w": 309,
        "h": 339
    },
    "51.png": {
        "x": 2901,
        "y": 683,
        "w": 219,
        "h": 338
    },
    "54.png": {
        "x": 2912,
        "y": 343,
        "w": 220,
        "h": 338
    },
    "58.png": {
        "x": 2888,
        "y": 1367,
        "w": 220,
        "h": 338
    },
    "34.png": {
        "x": 2919,
        "y": 1021,
        "w": 338,
        "h": 276
    },
    "55.png": {
        "x": 2901,
        "y": 1705,
        "w": 219,
        "h": 337
    },
    "53.png": {
        "x": 2962,
        "y": 2042,
        "w": 219,
        "h": 336
    },
    "52.png": {
        "x": 2911,
        "y": 2378,
        "w": 217,
        "h": 335
    },
    "57.png": {
        "x": 2962,
        "y": 2713,
        "w": 220,
        "h": 335
    },
    "56.png": {
        "x": 0,
        "y": 3076,
        "w": 218,
        "h": 334
    },
    "155.png": {
        "x": 218,
        "y": 3076,
        "w": 293,
        "h": 333
    },
    "60.png": {
        "x": 511,
        "y": 3075,
        "w": 272,
        "h": 325
    },
    "59.png": {
        "x": 783,
        "y": 3071,
        "w": 275,
        "h": 323
    },
    "63.png": {
        "x": 1058,
        "y": 3048,
        "w": 276,
        "h": 322
    },
    "140.png": {
        "x": 1334,
        "y": 3048,
        "w": 235,
        "h": 319
    },
    "9.png": {
        "x": 2288,
        "y": 2752,
        "w": 319,
        "h": 295
    },
    "165.png": {
        "x": 1569,
        "y": 3048,
        "w": 184,
        "h": 319
    },
    "64.png": {
        "x": 2004,
        "y": 2755,
        "w": 277,
        "h": 318
    },
    "167.png": {
        "x": 1753,
        "y": 3073,
        "w": 181,
        "h": 318
    },
    "156.png": {
        "x": 1934,
        "y": 3073,
        "w": 285,
        "h": 316
    },
    "66.png": {
        "x": 2219,
        "y": 3073,
        "w": 276,
        "h": 313
    },
    "65.png": {
        "x": 2495,
        "y": 3048,
        "w": 277,
        "h": 313
    },
    "67.png": {
        "x": 2772,
        "y": 3048,
        "w": 276,
        "h": 313
    },
    "32.png": {
        "x": 3279,
        "y": 0,
        "w": 308,
        "h": 290
    },
    "168.png": {
        "x": 3128,
        "y": 2378,
        "w": 198,
        "h": 307
    },
    "28.png": {
        "x": 3279,
        "y": 290,
        "w": 306,
        "h": 296
    },
    "119.png": {
        "x": 3257,
        "y": 586,
        "w": 306,
        "h": 280
    },
    "33.png": {
        "x": 3257,
        "y": 866,
        "w": 304,
        "h": 289
    },
    "29.png": {
        "x": 3326,
        "y": 1155,
        "w": 199,
        "h": 297
    },
    "30.png": {
        "x": 3120,
        "y": 1297,
        "w": 193,
        "h": 295
    },
    "15.png": {
        "x": 3313,
        "y": 1452,
        "w": 270,
        "h": 293
    },
    "10.png": {
        "x": 3120,
        "y": 1745,
        "w": 201,
        "h": 290
    },
    "11.png": {
        "x": 3181,
        "y": 2035,
        "w": 194,
        "h": 288
    },
    "14.png": {
        "x": 3321,
        "y": 1745,
        "w": 240,
        "h": 281
    },
    "31.png": {
        "x": 3375,
        "y": 2026,
        "w": 193,
        "h": 279
    },
    "120.png": {
        "x": 365,
        "y": 1764,
        "w": 275,
        "h": 217
    },
    "13.png": {
        "x": 3375,
        "y": 2305,
        "w": 194,
        "h": 272
    },
    "12.png": {
        "x": 3326,
        "y": 2577,
        "w": 194,
        "h": 272
    },
    "112.png": {
        "x": 1135,
        "y": 1715,
        "w": 184,
        "h": 270
    },
    "160.png": {
        "x": 3048,
        "y": 3048,
        "w": 263,
        "h": 237
    },
    "169.png": {
        "x": 3311,
        "y": 2849,
        "w": 252,
        "h": 262
    },
    "161.png": {
        "x": 3311,
        "y": 3111,
        "w": 257,
        "h": 238
    },
    "163.png": {
        "x": 0,
        "y": 3410,
        "w": 256,
        "h": 240
    },
    "162.png": {
        "x": 256,
        "y": 3409,
        "w": 256,
        "h": 239
    },
    "111.png": {
        "x": 783,
        "y": 3394,
        "w": 181,
        "h": 255
    },
    "0.png": {
        "x": 1753,
        "y": 2823,
        "w": 209,
        "h": 242
    },
    "75.png": {
        "x": 512,
        "y": 3400,
        "w": 209,
        "h": 242
    },
    "76.png": {
        "x": 964,
        "y": 3394,
        "w": 214,
        "h": 240
    },
    "1.png": {
        "x": 1178,
        "y": 3391,
        "w": 214,
        "h": 240
    },
    "113.png": {
        "x": 1392,
        "y": 3391,
        "w": 222,
        "h": 237
    },
    "77.png": {
        "x": 640,
        "y": 1719,
        "w": 231,
        "h": 237
    },
    "2.png": {
        "x": 1614,
        "y": 3391,
        "w": 231,
        "h": 237
    },
    "122.png": {
        "x": 1845,
        "y": 3391,
        "w": 209,
        "h": 236
    },
    "121.png": {
        "x": 3048,
        "y": 3285,
        "w": 228,
        "h": 218
    },
    "123.png": {
        "x": 2054,
        "y": 3389,
        "w": 182,
        "h": 227
    }
}