{
    "154.png": {
        "x": 0,
        "y": 0,
        "w": 361,
        "h": 331
    },
    "170.png": {
        "x": 0,
        "y": 331,
        "w": 360,
        "h": 330
    },
    "155.png": {
        "x": 361,
        "y": 0,
        "w": 360,
        "h": 331
    },
    "151.png": {
        "x": 0,
        "y": 661,
        "w": 359,
        "h": 331
    },
    "156.png": {
        "x": 359,
        "y": 661,
        "w": 359,
        "h": 331
    },
    "152.png": {
        "x": 721,
        "y": 0,
        "w": 357,
        "h": 331
    },
    "153.png": {
        "x": 718,
        "y": 331,
        "w": 356,
        "h": 331
    },
    "157.png": {
        "x": 0,
        "y": 992,
        "w": 352,
        "h": 332
    },
    "80.png": {
        "x": 718,
        "y": 662,
        "w": 352,
        "h": 333
    },
    "83.png": {
        "x": 1078,
        "y": 0,
        "w": 352,
        "h": 333
    },
    "79.png": {
        "x": 352,
        "y": 992,
        "w": 352,
        "h": 332
    },
    "81.png": {
        "x": 1074,
        "y": 333,
        "w": 352,
        "h": 333
    },
    "82.png": {
        "x": 1070,
        "y": 666,
        "w": 352,
        "h": 333
    },
    "158.png": {
        "x": 0,
        "y": 1324,
        "w": 350,
        "h": 332
    },
    "78.png": {
        "x": 350,
        "y": 1324,
        "w": 349,
        "h": 331
    },
    "159.png": {
        "x": 699,
        "y": 1324,
        "w": 343,
        "h": 331
    },
    "160.png": {
        "x": 1042,
        "y": 999,
        "w": 343,
        "h": 331
    },
    "171.png": {
        "x": 1430,
        "y": 0,
        "w": 342,
        "h": 331
    },
    "161.png": {
        "x": 1430,
        "y": 331,
        "w": 342,
        "h": 332
    },
    "162.png": {
        "x": 1426,
        "y": 663,
        "w": 341,
        "h": 332
    },
    "163.png": {
        "x": 1422,
        "y": 995,
        "w": 341,
        "h": 332
    },
    "150.png": {
        "x": 1385,
        "y": 1327,
        "w": 340,
        "h": 328
    },
    "48.png": {
        "x": 0,
        "y": 1656,
        "w": 273,
        "h": 339
    },
    "47.png": {
        "x": 273,
        "y": 1656,
        "w": 274,
        "h": 338
    },
    "174.png": {
        "x": 1042,
        "y": 1330,
        "w": 337,
        "h": 331
    },
    "173.png": {
        "x": 547,
        "y": 1661,
        "w": 337,
        "h": 331
    },
    "172.png": {
        "x": 884,
        "y": 1661,
        "w": 336,
        "h": 332
    },
    "49.png": {
        "x": 1379,
        "y": 1655,
        "w": 281,
        "h": 335
    },
    "50.png": {
        "x": 1772,
        "y": 0,
        "w": 281,
        "h": 335
    },
    "54.png": {
        "x": 1660,
        "y": 1655,
        "w": 258,
        "h": 334
    },
    "127.png": {
        "x": 1772,
        "y": 335,
        "w": 264,
        "h": 334
    },
    "126.png": {
        "x": 1767,
        "y": 669,
        "w": 264,
        "h": 334
    },
    "125.png": {
        "x": 1763,
        "y": 1003,
        "w": 264,
        "h": 334
    },
    "124.png": {
        "x": 0,
        "y": 1995,
        "w": 263,
        "h": 334
    },
    "58.png": {
        "x": 263,
        "y": 1995,
        "w": 254,
        "h": 334
    },
    "84.png": {
        "x": 517,
        "y": 1994,
        "w": 260,
        "h": 334
    },
    "15.png": {
        "x": 777,
        "y": 1993,
        "w": 289,
        "h": 333
    },
    "139.png": {
        "x": 1066,
        "y": 1993,
        "w": 275,
        "h": 333
    },
    "141.png": {
        "x": 1341,
        "y": 1990,
        "w": 275,
        "h": 333
    },
    "112.png": {
        "x": 1616,
        "y": 1990,
        "w": 271,
        "h": 332
    },
    "11.png": {
        "x": 2053,
        "y": 0,
        "w": 273,
        "h": 331
    },
    "18.png": {
        "x": 360,
        "y": 331,
        "w": 331,
        "h": 330
    },
    "102.png": {
        "x": 1887,
        "y": 1989,
        "w": 247,
        "h": 331
    },
    "108.png": {
        "x": 2036,
        "y": 335,
        "w": 282,
        "h": 331
    },
    "17.png": {
        "x": 704,
        "y": 995,
        "w": 331,
        "h": 328
    },
    "168.png": {
        "x": 2036,
        "y": 666,
        "w": 279,
        "h": 331
    },
    "10.png": {
        "x": 2031,
        "y": 997,
        "w": 273,
        "h": 331
    },
    "113.png": {
        "x": 2027,
        "y": 1328,
        "w": 277,
        "h": 331
    },
    "60.png": {
        "x": 2326,
        "y": 0,
        "w": 264,
        "h": 331
    },
    "13.png": {
        "x": 2315,
        "y": 666,
        "w": 273,
        "h": 331
    },
    "115.png": {
        "x": 2304,
        "y": 997,
        "w": 278,
        "h": 331
    },
    "116.png": {
        "x": 2304,
        "y": 1328,
        "w": 278,
        "h": 331
    },
    "59.png": {
        "x": 2318,
        "y": 331,
        "w": 263,
        "h": 331
    },
    "33.png": {
        "x": 2134,
        "y": 1659,
        "w": 273,
        "h": 331
    },
    "32.png": {
        "x": 2134,
        "y": 1990,
        "w": 274,
        "h": 331
    },
    "28.png": {
        "x": 0,
        "y": 2329,
        "w": 275,
        "h": 331
    },
    "20.png": {
        "x": 275,
        "y": 2329,
        "w": 331,
        "h": 330
    },
    "19.png": {
        "x": 606,
        "y": 2328,
        "w": 331,
        "h": 330
    },
    "109.png": {
        "x": 937,
        "y": 2326,
        "w": 273,
        "h": 331
    },
    "9.png": {
        "x": 1210,
        "y": 2326,
        "w": 273,
        "h": 331
    },
    "14.png": {
        "x": 1483,
        "y": 2323,
        "w": 274,
        "h": 331
    },
    "12.png": {
        "x": 1757,
        "y": 2322,
        "w": 273,
        "h": 331
    },
    "16.png": {
        "x": 2030,
        "y": 2321,
        "w": 330,
        "h": 328
    },
    "167.png": {
        "x": 2590,
        "y": 0,
        "w": 268,
        "h": 330
    },
    "100.png": {
        "x": 2407,
        "y": 1659,
        "w": 254,
        "h": 330
    },
    "101.png": {
        "x": 2581,
        "y": 331,
        "w": 249,
        "h": 330
    },
    "166.png": {
        "x": 2588,
        "y": 661,
        "w": 267,
        "h": 330
    },
    "103.png": {
        "x": 2360,
        "y": 2321,
        "w": 256,
        "h": 330
    },
    "147.png": {
        "x": 2588,
        "y": 991,
        "w": 268,
        "h": 330
    },
    "110.png": {
        "x": 2408,
        "y": 1989,
        "w": 268,
        "h": 330
    },
    "146.png": {
        "x": 2582,
        "y": 1321,
        "w": 274,
        "h": 330
    },
    "145.png": {
        "x": 0,
        "y": 2660,
        "w": 274,
        "h": 330
    },
    "144.png": {
        "x": 274,
        "y": 2660,
        "w": 274,
        "h": 330
    },
    "143.png": {
        "x": 548,
        "y": 2659,
        "w": 274,
        "h": 330
    },
    "142.png": {
        "x": 822,
        "y": 2658,
        "w": 274,
        "h": 330
    },
    "111.png": {
        "x": 1096,
        "y": 2657,
        "w": 266,
        "h": 330
    },
    "85.png": {
        "x": 1362,
        "y": 2657,
        "w": 246,
        "h": 330
    },
    "86.png": {
        "x": 1608,
        "y": 2654,
        "w": 246,
        "h": 330
    },
    "87.png": {
        "x": 1854,
        "y": 2653,
        "w": 246,
        "h": 330
    },
    "88.png": {
        "x": 2100,
        "y": 2651,
        "w": 246,
        "h": 330
    },
    "89.png": {
        "x": 2346,
        "y": 2651,
        "w": 246,
        "h": 330
    },
    "61.png": {
        "x": 2858,
        "y": 0,
        "w": 268,
        "h": 330
    },
    "29.png": {
        "x": 2830,
        "y": 330,
        "w": 275,
        "h": 330
    },
    "93.png": {
        "x": 2855,
        "y": 660,
        "w": 246,
        "h": 330
    },
    "30.png": {
        "x": 2661,
        "y": 1651,
        "w": 275,
        "h": 330
    },
    "31.png": {
        "x": 2592,
        "y": 2651,
        "w": 275,
        "h": 330
    },
    "117.png": {
        "x": 2867,
        "y": 1981,
        "w": 259,
        "h": 330
    },
    "118.png": {
        "x": 2867,
        "y": 2311,
        "w": 259,
        "h": 330
    },
    "34.png": {
        "x": 0,
        "y": 2990,
        "w": 280,
        "h": 330
    },
    "35.png": {
        "x": 280,
        "y": 2990,
        "w": 292,
        "h": 330
    },
    "36.png": {
        "x": 572,
        "y": 2989,
        "w": 292,
        "h": 330
    },
    "37.png": {
        "x": 864,
        "y": 2988,
        "w": 292,
        "h": 330
    },
    "38.png": {
        "x": 1156,
        "y": 2987,
        "w": 292,
        "h": 330
    },
    "57.png": {
        "x": 1448,
        "y": 2987,
        "w": 261,
        "h": 330
    },
    "90.png": {
        "x": 2616,
        "y": 2319,
        "w": 246,
        "h": 330
    },
    "128.png": {
        "x": 1709,
        "y": 2984,
        "w": 271,
        "h": 330
    },
    "41.png": {
        "x": 2856,
        "y": 990,
        "w": 268,
        "h": 330
    },
    "42.png": {
        "x": 2856,
        "y": 1320,
        "w": 268,
        "h": 330
    },
    "53.png": {
        "x": 1980,
        "y": 2983,
        "w": 268,
        "h": 330
    },
    "91.png": {
        "x": 2248,
        "y": 2981,
        "w": 246,
        "h": 330
    },
    "45.png": {
        "x": 2867,
        "y": 2641,
        "w": 254,
        "h": 330
    },
    "46.png": {
        "x": 2867,
        "y": 2971,
        "w": 256,
        "h": 330
    },
    "132.png": {
        "x": 2494,
        "y": 2981,
        "w": 263,
        "h": 330
    },
    "131.png": {
        "x": 3101,
        "y": 660,
        "w": 271,
        "h": 330
    },
    "130.png": {
        "x": 3121,
        "y": 2641,
        "w": 271,
        "h": 330
    },
    "92.png": {
        "x": 3105,
        "y": 330,
        "w": 246,
        "h": 330
    },
    "129.png": {
        "x": 3126,
        "y": 990,
        "w": 271,
        "h": 330
    },
    "137.png": {
        "x": 3126,
        "y": 0,
        "w": 236,
        "h": 329
    },
    "5.png": {
        "x": 2936,
        "y": 1650,
        "w": 276,
        "h": 329
    },
    "95.png": {
        "x": 3124,
        "y": 1320,
        "w": 246,
        "h": 329
    },
    "40.png": {
        "x": 3126,
        "y": 1979,
        "w": 268,
        "h": 329
    },
    "4.png": {
        "x": 3123,
        "y": 2971,
        "w": 274,
        "h": 329
    },
    "97.png": {
        "x": 3126,
        "y": 2308,
        "w": 246,
        "h": 329
    },
    "39.png": {
        "x": 0,
        "y": 3320,
        "w": 268,
        "h": 329
    },
    "133.png": {
        "x": 268,
        "y": 3320,
        "w": 237,
        "h": 329
    },
    "134.png": {
        "x": 505,
        "y": 3320,
        "w": 236,
        "h": 329
    },
    "6.png": {
        "x": 741,
        "y": 3319,
        "w": 276,
        "h": 329
    },
    "114.png": {
        "x": 1017,
        "y": 3318,
        "w": 285,
        "h": 329
    },
    "135.png": {
        "x": 1302,
        "y": 3317,
        "w": 236,
        "h": 329
    },
    "136.png": {
        "x": 1538,
        "y": 3317,
        "w": 236,
        "h": 329
    },
    "44.png": {
        "x": 3123,
        "y": 3300,
        "w": 268,
        "h": 329
    },
    "178.png": {
        "x": 1774,
        "y": 3314,
        "w": 294,
        "h": 329
    },
    "177.png": {
        "x": 2068,
        "y": 3313,
        "w": 281,
        "h": 329
    },
    "176.png": {
        "x": 2349,
        "y": 3311,
        "w": 275,
        "h": 329
    },
    "96.png": {
        "x": 2624,
        "y": 3311,
        "w": 246,
        "h": 329
    },
    "68.png": {
        "x": 3397,
        "y": 0,
        "w": 269,
        "h": 329
    },
    "94.png": {
        "x": 3212,
        "y": 1649,
        "w": 246,
        "h": 329
    },
    "7.png": {
        "x": 3370,
        "y": 1320,
        "w": 278,
        "h": 329
    },
    "104.png": {
        "x": 3351,
        "y": 329,
        "w": 257,
        "h": 329
    },
    "148.png": {
        "x": 3392,
        "y": 2308,
        "w": 273,
        "h": 329
    },
    "165.png": {
        "x": 3394,
        "y": 1978,
        "w": 266,
        "h": 329
    },
    "8.png": {
        "x": 3372,
        "y": 658,
        "w": 281,
        "h": 329
    },
    "164.png": {
        "x": 3397,
        "y": 2637,
        "w": 267,
        "h": 329
    },
    "43.png": {
        "x": 3397,
        "y": 987,
        "w": 268,
        "h": 329
    },
    "24.png": {
        "x": 3391,
        "y": 3300,
        "w": 272,
        "h": 328
    },
    "25.png": {
        "x": 0,
        "y": 3649,
        "w": 272,
        "h": 328
    },
    "26.png": {
        "x": 272,
        "y": 3649,
        "w": 272,
        "h": 328
    },
    "27.png": {
        "x": 544,
        "y": 3649,
        "w": 274,
        "h": 328
    },
    "106.png": {
        "x": 818,
        "y": 3648,
        "w": 267,
        "h": 328
    },
    "107.png": {
        "x": 1085,
        "y": 3647,
        "w": 266,
        "h": 328
    },
    "140.png": {
        "x": 1351,
        "y": 3646,
        "w": 276,
        "h": 328
    },
    "0.png": {
        "x": 3397,
        "y": 2966,
        "w": 267,
        "h": 328
    },
    "175.png": {
        "x": 3391,
        "y": 3628,
        "w": 275,
        "h": 328
    },
    "105.png": {
        "x": 2870,
        "y": 3301,
        "w": 251,
        "h": 328
    },
    "120.png": {
        "x": 1627,
        "y": 3646,
        "w": 250,
        "h": 328
    },
    "121.png": {
        "x": 1877,
        "y": 3643,
        "w": 250,
        "h": 328
    },
    "1.png": {
        "x": 2127,
        "y": 3642,
        "w": 268,
        "h": 328
    },
    "122.png": {
        "x": 2395,
        "y": 3640,
        "w": 256,
        "h": 328
    },
    "2.png": {
        "x": 2651,
        "y": 3640,
        "w": 268,
        "h": 328
    },
    "123.png": {
        "x": 2919,
        "y": 3629,
        "w": 253,
        "h": 328
    },
    "21.png": {
        "x": 3666,
        "y": 0,
        "w": 272,
        "h": 328
    },
    "22.png": {
        "x": 3666,
        "y": 328,
        "w": 272,
        "h": 328
    },
    "75.png": {
        "x": 3458,
        "y": 1649,
        "w": 267,
        "h": 328
    },
    "76.png": {
        "x": 3653,
        "y": 656,
        "w": 268,
        "h": 328
    },
    "77.png": {
        "x": 3660,
        "y": 1977,
        "w": 268,
        "h": 328
    },
    "23.png": {
        "x": 3666,
        "y": 2305,
        "w": 272,
        "h": 328
    },
    "98.png": {
        "x": 3648,
        "y": 1316,
        "w": 248,
        "h": 327
    },
    "119.png": {
        "x": 3665,
        "y": 984,
        "w": 256,
        "h": 327
    },
    "138.png": {
        "x": 3663,
        "y": 3294,
        "w": 263,
        "h": 327
    },
    "3.png": {
        "x": 3666,
        "y": 3621,
        "w": 272,
        "h": 327
    },
    "51.png": {
        "x": 3665,
        "y": 2633,
        "w": 253,
        "h": 327
    },
    "62.png": {
        "x": 3664,
        "y": 2960,
        "w": 261,
        "h": 326
    },
    "67.png": {
        "x": 3938,
        "y": 0,
        "w": 262,
        "h": 326
    },
    "66.png": {
        "x": 3938,
        "y": 326,
        "w": 262,
        "h": 326
    },
    "99.png": {
        "x": 3918,
        "y": 2633,
        "w": 244,
        "h": 326
    },
    "169.png": {
        "x": 3725,
        "y": 1643,
        "w": 314,
        "h": 326
    },
    "55.png": {
        "x": 3896,
        "y": 1311,
        "w": 254,
        "h": 326
    },
    "149.png": {
        "x": 3921,
        "y": 656,
        "w": 277,
        "h": 324
    },
    "65.png": {
        "x": 3938,
        "y": 2959,
        "w": 262,
        "h": 321
    },
    "56.png": {
        "x": 1725,
        "y": 1337,
        "w": 243,
        "h": 315
    },
    "69.png": {
        "x": 3938,
        "y": 1969,
        "w": 260,
        "h": 311
    },
    "52.png": {
        "x": 3926,
        "y": 3280,
        "w": 269,
        "h": 310
    },
    "70.png": {
        "x": 3921,
        "y": 980,
        "w": 263,
        "h": 308
    },
    "71.png": {
        "x": 0,
        "y": 3977,
        "w": 267,
        "h": 302
    },
    "63.png": {
        "x": 267,
        "y": 3977,
        "w": 264,
        "h": 299
    },
    "72.png": {
        "x": 531,
        "y": 3977,
        "w": 269,
        "h": 297
    },
    "73.png": {
        "x": 800,
        "y": 3977,
        "w": 269,
        "h": 297
    },
    "74.png": {
        "x": 1069,
        "y": 3976,
        "w": 268,
        "h": 297
    },
    "64.png": {
        "x": 1337,
        "y": 3975,
        "w": 264,
        "h": 293
    }
}