{
    "157.png": {
        "x": 0,
        "y": 0,
        "w": 361,
        "h": 330
    },
    "81.png": {
        "x": 0,
        "y": 330,
        "w": 360,
        "h": 330
    },
    "82.png": {
        "x": 360,
        "y": 330,
        "w": 360,
        "h": 330
    },
    "83.png": {
        "x": 361,
        "y": 0,
        "w": 360,
        "h": 330
    },
    "80.png": {
        "x": 0,
        "y": 660,
        "w": 360,
        "h": 330
    },
    "158.png": {
        "x": 360,
        "y": 660,
        "w": 359,
        "h": 329
    },
    "79.png": {
        "x": 721,
        "y": 0,
        "w": 359,
        "h": 329
    },
    "170.png": {
        "x": 721,
        "y": 329,
        "w": 359,
        "h": 329
    },
    "154.png": {
        "x": 719,
        "y": 660,
        "w": 357,
        "h": 330
    },
    "151.png": {
        "x": 0,
        "y": 990,
        "w": 356,
        "h": 329
    },
    "78.png": {
        "x": 356,
        "y": 990,
        "w": 356,
        "h": 329
    },
    "155.png": {
        "x": 1080,
        "y": 0,
        "w": 355,
        "h": 330
    },
    "152.png": {
        "x": 1080,
        "y": 330,
        "w": 355,
        "h": 330
    },
    "156.png": {
        "x": 1076,
        "y": 660,
        "w": 354,
        "h": 330
    },
    "153.png": {
        "x": 0,
        "y": 1319,
        "w": 353,
        "h": 330
    },
    "160.png": {
        "x": 712,
        "y": 990,
        "w": 342,
        "h": 331
    },
    "159.png": {
        "x": 353,
        "y": 1319,
        "w": 342,
        "h": 330
    },
    "161.png": {
        "x": 1054,
        "y": 990,
        "w": 340,
        "h": 330
    },
    "150.png": {
        "x": 1054,
        "y": 1320,
        "w": 340,
        "h": 329
    },
    "162.png": {
        "x": 1435,
        "y": 0,
        "w": 339,
        "h": 330
    },
    "171.png": {
        "x": 1435,
        "y": 330,
        "w": 339,
        "h": 330
    },
    "48.png": {
        "x": 1430,
        "y": 660,
        "w": 271,
        "h": 339
    },
    "163.png": {
        "x": 1394,
        "y": 999,
        "w": 339,
        "h": 330
    },
    "47.png": {
        "x": 0,
        "y": 1649,
        "w": 272,
        "h": 338
    },
    "49.png": {
        "x": 272,
        "y": 1649,
        "w": 278,
        "h": 336
    },
    "50.png": {
        "x": 550,
        "y": 1649,
        "w": 278,
        "h": 336
    },
    "17.png": {
        "x": 828,
        "y": 1649,
        "w": 335,
        "h": 330
    },
    "20.png": {
        "x": 1163,
        "y": 1649,
        "w": 334,
        "h": 331
    },
    "16.png": {
        "x": 695,
        "y": 1321,
        "w": 334,
        "h": 327
    },
    "19.png": {
        "x": 1774,
        "y": 0,
        "w": 334,
        "h": 331
    },
    "174.png": {
        "x": 1774,
        "y": 331,
        "w": 334,
        "h": 329
    },
    "173.png": {
        "x": 1701,
        "y": 660,
        "w": 334,
        "h": 329
    },
    "18.png": {
        "x": 1733,
        "y": 989,
        "w": 334,
        "h": 331
    },
    "124.png": {
        "x": 1733,
        "y": 1320,
        "w": 278,
        "h": 333
    },
    "58.png": {
        "x": 1497,
        "y": 1653,
        "w": 251,
        "h": 333
    },
    "54.png": {
        "x": 1748,
        "y": 1653,
        "w": 257,
        "h": 333
    },
    "172.png": {
        "x": 0,
        "y": 1987,
        "w": 333,
        "h": 329
    },
    "125.png": {
        "x": 828,
        "y": 1980,
        "w": 279,
        "h": 333
    },
    "126.png": {
        "x": 1107,
        "y": 1980,
        "w": 279,
        "h": 333
    },
    "127.png": {
        "x": 2108,
        "y": 0,
        "w": 279,
        "h": 333
    },
    "141.png": {
        "x": 2108,
        "y": 333,
        "w": 272,
        "h": 332
    },
    "139.png": {
        "x": 2067,
        "y": 665,
        "w": 272,
        "h": 332
    },
    "142.png": {
        "x": 333,
        "y": 1985,
        "w": 274,
        "h": 331
    },
    "118.png": {
        "x": 2067,
        "y": 997,
        "w": 254,
        "h": 331
    },
    "117.png": {
        "x": 2011,
        "y": 1328,
        "w": 255,
        "h": 331
    },
    "116.png": {
        "x": 2005,
        "y": 1659,
        "w": 273,
        "h": 331
    },
    "145.png": {
        "x": 0,
        "y": 2316,
        "w": 274,
        "h": 331
    },
    "144.png": {
        "x": 274,
        "y": 2316,
        "w": 274,
        "h": 331
    },
    "146.png": {
        "x": 548,
        "y": 2316,
        "w": 274,
        "h": 331
    },
    "143.png": {
        "x": 822,
        "y": 2313,
        "w": 274,
        "h": 331
    },
    "57.png": {
        "x": 1096,
        "y": 2313,
        "w": 260,
        "h": 331
    },
    "115.png": {
        "x": 1356,
        "y": 2313,
        "w": 274,
        "h": 331
    },
    "134.png": {
        "x": 1630,
        "y": 1986,
        "w": 237,
        "h": 330
    },
    "133.png": {
        "x": 1630,
        "y": 2316,
        "w": 238,
        "h": 330
    },
    "167.png": {
        "x": 1868,
        "y": 1990,
        "w": 269,
        "h": 330
    },
    "15.png": {
        "x": 2387,
        "y": 0,
        "w": 285,
        "h": 330
    },
    "113.png": {
        "x": 2266,
        "y": 1328,
        "w": 273,
        "h": 330
    },
    "112.png": {
        "x": 2321,
        "y": 997,
        "w": 271,
        "h": 330
    },
    "137.png": {
        "x": 2339,
        "y": 665,
        "w": 237,
        "h": 330
    },
    "32.png": {
        "x": 2380,
        "y": 333,
        "w": 274,
        "h": 330
    },
    "33.png": {
        "x": 2278,
        "y": 1658,
        "w": 271,
        "h": 330
    },
    "35.png": {
        "x": 2278,
        "y": 1988,
        "w": 289,
        "h": 330
    },
    "36.png": {
        "x": 0,
        "y": 2647,
        "w": 289,
        "h": 330
    },
    "37.png": {
        "x": 289,
        "y": 2647,
        "w": 289,
        "h": 330
    },
    "38.png": {
        "x": 578,
        "y": 2647,
        "w": 289,
        "h": 330
    },
    "4.png": {
        "x": 867,
        "y": 2646,
        "w": 273,
        "h": 330
    },
    "108.png": {
        "x": 1140,
        "y": 2646,
        "w": 280,
        "h": 330
    },
    "5.png": {
        "x": 1420,
        "y": 2646,
        "w": 273,
        "h": 330
    },
    "136.png": {
        "x": 1693,
        "y": 2646,
        "w": 237,
        "h": 330
    },
    "135.png": {
        "x": 2137,
        "y": 2318,
        "w": 237,
        "h": 330
    },
    "100.png": {
        "x": 2374,
        "y": 2318,
        "w": 254,
        "h": 330
    },
    "6.png": {
        "x": 2672,
        "y": 0,
        "w": 273,
        "h": 330
    },
    "102.png": {
        "x": 2539,
        "y": 1327,
        "w": 248,
        "h": 330
    },
    "8.png": {
        "x": 2549,
        "y": 1657,
        "w": 277,
        "h": 330
    },
    "7.png": {
        "x": 2567,
        "y": 1987,
        "w": 275,
        "h": 330
    },
    "101.png": {
        "x": 2576,
        "y": 663,
        "w": 249,
        "h": 330
    },
    "111.png": {
        "x": 1930,
        "y": 2648,
        "w": 265,
        "h": 329
    },
    "21.png": {
        "x": 2195,
        "y": 2648,
        "w": 271,
        "h": 329
    },
    "22.png": {
        "x": 2466,
        "y": 2648,
        "w": 271,
        "h": 329
    },
    "23.png": {
        "x": 2628,
        "y": 2317,
        "w": 271,
        "h": 329
    },
    "148.png": {
        "x": 2654,
        "y": 330,
        "w": 273,
        "h": 329
    },
    "25.png": {
        "x": 2592,
        "y": 993,
        "w": 271,
        "h": 329
    },
    "26.png": {
        "x": 2945,
        "y": 0,
        "w": 271,
        "h": 329
    },
    "27.png": {
        "x": 2737,
        "y": 2646,
        "w": 274,
        "h": 329
    },
    "28.png": {
        "x": 2825,
        "y": 659,
        "w": 274,
        "h": 329
    },
    "29.png": {
        "x": 2927,
        "y": 330,
        "w": 274,
        "h": 329
    },
    "90.png": {
        "x": 2787,
        "y": 1322,
        "w": 248,
        "h": 329
    },
    "30.png": {
        "x": 2863,
        "y": 988,
        "w": 274,
        "h": 329
    },
    "31.png": {
        "x": 2826,
        "y": 1651,
        "w": 274,
        "h": 329
    },
    "94.png": {
        "x": 2842,
        "y": 1980,
        "w": 248,
        "h": 329
    },
    "96.png": {
        "x": 2899,
        "y": 2309,
        "w": 248,
        "h": 329
    },
    "34.png": {
        "x": 0,
        "y": 2977,
        "w": 278,
        "h": 329
    },
    "164.png": {
        "x": 278,
        "y": 2977,
        "w": 266,
        "h": 329
    },
    "165.png": {
        "x": 544,
        "y": 2977,
        "w": 266,
        "h": 329
    },
    "166.png": {
        "x": 810,
        "y": 2977,
        "w": 268,
        "h": 329
    },
    "132.png": {
        "x": 1078,
        "y": 2977,
        "w": 261,
        "h": 329
    },
    "39.png": {
        "x": 1339,
        "y": 2977,
        "w": 267,
        "h": 329
    },
    "93.png": {
        "x": 1606,
        "y": 2977,
        "w": 248,
        "h": 329
    },
    "40.png": {
        "x": 1854,
        "y": 2977,
        "w": 267,
        "h": 329
    },
    "41.png": {
        "x": 2121,
        "y": 2977,
        "w": 267,
        "h": 329
    },
    "42.png": {
        "x": 2388,
        "y": 2977,
        "w": 267,
        "h": 329
    },
    "43.png": {
        "x": 2655,
        "y": 2977,
        "w": 267,
        "h": 329
    },
    "44.png": {
        "x": 2922,
        "y": 2975,
        "w": 267,
        "h": 329
    },
    "110.png": {
        "x": 3099,
        "y": 659,
        "w": 267,
        "h": 329
    },
    "109.png": {
        "x": 3090,
        "y": 1980,
        "w": 273,
        "h": 329
    },
    "131.png": {
        "x": 3201,
        "y": 329,
        "w": 269,
        "h": 329
    },
    "130.png": {
        "x": 3035,
        "y": 1317,
        "w": 269,
        "h": 329
    },
    "107.png": {
        "x": 3216,
        "y": 0,
        "w": 264,
        "h": 329
    },
    "89.png": {
        "x": 3137,
        "y": 988,
        "w": 248,
        "h": 329
    },
    "53.png": {
        "x": 3100,
        "y": 1646,
        "w": 267,
        "h": 329
    },
    "129.png": {
        "x": 3011,
        "y": 2638,
        "w": 269,
        "h": 329
    },
    "88.png": {
        "x": 3147,
        "y": 2309,
        "w": 246,
        "h": 329
    },
    "87.png": {
        "x": 3189,
        "y": 2967,
        "w": 246,
        "h": 329
    },
    "128.png": {
        "x": 0,
        "y": 3306,
        "w": 269,
        "h": 329
    },
    "114.png": {
        "x": 269,
        "y": 3306,
        "w": 282,
        "h": 329
    },
    "95.png": {
        "x": 551,
        "y": 3306,
        "w": 248,
        "h": 329
    },
    "61.png": {
        "x": 799,
        "y": 3306,
        "w": 267,
        "h": 329
    },
    "86.png": {
        "x": 1066,
        "y": 3306,
        "w": 246,
        "h": 329
    },
    "85.png": {
        "x": 1312,
        "y": 3306,
        "w": 246,
        "h": 329
    },
    "106.png": {
        "x": 1558,
        "y": 3306,
        "w": 265,
        "h": 329
    },
    "97.png": {
        "x": 1823,
        "y": 3306,
        "w": 248,
        "h": 329
    },
    "103.png": {
        "x": 2071,
        "y": 3306,
        "w": 255,
        "h": 329
    },
    "92.png": {
        "x": 2326,
        "y": 3306,
        "w": 248,
        "h": 329
    },
    "68.png": {
        "x": 2574,
        "y": 3306,
        "w": 268,
        "h": 329
    },
    "91.png": {
        "x": 2842,
        "y": 3306,
        "w": 248,
        "h": 329
    },
    "177.png": {
        "x": 3090,
        "y": 3304,
        "w": 279,
        "h": 329
    },
    "147.png": {
        "x": 3304,
        "y": 1317,
        "w": 265,
        "h": 329
    },
    "24.png": {
        "x": 3280,
        "y": 2638,
        "w": 271,
        "h": 329
    },
    "168.png": {
        "x": 3470,
        "y": 329,
        "w": 277,
        "h": 328
    },
    "10.png": {
        "x": 3366,
        "y": 658,
        "w": 273,
        "h": 328
    },
    "11.png": {
        "x": 3385,
        "y": 986,
        "w": 273,
        "h": 328
    },
    "104.png": {
        "x": 3480,
        "y": 0,
        "w": 256,
        "h": 328
    },
    "119.png": {
        "x": 3363,
        "y": 1975,
        "w": 255,
        "h": 328
    },
    "12.png": {
        "x": 3367,
        "y": 1646,
        "w": 273,
        "h": 328
    },
    "59.png": {
        "x": 3393,
        "y": 2303,
        "w": 263,
        "h": 328
    },
    "14.png": {
        "x": 3369,
        "y": 3296,
        "w": 271,
        "h": 328
    },
    "60.png": {
        "x": 3435,
        "y": 2967,
        "w": 263,
        "h": 328
    },
    "13.png": {
        "x": 0,
        "y": 3635,
        "w": 273,
        "h": 328
    },
    "120.png": {
        "x": 273,
        "y": 3635,
        "w": 249,
        "h": 328
    },
    "121.png": {
        "x": 522,
        "y": 3635,
        "w": 249,
        "h": 328
    },
    "45.png": {
        "x": 771,
        "y": 3635,
        "w": 253,
        "h": 328
    },
    "46.png": {
        "x": 1024,
        "y": 3635,
        "w": 255,
        "h": 328
    },
    "122.png": {
        "x": 1279,
        "y": 3635,
        "w": 253,
        "h": 328
    },
    "178.png": {
        "x": 1532,
        "y": 3635,
        "w": 298,
        "h": 328
    },
    "1.png": {
        "x": 1830,
        "y": 3635,
        "w": 268,
        "h": 328
    },
    "123.png": {
        "x": 2098,
        "y": 3635,
        "w": 250,
        "h": 328
    },
    "2.png": {
        "x": 2348,
        "y": 3635,
        "w": 268,
        "h": 328
    },
    "9.png": {
        "x": 2616,
        "y": 3635,
        "w": 273,
        "h": 328
    },
    "0.png": {
        "x": 2889,
        "y": 3635,
        "w": 267,
        "h": 328
    },
    "77.png": {
        "x": 3156,
        "y": 3633,
        "w": 268,
        "h": 328
    },
    "76.png": {
        "x": 3424,
        "y": 3624,
        "w": 268,
        "h": 328
    },
    "75.png": {
        "x": 3747,
        "y": 0,
        "w": 267,
        "h": 328
    },
    "3.png": {
        "x": 3639,
        "y": 657,
        "w": 270,
        "h": 327
    },
    "105.png": {
        "x": 3618,
        "y": 1974,
        "w": 252,
        "h": 327
    },
    "138.png": {
        "x": 3640,
        "y": 3295,
        "w": 265,
        "h": 327
    },
    "176.png": {
        "x": 3569,
        "y": 1314,
        "w": 271,
        "h": 327
    },
    "84.png": {
        "x": 3747,
        "y": 328,
        "w": 256,
        "h": 327
    },
    "149.png": {
        "x": 3658,
        "y": 984,
        "w": 277,
        "h": 326
    },
    "55.png": {
        "x": 1868,
        "y": 2320,
        "w": 252,
        "h": 326
    },
    "175.png": {
        "x": 3640,
        "y": 1641,
        "w": 271,
        "h": 326
    },
    "98.png": {
        "x": 3551,
        "y": 2631,
        "w": 246,
        "h": 326
    },
    "51.png": {
        "x": 3656,
        "y": 2301,
        "w": 252,
        "h": 326
    },
    "169.png": {
        "x": 0,
        "y": 3963,
        "w": 326,
        "h": 325
    },
    "140.png": {
        "x": 326,
        "y": 3963,
        "w": 277,
        "h": 325
    },
    "99.png": {
        "x": 603,
        "y": 3963,
        "w": 253,
        "h": 325
    },
    "62.png": {
        "x": 856,
        "y": 3963,
        "w": 259,
        "h": 323
    },
    "66.png": {
        "x": 1115,
        "y": 3963,
        "w": 260,
        "h": 323
    },
    "67.png": {
        "x": 1375,
        "y": 3963,
        "w": 260,
        "h": 323
    },
    "65.png": {
        "x": 1394,
        "y": 1329,
        "w": 263,
        "h": 317
    },
    "56.png": {
        "x": 1635,
        "y": 3963,
        "w": 261,
        "h": 314
    },
    "52.png": {
        "x": 1896,
        "y": 3963,
        "w": 268,
        "h": 311
    },
    "69.png": {
        "x": 2164,
        "y": 3963,
        "w": 260,
        "h": 311
    },
    "70.png": {
        "x": 2424,
        "y": 3963,
        "w": 263,
        "h": 308
    },
    "71.png": {
        "x": 2687,
        "y": 3963,
        "w": 266,
        "h": 301
    },
    "73.png": {
        "x": 2953,
        "y": 3963,
        "w": 266,
        "h": 296
    },
    "72.png": {
        "x": 3219,
        "y": 3961,
        "w": 266,
        "h": 296
    },
    "74.png": {
        "x": 3485,
        "y": 3952,
        "w": 266,
        "h": 296
    },
    "63.png": {
        "x": 3751,
        "y": 3622,
        "w": 262,
        "h": 295
    },
    "64.png": {
        "x": 3751,
        "y": 3917,
        "w": 262,
        "h": 286
    }
}