{
    "157.png": {
        "x": 0,
        "y": 0,
        "w": 364,
        "h": 319
    },
    "82.png": {
        "x": 0,
        "y": 319,
        "w": 363,
        "h": 317
    },
    "83.png": {
        "x": 363,
        "y": 319,
        "w": 363,
        "h": 317
    },
    "80.png": {
        "x": 364,
        "y": 0,
        "w": 363,
        "h": 317
    },
    "81.png": {
        "x": 0,
        "y": 636,
        "w": 363,
        "h": 317
    },
    "79.png": {
        "x": 363,
        "y": 636,
        "w": 362,
        "h": 316
    },
    "158.png": {
        "x": 727,
        "y": 0,
        "w": 362,
        "h": 320
    },
    "154.png": {
        "x": 726,
        "y": 320,
        "w": 362,
        "h": 324
    },
    "155.png": {
        "x": 0,
        "y": 953,
        "w": 360,
        "h": 324
    },
    "151.png": {
        "x": 360,
        "y": 953,
        "w": 360,
        "h": 322
    },
    "152.png": {
        "x": 720,
        "y": 952,
        "w": 359,
        "h": 323
    },
    "156.png": {
        "x": 1089,
        "y": 0,
        "w": 359,
        "h": 324
    },
    "78.png": {
        "x": 1088,
        "y": 324,
        "w": 358,
        "h": 316
    },
    "153.png": {
        "x": 1088,
        "y": 640,
        "w": 357,
        "h": 323
    },
    "170.png": {
        "x": 1079,
        "y": 963,
        "w": 347,
        "h": 314
    },
    "150.png": {
        "x": 0,
        "y": 1277,
        "w": 344,
        "h": 319
    },
    "159.png": {
        "x": 360,
        "y": 1275,
        "w": 339,
        "h": 320
    },
    "49.png": {
        "x": 1448,
        "y": 0,
        "w": 259,
        "h": 339
    },
    "50.png": {
        "x": 1446,
        "y": 339,
        "w": 259,
        "h": 339
    },
    "47.png": {
        "x": 1445,
        "y": 678,
        "w": 254,
        "h": 336
    },
    "16.png": {
        "x": 699,
        "y": 1275,
        "w": 336,
        "h": 321
    },
    "17.png": {
        "x": 1035,
        "y": 1277,
        "w": 335,
        "h": 314
    },
    "20.png": {
        "x": 1370,
        "y": 1277,
        "w": 335,
        "h": 315
    },
    "19.png": {
        "x": 1035,
        "y": 1591,
        "w": 335,
        "h": 315
    },
    "18.png": {
        "x": 0,
        "y": 1596,
        "w": 335,
        "h": 315
    },
    "48.png": {
        "x": 1707,
        "y": 0,
        "w": 254,
        "h": 333
    },
    "139.png": {
        "x": 0,
        "y": 1911,
        "w": 276,
        "h": 332
    },
    "160.png": {
        "x": 276,
        "y": 1911,
        "w": 332,
        "h": 321
    },
    "141.png": {
        "x": 608,
        "y": 1906,
        "w": 276,
        "h": 332
    },
    "163.png": {
        "x": 884,
        "y": 1906,
        "w": 330,
        "h": 320
    },
    "161.png": {
        "x": 1214,
        "y": 1906,
        "w": 330,
        "h": 320
    },
    "116.png": {
        "x": 1544,
        "y": 1592,
        "w": 277,
        "h": 329
    },
    "162.png": {
        "x": 1544,
        "y": 1921,
        "w": 329,
        "h": 320
    },
    "84.png": {
        "x": 1699,
        "y": 678,
        "w": 260,
        "h": 329
    },
    "169.png": {
        "x": 725,
        "y": 644,
        "w": 329,
        "h": 305
    },
    "115.png": {
        "x": 1961,
        "y": 0,
        "w": 278,
        "h": 329
    },
    "127.png": {
        "x": 1705,
        "y": 339,
        "w": 282,
        "h": 327
    },
    "126.png": {
        "x": 1873,
        "y": 1007,
        "w": 282,
        "h": 327
    },
    "125.png": {
        "x": 1873,
        "y": 1334,
        "w": 282,
        "h": 327
    },
    "124.png": {
        "x": 1873,
        "y": 1661,
        "w": 281,
        "h": 327
    },
    "177.png": {
        "x": 2239,
        "y": 0,
        "w": 282,
        "h": 326
    },
    "117.png": {
        "x": 1959,
        "y": 666,
        "w": 232,
        "h": 326
    },
    "118.png": {
        "x": 1987,
        "y": 329,
        "w": 231,
        "h": 326
    },
    "171.png": {
        "x": 2191,
        "y": 655,
        "w": 325,
        "h": 320
    },
    "114.png": {
        "x": 2218,
        "y": 329,
        "w": 285,
        "h": 324
    },
    "147.png": {
        "x": 2191,
        "y": 975,
        "w": 257,
        "h": 323
    },
    "113.png": {
        "x": 2155,
        "y": 1298,
        "w": 277,
        "h": 323
    },
    "178.png": {
        "x": 2155,
        "y": 1621,
        "w": 304,
        "h": 323
    },
    "110.png": {
        "x": 0,
        "y": 2243,
        "w": 259,
        "h": 322
    },
    "35.png": {
        "x": 259,
        "y": 2243,
        "w": 293,
        "h": 322
    },
    "36.png": {
        "x": 552,
        "y": 2241,
        "w": 293,
        "h": 322
    },
    "37.png": {
        "x": 845,
        "y": 2241,
        "w": 293,
        "h": 322
    },
    "38.png": {
        "x": 1138,
        "y": 2241,
        "w": 293,
        "h": 322
    },
    "111.png": {
        "x": 1431,
        "y": 2241,
        "w": 257,
        "h": 322
    },
    "108.png": {
        "x": 1688,
        "y": 2241,
        "w": 284,
        "h": 321
    },
    "15.png": {
        "x": 2154,
        "y": 1944,
        "w": 289,
        "h": 321
    },
    "164.png": {
        "x": 2521,
        "y": 0,
        "w": 255,
        "h": 321
    },
    "165.png": {
        "x": 2521,
        "y": 321,
        "w": 254,
        "h": 321
    },
    "112.png": {
        "x": 2432,
        "y": 1298,
        "w": 263,
        "h": 320
    },
    "109.png": {
        "x": 2448,
        "y": 975,
        "w": 265,
        "h": 320
    },
    "148.png": {
        "x": 2516,
        "y": 642,
        "w": 259,
        "h": 320
    },
    "174.png": {
        "x": 2459,
        "y": 1618,
        "w": 317,
        "h": 319
    },
    "107.png": {
        "x": 2459,
        "y": 1937,
        "w": 240,
        "h": 319
    },
    "27.png": {
        "x": 0,
        "y": 2565,
        "w": 272,
        "h": 319
    },
    "172.png": {
        "x": 272,
        "y": 2565,
        "w": 316,
        "h": 319
    },
    "173.png": {
        "x": 588,
        "y": 2563,
        "w": 317,
        "h": 319
    },
    "119.png": {
        "x": 905,
        "y": 2563,
        "w": 256,
        "h": 319
    },
    "26.png": {
        "x": 1161,
        "y": 2563,
        "w": 270,
        "h": 318
    },
    "25.png": {
        "x": 1431,
        "y": 2563,
        "w": 270,
        "h": 318
    },
    "8.png": {
        "x": 1701,
        "y": 2562,
        "w": 282,
        "h": 318
    },
    "166.png": {
        "x": 2443,
        "y": 2256,
        "w": 257,
        "h": 318
    },
    "106.png": {
        "x": 1983,
        "y": 2265,
        "w": 243,
        "h": 318
    },
    "24.png": {
        "x": 2776,
        "y": 0,
        "w": 270,
        "h": 318
    },
    "23.png": {
        "x": 2776,
        "y": 318,
        "w": 270,
        "h": 318
    },
    "28.png": {
        "x": 2699,
        "y": 1937,
        "w": 267,
        "h": 318
    },
    "22.png": {
        "x": 2775,
        "y": 636,
        "w": 271,
        "h": 317
    },
    "31.png": {
        "x": 2776,
        "y": 953,
        "w": 268,
        "h": 317
    },
    "5.png": {
        "x": 2695,
        "y": 1295,
        "w": 278,
        "h": 317
    },
    "167.png": {
        "x": 2776,
        "y": 1612,
        "w": 262,
        "h": 317
    },
    "30.png": {
        "x": 2700,
        "y": 2255,
        "w": 268,
        "h": 317
    },
    "121.png": {
        "x": 0,
        "y": 2884,
        "w": 251,
        "h": 317
    },
    "120.png": {
        "x": 251,
        "y": 2884,
        "w": 251,
        "h": 317
    },
    "29.png": {
        "x": 502,
        "y": 2884,
        "w": 268,
        "h": 317
    },
    "7.png": {
        "x": 770,
        "y": 2882,
        "w": 279,
        "h": 317
    },
    "6.png": {
        "x": 1049,
        "y": 2882,
        "w": 278,
        "h": 317
    },
    "168.png": {
        "x": 1327,
        "y": 2881,
        "w": 280,
        "h": 316
    },
    "140.png": {
        "x": 1607,
        "y": 2881,
        "w": 279,
        "h": 316
    },
    "4.png": {
        "x": 1886,
        "y": 2880,
        "w": 278,
        "h": 316
    },
    "21.png": {
        "x": 335,
        "y": 1596,
        "w": 271,
        "h": 315
    },
    "176.png": {
        "x": 2700,
        "y": 2572,
        "w": 260,
        "h": 315
    },
    "14.png": {
        "x": 2226,
        "y": 2574,
        "w": 274,
        "h": 315
    },
    "32.png": {
        "x": 3046,
        "y": 0,
        "w": 263,
        "h": 315
    },
    "33.png": {
        "x": 3044,
        "y": 953,
        "w": 265,
        "h": 315
    },
    "138.png": {
        "x": 2500,
        "y": 2887,
        "w": 243,
        "h": 314
    },
    "175.png": {
        "x": 2743,
        "y": 2887,
        "w": 260,
        "h": 314
    },
    "42.png": {
        "x": 2960,
        "y": 2572,
        "w": 269,
        "h": 314
    },
    "55.png": {
        "x": 3003,
        "y": 2886,
        "w": 253,
        "h": 314
    },
    "131.png": {
        "x": 2966,
        "y": 1929,
        "w": 272,
        "h": 314
    },
    "41.png": {
        "x": 3038,
        "y": 1270,
        "w": 269,
        "h": 314
    },
    "51.png": {
        "x": 3046,
        "y": 315,
        "w": 253,
        "h": 314
    },
    "60.png": {
        "x": 3046,
        "y": 629,
        "w": 255,
        "h": 313
    },
    "145.png": {
        "x": 2968,
        "y": 2243,
        "w": 272,
        "h": 313
    },
    "143.png": {
        "x": 0,
        "y": 3201,
        "w": 272,
        "h": 313
    },
    "128.png": {
        "x": 272,
        "y": 3201,
        "w": 272,
        "h": 313
    },
    "146.png": {
        "x": 544,
        "y": 3201,
        "w": 272,
        "h": 313
    },
    "40.png": {
        "x": 816,
        "y": 3201,
        "w": 269,
        "h": 313
    },
    "34.png": {
        "x": 1085,
        "y": 3201,
        "w": 281,
        "h": 313
    },
    "129.png": {
        "x": 1366,
        "y": 3201,
        "w": 272,
        "h": 313
    },
    "43.png": {
        "x": 1638,
        "y": 3201,
        "w": 269,
        "h": 313
    },
    "130.png": {
        "x": 1907,
        "y": 3201,
        "w": 272,
        "h": 313
    },
    "144.png": {
        "x": 2179,
        "y": 3201,
        "w": 272,
        "h": 313
    },
    "58.png": {
        "x": 2451,
        "y": 3201,
        "w": 253,
        "h": 313
    },
    "142.png": {
        "x": 2704,
        "y": 3201,
        "w": 272,
        "h": 313
    },
    "122.png": {
        "x": 2164,
        "y": 2889,
        "w": 256,
        "h": 312
    },
    "123.png": {
        "x": 2976,
        "y": 3201,
        "w": 253,
        "h": 312
    },
    "39.png": {
        "x": 3038,
        "y": 1584,
        "w": 269,
        "h": 312
    },
    "132.png": {
        "x": 3309,
        "y": 0,
        "w": 264,
        "h": 312
    },
    "44.png": {
        "x": 3299,
        "y": 315,
        "w": 269,
        "h": 312
    },
    "68.png": {
        "x": 3229,
        "y": 3200,
        "w": 270,
        "h": 312
    },
    "59.png": {
        "x": 3309,
        "y": 627,
        "w": 257,
        "h": 312
    },
    "12.png": {
        "x": 3309,
        "y": 939,
        "w": 264,
        "h": 311
    },
    "46.png": {
        "x": 3309,
        "y": 1250,
        "w": 256,
        "h": 311
    },
    "11.png": {
        "x": 3307,
        "y": 1561,
        "w": 264,
        "h": 311
    },
    "105.png": {
        "x": 3307,
        "y": 1872,
        "w": 249,
        "h": 311
    },
    "61.png": {
        "x": 3229,
        "y": 2556,
        "w": 269,
        "h": 311
    },
    "13.png": {
        "x": 3256,
        "y": 2867,
        "w": 264,
        "h": 311
    },
    "10.png": {
        "x": 3240,
        "y": 2183,
        "w": 264,
        "h": 311
    },
    "54.png": {
        "x": 0,
        "y": 3514,
        "w": 260,
        "h": 311
    },
    "3.png": {
        "x": 260,
        "y": 3514,
        "w": 274,
        "h": 311
    },
    "9.png": {
        "x": 534,
        "y": 3514,
        "w": 266,
        "h": 311
    },
    "45.png": {
        "x": 606,
        "y": 1596,
        "w": 251,
        "h": 310
    },
    "104.png": {
        "x": 800,
        "y": 3514,
        "w": 255,
        "h": 310
    },
    "103.png": {
        "x": 1055,
        "y": 3514,
        "w": 252,
        "h": 310
    },
    "92.png": {
        "x": 1307,
        "y": 3514,
        "w": 250,
        "h": 309
    },
    "87.png": {
        "x": 1557,
        "y": 3514,
        "w": 249,
        "h": 309
    },
    "86.png": {
        "x": 1806,
        "y": 3514,
        "w": 249,
        "h": 309
    },
    "85.png": {
        "x": 2055,
        "y": 3514,
        "w": 249,
        "h": 309
    },
    "89.png": {
        "x": 2304,
        "y": 3514,
        "w": 250,
        "h": 309
    },
    "149.png": {
        "x": 2554,
        "y": 3514,
        "w": 277,
        "h": 309
    },
    "77.png": {
        "x": 2831,
        "y": 3514,
        "w": 263,
        "h": 309
    },
    "90.png": {
        "x": 3094,
        "y": 3513,
        "w": 250,
        "h": 309
    },
    "91.png": {
        "x": 3573,
        "y": 0,
        "w": 250,
        "h": 309
    },
    "2.png": {
        "x": 3556,
        "y": 1872,
        "w": 263,
        "h": 309
    },
    "88.png": {
        "x": 3573,
        "y": 309,
        "w": 249,
        "h": 309
    },
    "100.png": {
        "x": 3565,
        "y": 1250,
        "w": 253,
        "h": 309
    },
    "93.png": {
        "x": 3573,
        "y": 618,
        "w": 250,
        "h": 309
    },
    "0.png": {
        "x": 3344,
        "y": 3512,
        "w": 257,
        "h": 308
    },
    "97.png": {
        "x": 3573,
        "y": 927,
        "w": 250,
        "h": 308
    },
    "102.png": {
        "x": 3571,
        "y": 1559,
        "w": 247,
        "h": 308
    },
    "133.png": {
        "x": 3499,
        "y": 3178,
        "w": 241,
        "h": 308
    },
    "134.png": {
        "x": 3556,
        "y": 2181,
        "w": 239,
        "h": 308
    },
    "1.png": {
        "x": 3520,
        "y": 2489,
        "w": 259,
        "h": 308
    },
    "75.png": {
        "x": 3520,
        "y": 2797,
        "w": 257,
        "h": 308
    },
    "76.png": {
        "x": 3823,
        "y": 0,
        "w": 259,
        "h": 308
    },
    "135.png": {
        "x": 3822,
        "y": 309,
        "w": 239,
        "h": 308
    },
    "96.png": {
        "x": 3823,
        "y": 617,
        "w": 250,
        "h": 308
    },
    "53.png": {
        "x": 3818,
        "y": 1235,
        "w": 264,
        "h": 308
    },
    "136.png": {
        "x": 3823,
        "y": 925,
        "w": 239,
        "h": 308
    },
    "137.png": {
        "x": 3818,
        "y": 1543,
        "w": 239,
        "h": 308
    },
    "95.png": {
        "x": 3819,
        "y": 1851,
        "w": 250,
        "h": 308
    },
    "94.png": {
        "x": 3819,
        "y": 2159,
        "w": 250,
        "h": 308
    },
    "99.png": {
        "x": 3795,
        "y": 2467,
        "w": 256,
        "h": 307
    },
    "101.png": {
        "x": 3601,
        "y": 3486,
        "w": 250,
        "h": 307
    },
    "57.png": {
        "x": 3779,
        "y": 2774,
        "w": 259,
        "h": 307
    },
    "98.png": {
        "x": 3777,
        "y": 3081,
        "w": 246,
        "h": 304
    },
    "56.png": {
        "x": 0,
        "y": 3825,
        "w": 263,
        "h": 303
    },
    "69.png": {
        "x": 263,
        "y": 3825,
        "w": 262,
        "h": 302
    },
    "62.png": {
        "x": 525,
        "y": 3825,
        "w": 262,
        "h": 302
    },
    "67.png": {
        "x": 787,
        "y": 3825,
        "w": 263,
        "h": 301
    },
    "66.png": {
        "x": 1050,
        "y": 3824,
        "w": 263,
        "h": 301
    },
    "52.png": {
        "x": 1313,
        "y": 3823,
        "w": 270,
        "h": 301
    },
    "71.png": {
        "x": 1583,
        "y": 3823,
        "w": 269,
        "h": 300
    },
    "70.png": {
        "x": 1852,
        "y": 3823,
        "w": 265,
        "h": 300
    },
    "65.png": {
        "x": 2117,
        "y": 3823,
        "w": 266,
        "h": 299
    },
    "73.png": {
        "x": 2383,
        "y": 3823,
        "w": 270,
        "h": 299
    },
    "72.png": {
        "x": 2653,
        "y": 3823,
        "w": 270,
        "h": 299
    },
    "74.png": {
        "x": 2923,
        "y": 3823,
        "w": 270,
        "h": 299
    },
    "63.png": {
        "x": 3193,
        "y": 3822,
        "w": 267,
        "h": 294
    },
    "64.png": {
        "x": 3460,
        "y": 3820,
        "w": 267,
        "h": 287
    }
}