{
    "157.png": {
        "x": 0,
        "y": 0,
        "w": 501,
        "h": 1
    },
    "18.png": {
        "x": 0,
        "y": 1,
        "w": 501,
        "h": 1
    },
    "4.png": {
        "x": 0,
        "y": 2,
        "w": 501,
        "h": 1
    },
    "5.png": {
        "x": 0,
        "y": 3,
        "w": 501,
        "h": 1
    },
    "6.png": {
        "x": 0,
        "y": 4,
        "w": 501,
        "h": 1
    },
    "69.png": {
        "x": 0,
        "y": 5,
        "w": 501,
        "h": 1
    },
    "7.png": {
        "x": 0,
        "y": 6,
        "w": 501,
        "h": 1
    },
    "26.png": {
        "x": 0,
        "y": 7,
        "w": 501,
        "h": 1
    },
    "106.png": {
        "x": 0,
        "y": 8,
        "w": 501,
        "h": 1
    },
    "107.png": {
        "x": 0,
        "y": 9,
        "w": 501,
        "h": 1
    },
    "25.png": {
        "x": 0,
        "y": 10,
        "w": 501,
        "h": 1
    },
    "24.png": {
        "x": 0,
        "y": 11,
        "w": 501,
        "h": 1
    },
    "23.png": {
        "x": 0,
        "y": 12,
        "w": 501,
        "h": 1
    },
    "22.png": {
        "x": 0,
        "y": 13,
        "w": 501,
        "h": 1
    },
    "21.png": {
        "x": 0,
        "y": 14,
        "w": 501,
        "h": 1
    },
    "20.png": {
        "x": 0,
        "y": 15,
        "w": 501,
        "h": 1
    },
    "114.png": {
        "x": 0,
        "y": 16,
        "w": 501,
        "h": 1
    },
    "115.png": {
        "x": 0,
        "y": 17,
        "w": 501,
        "h": 1
    },
    "116.png": {
        "x": 0,
        "y": 18,
        "w": 501,
        "h": 1
    },
    "117.png": {
        "x": 0,
        "y": 19,
        "w": 501,
        "h": 1
    },
    "118.png": {
        "x": 0,
        "y": 20,
        "w": 501,
        "h": 1
    },
    "70.png": {
        "x": 0,
        "y": 21,
        "w": 501,
        "h": 1
    },
    "19.png": {
        "x": 0,
        "y": 22,
        "w": 501,
        "h": 1
    },
    "176.png": {
        "x": 0,
        "y": 23,
        "w": 501,
        "h": 1
    },
    "175.png": {
        "x": 0,
        "y": 24,
        "w": 501,
        "h": 1
    },
    "174.png": {
        "x": 0,
        "y": 25,
        "w": 501,
        "h": 1
    },
    "173.png": {
        "x": 0,
        "y": 26,
        "w": 501,
        "h": 1
    },
    "124.png": {
        "x": 0,
        "y": 27,
        "w": 501,
        "h": 1
    },
    "125.png": {
        "x": 0,
        "y": 28,
        "w": 501,
        "h": 1
    },
    "126.png": {
        "x": 0,
        "y": 29,
        "w": 501,
        "h": 1
    },
    "127.png": {
        "x": 0,
        "y": 30,
        "w": 501,
        "h": 1
    },
    "172.png": {
        "x": 0,
        "y": 31,
        "w": 501,
        "h": 1
    },
    "171.png": {
        "x": 0,
        "y": 32,
        "w": 501,
        "h": 1
    },
    "17.png": {
        "x": 0,
        "y": 33,
        "w": 501,
        "h": 1
    },
    "166.png": {
        "x": 0,
        "y": 34,
        "w": 501,
        "h": 1
    },
    "78.png": {
        "x": 0,
        "y": 35,
        "w": 501,
        "h": 1
    },
    "79.png": {
        "x": 0,
        "y": 36,
        "w": 501,
        "h": 1
    },
    "80.png": {
        "x": 0,
        "y": 37,
        "w": 501,
        "h": 1
    },
    "81.png": {
        "x": 0,
        "y": 38,
        "w": 501,
        "h": 1
    },
    "159.png": {
        "x": 0,
        "y": 39,
        "w": 501,
        "h": 1
    },
    "158.png": {
        "x": 0,
        "y": 40,
        "w": 501,
        "h": 1
    },
    "82.png": {
        "x": 0,
        "y": 41,
        "w": 501,
        "h": 1
    },
    "83.png": {
        "x": 0,
        "y": 42,
        "w": 501,
        "h": 1
    },
    "149.png": {
        "x": 0,
        "y": 43,
        "w": 501,
        "h": 1
    },
    "148.png": {
        "x": 0,
        "y": 44,
        "w": 501,
        "h": 1
    },
    "147.png": {
        "x": 0,
        "y": 45,
        "w": 501,
        "h": 1
    },
    "170.png": {
        "x": 0,
        "y": 46,
        "w": 417,
        "h": 262
    },
    "152.png": {
        "x": 0,
        "y": 308,
        "w": 412,
        "h": 358
    },
    "153.png": {
        "x": 501,
        "y": 0,
        "w": 411,
        "h": 357
    },
    "151.png": {
        "x": 0,
        "y": 666,
        "w": 410,
        "h": 358
    },
    "36.png": {
        "x": 410,
        "y": 666,
        "w": 400,
        "h": 285
    },
    "35.png": {
        "x": 412,
        "y": 357,
        "w": 399,
        "h": 285
    },
    "37.png": {
        "x": 912,
        "y": 0,
        "w": 399,
        "h": 283
    },
    "38.png": {
        "x": 912,
        "y": 283,
        "w": 397,
        "h": 285
    },
    "16.png": {
        "x": 810,
        "y": 642,
        "w": 397,
        "h": 358
    },
    "154.png": {
        "x": 0,
        "y": 1024,
        "w": 393,
        "h": 339
    },
    "108.png": {
        "x": 393,
        "y": 1024,
        "w": 373,
        "h": 316
    },
    "8.png": {
        "x": 766,
        "y": 1000,
        "w": 366,
        "h": 281
    },
    "3.png": {
        "x": 1311,
        "y": 0,
        "w": 365,
        "h": 285
    },
    "178.png": {
        "x": 1132,
        "y": 1000,
        "w": 264,
        "h": 363
    },
    "177.png": {
        "x": 1396,
        "y": 285,
        "w": 257,
        "h": 361
    },
    "139.png": {
        "x": 0,
        "y": 1363,
        "w": 294,
        "h": 360
    },
    "141.png": {
        "x": 294,
        "y": 1363,
        "w": 289,
        "h": 360
    },
    "138.png": {
        "x": 583,
        "y": 1363,
        "w": 238,
        "h": 359
    },
    "50.png": {
        "x": 1207,
        "y": 646,
        "w": 306,
        "h": 353
    },
    "49.png": {
        "x": 821,
        "y": 1281,
        "w": 307,
        "h": 352
    },
    "46.png": {
        "x": 1128,
        "y": 1363,
        "w": 260,
        "h": 350
    },
    "61.png": {
        "x": 1388,
        "y": 1363,
        "w": 264,
        "h": 348
    },
    "68.png": {
        "x": 1396,
        "y": 999,
        "w": 261,
        "h": 348
    },
    "84.png": {
        "x": 1676,
        "y": 0,
        "w": 266,
        "h": 348
    },
    "27.png": {
        "x": 1513,
        "y": 646,
        "w": 346,
        "h": 275
    },
    "73.png": {
        "x": 0,
        "y": 1723,
        "w": 299,
        "h": 345
    },
    "74.png": {
        "x": 299,
        "y": 1723,
        "w": 299,
        "h": 345
    },
    "72.png": {
        "x": 598,
        "y": 1722,
        "w": 313,
        "h": 345
    },
    "47.png": {
        "x": 911,
        "y": 1713,
        "w": 274,
        "h": 345
    },
    "155.png": {
        "x": 1185,
        "y": 1713,
        "w": 306,
        "h": 344
    },
    "109.png": {
        "x": 1491,
        "y": 1711,
        "w": 306,
        "h": 344
    },
    "110.png": {
        "x": 1652,
        "y": 1347,
        "w": 180,
        "h": 344
    },
    "134.png": {
        "x": 1657,
        "y": 921,
        "w": 263,
        "h": 343
    },
    "135.png": {
        "x": 1942,
        "y": 0,
        "w": 257,
        "h": 343
    },
    "137.png": {
        "x": 1920,
        "y": 348,
        "w": 258,
        "h": 343
    },
    "136.png": {
        "x": 1920,
        "y": 691,
        "w": 258,
        "h": 343
    },
    "133.png": {
        "x": 1920,
        "y": 1034,
        "w": 257,
        "h": 342
    },
    "48.png": {
        "x": 1797,
        "y": 1691,
        "w": 293,
        "h": 341
    },
    "150.png": {
        "x": 1832,
        "y": 1376,
        "w": 340,
        "h": 237
    },
    "164.png": {
        "x": 0,
        "y": 2068,
        "w": 181,
        "h": 339
    },
    "42.png": {
        "x": 181,
        "y": 2068,
        "w": 276,
        "h": 336
    },
    "43.png": {
        "x": 457,
        "y": 2068,
        "w": 283,
        "h": 335
    },
    "41.png": {
        "x": 740,
        "y": 2067,
        "w": 282,
        "h": 335
    },
    "44.png": {
        "x": 1022,
        "y": 2058,
        "w": 281,
        "h": 334
    },
    "40.png": {
        "x": 1303,
        "y": 2057,
        "w": 281,
        "h": 334
    },
    "39.png": {
        "x": 1584,
        "y": 2055,
        "w": 283,
        "h": 333
    },
    "71.png": {
        "x": 1867,
        "y": 2032,
        "w": 332,
        "h": 333
    },
    "105.png": {
        "x": 2199,
        "y": 0,
        "w": 291,
        "h": 332
    },
    "89.png": {
        "x": 2199,
        "y": 332,
        "w": 275,
        "h": 332
    },
    "90.png": {
        "x": 2199,
        "y": 664,
        "w": 283,
        "h": 332
    },
    "92.png": {
        "x": 2199,
        "y": 996,
        "w": 282,
        "h": 332
    },
    "93.png": {
        "x": 2199,
        "y": 1328,
        "w": 276,
        "h": 332
    },
    "91.png": {
        "x": 2199,
        "y": 1660,
        "w": 281,
        "h": 332
    },
    "102.png": {
        "x": 0,
        "y": 2407,
        "w": 295,
        "h": 331
    },
    "145.png": {
        "x": 295,
        "y": 2404,
        "w": 278,
        "h": 331
    },
    "101.png": {
        "x": 573,
        "y": 2403,
        "w": 284,
        "h": 331
    },
    "104.png": {
        "x": 857,
        "y": 2402,
        "w": 299,
        "h": 331
    },
    "86.png": {
        "x": 2199,
        "y": 1992,
        "w": 280,
        "h": 331
    },
    "87.png": {
        "x": 2199,
        "y": 2323,
        "w": 278,
        "h": 331
    },
    "88.png": {
        "x": 1156,
        "y": 2392,
        "w": 279,
        "h": 331
    },
    "85.png": {
        "x": 1435,
        "y": 2391,
        "w": 274,
        "h": 331
    },
    "100.png": {
        "x": 1709,
        "y": 2388,
        "w": 289,
        "h": 331
    },
    "146.png": {
        "x": 2490,
        "y": 0,
        "w": 285,
        "h": 331
    },
    "95.png": {
        "x": 2474,
        "y": 332,
        "w": 283,
        "h": 330
    },
    "94.png": {
        "x": 2475,
        "y": 1328,
        "w": 285,
        "h": 330
    },
    "103.png": {
        "x": 2479,
        "y": 1992,
        "w": 296,
        "h": 330
    },
    "98.png": {
        "x": 2481,
        "y": 996,
        "w": 294,
        "h": 330
    },
    "45.png": {
        "x": 2480,
        "y": 1658,
        "w": 265,
        "h": 330
    },
    "144.png": {
        "x": 2482,
        "y": 662,
        "w": 284,
        "h": 330
    },
    "143.png": {
        "x": 2479,
        "y": 2322,
        "w": 283,
        "h": 330
    },
    "142.png": {
        "x": 0,
        "y": 2738,
        "w": 285,
        "h": 330
    },
    "97.png": {
        "x": 285,
        "y": 2738,
        "w": 278,
        "h": 330
    },
    "129.png": {
        "x": 563,
        "y": 2735,
        "w": 278,
        "h": 329
    },
    "96.png": {
        "x": 841,
        "y": 2734,
        "w": 284,
        "h": 329
    },
    "130.png": {
        "x": 1125,
        "y": 2733,
        "w": 285,
        "h": 329
    },
    "131.png": {
        "x": 2477,
        "y": 2652,
        "w": 282,
        "h": 329
    },
    "99.png": {
        "x": 1410,
        "y": 2723,
        "w": 290,
        "h": 329
    },
    "128.png": {
        "x": 1700,
        "y": 2722,
        "w": 284,
        "h": 329
    },
    "132.png": {
        "x": 1984,
        "y": 2719,
        "w": 278,
        "h": 328
    },
    "34.png": {
        "x": 2775,
        "y": 0,
        "w": 327,
        "h": 281
    },
    "62.png": {
        "x": 2757,
        "y": 331,
        "w": 266,
        "h": 327
    },
    "54.png": {
        "x": 2745,
        "y": 1658,
        "w": 221,
        "h": 320
    },
    "51.png": {
        "x": 2760,
        "y": 1326,
        "w": 220,
        "h": 320
    },
    "58.png": {
        "x": 2766,
        "y": 658,
        "w": 221,
        "h": 320
    },
    "55.png": {
        "x": 2775,
        "y": 978,
        "w": 220,
        "h": 319
    },
    "53.png": {
        "x": 2759,
        "y": 2652,
        "w": 220,
        "h": 318
    },
    "156.png": {
        "x": 2762,
        "y": 2322,
        "w": 285,
        "h": 318
    },
    "57.png": {
        "x": 2775,
        "y": 1978,
        "w": 221,
        "h": 317
    },
    "52.png": {
        "x": 0,
        "y": 3068,
        "w": 218,
        "h": 317
    },
    "140.png": {
        "x": 218,
        "y": 3068,
        "w": 234,
        "h": 316
    },
    "56.png": {
        "x": 452,
        "y": 3068,
        "w": 219,
        "h": 316
    },
    "29.png": {
        "x": 671,
        "y": 3064,
        "w": 202,
        "h": 311
    },
    "167.png": {
        "x": 873,
        "y": 3063,
        "w": 184,
        "h": 311
    },
    "63.png": {
        "x": 1057,
        "y": 3063,
        "w": 276,
        "h": 310
    },
    "28.png": {
        "x": 1333,
        "y": 3062,
        "w": 289,
        "h": 309
    },
    "60.png": {
        "x": 1622,
        "y": 3052,
        "w": 279,
        "h": 307
    },
    "30.png": {
        "x": 1998,
        "y": 2365,
        "w": 191,
        "h": 306
    },
    "64.png": {
        "x": 1901,
        "y": 3051,
        "w": 275,
        "h": 306
    },
    "165.png": {
        "x": 2176,
        "y": 3047,
        "w": 180,
        "h": 306
    },
    "9.png": {
        "x": 2759,
        "y": 2970,
        "w": 305,
        "h": 305
    },
    "59.png": {
        "x": 2356,
        "y": 2981,
        "w": 284,
        "h": 305
    },
    "10.png": {
        "x": 2262,
        "y": 2654,
        "w": 208,
        "h": 302
    },
    "32.png": {
        "x": 3102,
        "y": 0,
        "w": 302,
        "h": 282
    },
    "119.png": {
        "x": 2987,
        "y": 658,
        "w": 302,
        "h": 286
    },
    "65.png": {
        "x": 2979,
        "y": 2640,
        "w": 276,
        "h": 301
    },
    "66.png": {
        "x": 2966,
        "y": 1646,
        "w": 269,
        "h": 301
    },
    "168.png": {
        "x": 2980,
        "y": 1297,
        "w": 201,
        "h": 301
    },
    "67.png": {
        "x": 2995,
        "y": 944,
        "w": 276,
        "h": 301
    },
    "11.png": {
        "x": 1653,
        "y": 348,
        "w": 193,
        "h": 297
    },
    "15.png": {
        "x": 3064,
        "y": 2941,
        "w": 274,
        "h": 293
    },
    "33.png": {
        "x": 3047,
        "y": 1947,
        "w": 290,
        "h": 281
    },
    "31.png": {
        "x": 3181,
        "y": 1245,
        "w": 191,
        "h": 284
    },
    "14.png": {
        "x": 3023,
        "y": 282,
        "w": 241,
        "h": 282
    },
    "13.png": {
        "x": 3047,
        "y": 2228,
        "w": 193,
        "h": 275
    },
    "12.png": {
        "x": 0,
        "y": 3385,
        "w": 193,
        "h": 275
    },
    "120.png": {
        "x": 193,
        "y": 3385,
        "w": 271,
        "h": 220
    },
    "112.png": {
        "x": 464,
        "y": 3384,
        "w": 186,
        "h": 268
    },
    "169.png": {
        "x": 650,
        "y": 3384,
        "w": 254,
        "h": 265
    },
    "111.png": {
        "x": 904,
        "y": 3374,
        "w": 181,
        "h": 263
    },
    "160.png": {
        "x": 1085,
        "y": 3373,
        "w": 263,
        "h": 238
    },
    "161.png": {
        "x": 1348,
        "y": 3371,
        "w": 257,
        "h": 239
    },
    "162.png": {
        "x": 1605,
        "y": 3371,
        "w": 256,
        "h": 240
    },
    "163.png": {
        "x": 1861,
        "y": 3359,
        "w": 256,
        "h": 241
    },
    "0.png": {
        "x": 2117,
        "y": 3357,
        "w": 208,
        "h": 252
    },
    "2.png": {
        "x": 2325,
        "y": 3353,
        "w": 232,
        "h": 242
    },
    "121.png": {
        "x": 3064,
        "y": 3234,
        "w": 240,
        "h": 221
    },
    "76.png": {
        "x": 2557,
        "y": 3286,
        "w": 215,
        "h": 240
    },
    "75.png": {
        "x": 2772,
        "y": 3275,
        "w": 208,
        "h": 240
    },
    "1.png": {
        "x": 3404,
        "y": 0,
        "w": 214,
        "h": 240
    },
    "113.png": {
        "x": 3372,
        "y": 282,
        "w": 222,
        "h": 238
    },
    "77.png": {
        "x": 3372,
        "y": 520,
        "w": 232,
        "h": 237
    },
    "123.png": {
        "x": 3372,
        "y": 757,
        "w": 188,
        "h": 235
    },
    "122.png": {
        "x": 3271,
        "y": 992,
        "w": 206,
        "h": 234
    }
}