{
    "25.png": {
        "x": 0,
        "y": 0,
        "w": 501,
        "h": 1
    },
    "18.png": {
        "x": 0,
        "y": 1,
        "w": 501,
        "h": 1
    },
    "155.png": {
        "x": 0,
        "y": 2,
        "w": 501,
        "h": 1
    },
    "83.png": {
        "x": 0,
        "y": 3,
        "w": 501,
        "h": 1
    },
    "82.png": {
        "x": 0,
        "y": 4,
        "w": 501,
        "h": 1
    },
    "81.png": {
        "x": 0,
        "y": 5,
        "w": 501,
        "h": 1
    },
    "80.png": {
        "x": 0,
        "y": 6,
        "w": 501,
        "h": 1
    },
    "106.png": {
        "x": 0,
        "y": 7,
        "w": 501,
        "h": 1
    },
    "107.png": {
        "x": 0,
        "y": 8,
        "w": 501,
        "h": 1
    },
    "108.png": {
        "x": 0,
        "y": 9,
        "w": 501,
        "h": 1
    },
    "5.png": {
        "x": 0,
        "y": 10,
        "w": 501,
        "h": 1
    },
    "154.png": {
        "x": 0,
        "y": 11,
        "w": 501,
        "h": 1
    },
    "158.png": {
        "x": 0,
        "y": 12,
        "w": 501,
        "h": 1
    },
    "152.png": {
        "x": 0,
        "y": 13,
        "w": 501,
        "h": 1
    },
    "7.png": {
        "x": 0,
        "y": 14,
        "w": 501,
        "h": 1
    },
    "4.png": {
        "x": 0,
        "y": 15,
        "w": 501,
        "h": 1
    },
    "114.png": {
        "x": 0,
        "y": 16,
        "w": 501,
        "h": 1
    },
    "115.png": {
        "x": 0,
        "y": 17,
        "w": 501,
        "h": 1
    },
    "116.png": {
        "x": 0,
        "y": 18,
        "w": 501,
        "h": 1
    },
    "117.png": {
        "x": 0,
        "y": 19,
        "w": 501,
        "h": 1
    },
    "118.png": {
        "x": 0,
        "y": 20,
        "w": 501,
        "h": 1
    },
    "38.png": {
        "x": 0,
        "y": 21,
        "w": 501,
        "h": 1
    },
    "37.png": {
        "x": 0,
        "y": 22,
        "w": 501,
        "h": 1
    },
    "36.png": {
        "x": 0,
        "y": 23,
        "w": 501,
        "h": 1
    },
    "35.png": {
        "x": 0,
        "y": 24,
        "w": 501,
        "h": 1
    },
    "3.png": {
        "x": 0,
        "y": 25,
        "w": 501,
        "h": 1
    },
    "26.png": {
        "x": 0,
        "y": 26,
        "w": 501,
        "h": 1
    },
    "124.png": {
        "x": 0,
        "y": 27,
        "w": 501,
        "h": 1
    },
    "125.png": {
        "x": 0,
        "y": 28,
        "w": 501,
        "h": 1
    },
    "126.png": {
        "x": 0,
        "y": 29,
        "w": 501,
        "h": 1
    },
    "127.png": {
        "x": 0,
        "y": 30,
        "w": 501,
        "h": 1
    },
    "6.png": {
        "x": 0,
        "y": 31,
        "w": 501,
        "h": 1
    },
    "24.png": {
        "x": 0,
        "y": 32,
        "w": 501,
        "h": 1
    },
    "23.png": {
        "x": 0,
        "y": 33,
        "w": 501,
        "h": 1
    },
    "22.png": {
        "x": 0,
        "y": 34,
        "w": 501,
        "h": 1
    },
    "21.png": {
        "x": 0,
        "y": 35,
        "w": 501,
        "h": 1
    },
    "20.png": {
        "x": 0,
        "y": 36,
        "w": 501,
        "h": 1
    },
    "8.png": {
        "x": 0,
        "y": 37,
        "w": 501,
        "h": 1
    },
    "79.png": {
        "x": 0,
        "y": 38,
        "w": 501,
        "h": 1
    },
    "78.png": {
        "x": 0,
        "y": 39,
        "w": 501,
        "h": 1
    },
    "19.png": {
        "x": 0,
        "y": 40,
        "w": 501,
        "h": 1
    },
    "178.png": {
        "x": 0,
        "y": 41,
        "w": 501,
        "h": 1
    },
    "177.png": {
        "x": 0,
        "y": 42,
        "w": 501,
        "h": 1
    },
    "176.png": {
        "x": 0,
        "y": 43,
        "w": 501,
        "h": 1
    },
    "175.png": {
        "x": 0,
        "y": 44,
        "w": 501,
        "h": 1
    },
    "174.png": {
        "x": 0,
        "y": 45,
        "w": 501,
        "h": 1
    },
    "173.png": {
        "x": 0,
        "y": 46,
        "w": 501,
        "h": 1
    },
    "172.png": {
        "x": 0,
        "y": 47,
        "w": 501,
        "h": 1
    },
    "171.png": {
        "x": 0,
        "y": 48,
        "w": 501,
        "h": 1
    },
    "170.png": {
        "x": 0,
        "y": 49,
        "w": 501,
        "h": 1
    },
    "17.png": {
        "x": 0,
        "y": 50,
        "w": 501,
        "h": 1
    },
    "16.png": {
        "x": 0,
        "y": 51,
        "w": 501,
        "h": 1
    },
    "147.png": {
        "x": 0,
        "y": 52,
        "w": 501,
        "h": 1
    },
    "148.png": {
        "x": 0,
        "y": 53,
        "w": 501,
        "h": 1
    },
    "149.png": {
        "x": 0,
        "y": 54,
        "w": 501,
        "h": 1
    },
    "159.png": {
        "x": 0,
        "y": 55,
        "w": 501,
        "h": 1
    },
    "150.png": {
        "x": 0,
        "y": 56,
        "w": 501,
        "h": 1
    },
    "151.png": {
        "x": 0,
        "y": 57,
        "w": 501,
        "h": 1
    },
    "157.png": {
        "x": 0,
        "y": 58,
        "w": 501,
        "h": 1
    },
    "50.png": {
        "x": 0,
        "y": 59,
        "w": 221,
        "h": 348
    },
    "47.png": {
        "x": 221,
        "y": 59,
        "w": 227,
        "h": 347
    },
    "49.png": {
        "x": 0,
        "y": 407,
        "w": 216,
        "h": 347
    },
    "48.png": {
        "x": 216,
        "y": 407,
        "w": 218,
        "h": 337
    },
    "156.png": {
        "x": 501,
        "y": 0,
        "w": 325,
        "h": 314
    },
    "153.png": {
        "x": 434,
        "y": 406,
        "w": 324,
        "h": 319
    },
    "84.png": {
        "x": 0,
        "y": 754,
        "w": 240,
        "h": 321
    },
    "164.png": {
        "x": 240,
        "y": 744,
        "w": 217,
        "h": 316
    },
    "165.png": {
        "x": 457,
        "y": 725,
        "w": 231,
        "h": 316
    },
    "139.png": {
        "x": 826,
        "y": 0,
        "w": 267,
        "h": 314
    },
    "15.png": {
        "x": 688,
        "y": 725,
        "w": 278,
        "h": 313
    },
    "141.png": {
        "x": 758,
        "y": 314,
        "w": 267,
        "h": 313
    },
    "111.png": {
        "x": 0,
        "y": 1075,
        "w": 243,
        "h": 312
    },
    "109.png": {
        "x": 243,
        "y": 1060,
        "w": 279,
        "h": 311
    },
    "163.png": {
        "x": 522,
        "y": 1041,
        "w": 310,
        "h": 299
    },
    "160.png": {
        "x": 1093,
        "y": 0,
        "w": 309,
        "h": 298
    },
    "112.png": {
        "x": 832,
        "y": 1038,
        "w": 249,
        "h": 308
    },
    "161.png": {
        "x": 1093,
        "y": 298,
        "w": 308,
        "h": 301
    },
    "140.png": {
        "x": 1081,
        "y": 599,
        "w": 279,
        "h": 307
    },
    "162.png": {
        "x": 1081,
        "y": 906,
        "w": 307,
        "h": 299
    },
    "166.png": {
        "x": 0,
        "y": 1387,
        "w": 232,
        "h": 307
    },
    "138.png": {
        "x": 232,
        "y": 1387,
        "w": 234,
        "h": 306
    },
    "110.png": {
        "x": 466,
        "y": 1371,
        "w": 256,
        "h": 304
    },
    "14.png": {
        "x": 722,
        "y": 1346,
        "w": 265,
        "h": 303
    },
    "131.png": {
        "x": 987,
        "y": 1346,
        "w": 261,
        "h": 297
    },
    "145.png": {
        "x": 1402,
        "y": 0,
        "w": 260,
        "h": 297
    },
    "68.png": {
        "x": 1402,
        "y": 297,
        "w": 251,
        "h": 297
    },
    "61.png": {
        "x": 1360,
        "y": 599,
        "w": 250,
        "h": 296
    },
    "113.png": {
        "x": 1388,
        "y": 895,
        "w": 256,
        "h": 296
    },
    "142.png": {
        "x": 1388,
        "y": 1191,
        "w": 261,
        "h": 296
    },
    "33.png": {
        "x": 1662,
        "y": 0,
        "w": 256,
        "h": 296
    },
    "32.png": {
        "x": 1662,
        "y": 296,
        "w": 256,
        "h": 296
    },
    "143.png": {
        "x": 1653,
        "y": 592,
        "w": 261,
        "h": 296
    },
    "146.png": {
        "x": 1644,
        "y": 888,
        "w": 260,
        "h": 295
    },
    "129.png": {
        "x": 1649,
        "y": 1183,
        "w": 261,
        "h": 295
    },
    "128.png": {
        "x": 0,
        "y": 1694,
        "w": 261,
        "h": 295
    },
    "144.png": {
        "x": 261,
        "y": 1693,
        "w": 260,
        "h": 295
    },
    "27.png": {
        "x": 521,
        "y": 1675,
        "w": 249,
        "h": 295
    },
    "60.png": {
        "x": 1649,
        "y": 1478,
        "w": 246,
        "h": 295
    },
    "130.png": {
        "x": 770,
        "y": 1649,
        "w": 261,
        "h": 295
    },
    "13.png": {
        "x": 1031,
        "y": 1643,
        "w": 257,
        "h": 294
    },
    "132.png": {
        "x": 1288,
        "y": 1487,
        "w": 256,
        "h": 294
    },
    "11.png": {
        "x": 1918,
        "y": 0,
        "w": 261,
        "h": 294
    },
    "12.png": {
        "x": 1904,
        "y": 888,
        "w": 258,
        "h": 294
    },
    "59.png": {
        "x": 1914,
        "y": 592,
        "w": 248,
        "h": 293
    },
    "28.png": {
        "x": 1918,
        "y": 294,
        "w": 250,
        "h": 293
    },
    "29.png": {
        "x": 1910,
        "y": 1182,
        "w": 248,
        "h": 293
    },
    "9.png": {
        "x": 1910,
        "y": 1475,
        "w": 262,
        "h": 293
    },
    "43.png": {
        "x": 0,
        "y": 1989,
        "w": 256,
        "h": 293
    },
    "39.png": {
        "x": 256,
        "y": 1989,
        "w": 256,
        "h": 292
    },
    "44.png": {
        "x": 512,
        "y": 1988,
        "w": 248,
        "h": 292
    },
    "10.png": {
        "x": 1895,
        "y": 1768,
        "w": 265,
        "h": 291
    },
    "31.png": {
        "x": 760,
        "y": 1970,
        "w": 249,
        "h": 290
    },
    "30.png": {
        "x": 1009,
        "y": 1944,
        "w": 249,
        "h": 290
    },
    "167.png": {
        "x": 1258,
        "y": 1937,
        "w": 220,
        "h": 289
    },
    "121.png": {
        "x": 1544,
        "y": 1773,
        "w": 211,
        "h": 289
    },
    "120.png": {
        "x": 2179,
        "y": 0,
        "w": 211,
        "h": 287
    },
    "1.png": {
        "x": 0,
        "y": 2282,
        "w": 249,
        "h": 287
    },
    "76.png": {
        "x": 249,
        "y": 2282,
        "w": 249,
        "h": 287
    },
    "123.png": {
        "x": 498,
        "y": 2281,
        "w": 234,
        "h": 286
    },
    "2.png": {
        "x": 732,
        "y": 2280,
        "w": 255,
        "h": 286
    },
    "77.png": {
        "x": 987,
        "y": 2260,
        "w": 255,
        "h": 286
    },
    "34.png": {
        "x": 1242,
        "y": 2234,
        "w": 274,
        "h": 286
    },
    "169.png": {
        "x": 1516,
        "y": 2062,
        "w": 286,
        "h": 264
    },
    "122.png": {
        "x": 2168,
        "y": 294,
        "w": 220,
        "h": 285
    },
    "168.png": {
        "x": 1802,
        "y": 2059,
        "w": 241,
        "h": 284
    },
    "45.png": {
        "x": 2162,
        "y": 587,
        "w": 227,
        "h": 283
    },
    "119.png": {
        "x": 2043,
        "y": 2059,
        "w": 235,
        "h": 283
    },
    "41.png": {
        "x": 2390,
        "y": 0,
        "w": 257,
        "h": 280
    },
    "0.png": {
        "x": 2390,
        "y": 280,
        "w": 250,
        "h": 280
    },
    "75.png": {
        "x": 2389,
        "y": 560,
        "w": 250,
        "h": 280
    },
    "42.png": {
        "x": 2389,
        "y": 840,
        "w": 257,
        "h": 279
    },
    "69.png": {
        "x": 2160,
        "y": 1768,
        "w": 231,
        "h": 278
    },
    "105.png": {
        "x": 2162,
        "y": 870,
        "w": 227,
        "h": 278
    },
    "40.png": {
        "x": 2389,
        "y": 1119,
        "w": 257,
        "h": 278
    },
    "104.png": {
        "x": 2162,
        "y": 1148,
        "w": 227,
        "h": 277
    },
    "74.png": {
        "x": 2391,
        "y": 1397,
        "w": 243,
        "h": 277
    },
    "73.png": {
        "x": 2391,
        "y": 1674,
        "w": 244,
        "h": 277
    },
    "86.png": {
        "x": 2391,
        "y": 1951,
        "w": 245,
        "h": 277
    },
    "99.png": {
        "x": 2278,
        "y": 2228,
        "w": 231,
        "h": 277
    },
    "90.png": {
        "x": 0,
        "y": 2569,
        "w": 227,
        "h": 277
    },
    "93.png": {
        "x": 227,
        "y": 2569,
        "w": 248,
        "h": 276
    },
    "101.png": {
        "x": 475,
        "y": 2569,
        "w": 231,
        "h": 276
    },
    "46.png": {
        "x": 706,
        "y": 2567,
        "w": 238,
        "h": 276
    },
    "97.png": {
        "x": 944,
        "y": 2566,
        "w": 250,
        "h": 276
    },
    "96.png": {
        "x": 1194,
        "y": 2546,
        "w": 250,
        "h": 276
    },
    "70.png": {
        "x": 2043,
        "y": 2342,
        "w": 232,
        "h": 276
    },
    "87.png": {
        "x": 1516,
        "y": 2326,
        "w": 245,
        "h": 276
    },
    "92.png": {
        "x": 1761,
        "y": 2343,
        "w": 248,
        "h": 276
    },
    "88.png": {
        "x": 2275,
        "y": 2505,
        "w": 245,
        "h": 276
    },
    "85.png": {
        "x": 2647,
        "y": 0,
        "w": 246,
        "h": 276
    },
    "95.png": {
        "x": 2634,
        "y": 1397,
        "w": 250,
        "h": 276
    },
    "94.png": {
        "x": 2509,
        "y": 2228,
        "w": 249,
        "h": 275
    },
    "135.png": {
        "x": 2635,
        "y": 1673,
        "w": 237,
        "h": 275
    },
    "133.png": {
        "x": 2639,
        "y": 560,
        "w": 236,
        "h": 275
    },
    "91.png": {
        "x": 2646,
        "y": 835,
        "w": 247,
        "h": 275
    },
    "98.png": {
        "x": 2636,
        "y": 1948,
        "w": 231,
        "h": 275
    },
    "89.png": {
        "x": 2646,
        "y": 1110,
        "w": 247,
        "h": 275
    },
    "137.png": {
        "x": 2640,
        "y": 280,
        "w": 235,
        "h": 274
    },
    "136.png": {
        "x": 2520,
        "y": 2503,
        "w": 236,
        "h": 274
    },
    "66.png": {
        "x": 0,
        "y": 2846,
        "w": 256,
        "h": 274
    },
    "103.png": {
        "x": 256,
        "y": 2845,
        "w": 227,
        "h": 274
    },
    "102.png": {
        "x": 483,
        "y": 2845,
        "w": 231,
        "h": 274
    },
    "134.png": {
        "x": 714,
        "y": 2843,
        "w": 236,
        "h": 274
    },
    "65.png": {
        "x": 950,
        "y": 2842,
        "w": 256,
        "h": 272
    },
    "100.png": {
        "x": 1206,
        "y": 2822,
        "w": 231,
        "h": 272
    },
    "67.png": {
        "x": 2009,
        "y": 2618,
        "w": 255,
        "h": 269
    },
    "72.png": {
        "x": 1437,
        "y": 2822,
        "w": 243,
        "h": 269
    },
    "62.png": {
        "x": 2264,
        "y": 2781,
        "w": 257,
        "h": 267
    },
    "63.png": {
        "x": 1680,
        "y": 2619,
        "w": 252,
        "h": 266
    },
    "71.png": {
        "x": 2521,
        "y": 2777,
        "w": 240,
        "h": 264
    },
    "64.png": {
        "x": 2893,
        "y": 0,
        "w": 253,
        "h": 263
    },
    "54.png": {
        "x": 2884,
        "y": 1385,
        "w": 258,
        "h": 261
    },
    "58.png": {
        "x": 2884,
        "y": 1646,
        "w": 258,
        "h": 261
    },
    "53.png": {
        "x": 2875,
        "y": 276,
        "w": 259,
        "h": 260
    },
    "57.png": {
        "x": 2756,
        "y": 2503,
        "w": 256,
        "h": 260
    },
    "51.png": {
        "x": 2875,
        "y": 536,
        "w": 257,
        "h": 258
    },
    "52.png": {
        "x": 2872,
        "y": 1907,
        "w": 255,
        "h": 258
    },
    "56.png": {
        "x": 2867,
        "y": 2165,
        "w": 258,
        "h": 258
    },
    "55.png": {
        "x": 2761,
        "y": 2763,
        "w": 257,
        "h": 258
    }
}