{
    "33.png": {
        "x": 0,
        "y": 0,
        "w": 501,
        "h": 1
    },
    "15.png": {
        "x": 0,
        "y": 1,
        "w": 501,
        "h": 1
    },
    "14.png": {
        "x": 0,
        "y": 2,
        "w": 501,
        "h": 1
    },
    "171.png": {
        "x": 0,
        "y": 3,
        "w": 501,
        "h": 1
    },
    "80.png": {
        "x": 0,
        "y": 4,
        "w": 501,
        "h": 1
    },
    "8.png": {
        "x": 0,
        "y": 5,
        "w": 501,
        "h": 1
    },
    "79.png": {
        "x": 0,
        "y": 6,
        "w": 501,
        "h": 1
    },
    "78.png": {
        "x": 0,
        "y": 7,
        "w": 501,
        "h": 1
    },
    "74.png": {
        "x": 0,
        "y": 8,
        "w": 501,
        "h": 1
    },
    "73.png": {
        "x": 0,
        "y": 9,
        "w": 501,
        "h": 1
    },
    "108.png": {
        "x": 0,
        "y": 10,
        "w": 501,
        "h": 1
    },
    "72.png": {
        "x": 0,
        "y": 11,
        "w": 501,
        "h": 1
    },
    "71.png": {
        "x": 0,
        "y": 12,
        "w": 501,
        "h": 1
    },
    "177.png": {
        "x": 0,
        "y": 13,
        "w": 501,
        "h": 1
    },
    "60.png": {
        "x": 0,
        "y": 14,
        "w": 501,
        "h": 1
    },
    "59.png": {
        "x": 0,
        "y": 15,
        "w": 501,
        "h": 1
    },
    "32.png": {
        "x": 0,
        "y": 16,
        "w": 501,
        "h": 1
    },
    "122.png": {
        "x": 0,
        "y": 17,
        "w": 501,
        "h": 1
    },
    "34.png": {
        "x": 0,
        "y": 18,
        "w": 501,
        "h": 1
    },
    "116.png": {
        "x": 0,
        "y": 19,
        "w": 501,
        "h": 1
    },
    "159.png": {
        "x": 0,
        "y": 20,
        "w": 438,
        "h": 309
    },
    "17.png": {
        "x": 0,
        "y": 329,
        "w": 431,
        "h": 271
    },
    "18.png": {
        "x": 501,
        "y": 0,
        "w": 410,
        "h": 230
    },
    "19.png": {
        "x": 431,
        "y": 329,
        "w": 401,
        "h": 230
    },
    "20.png": {
        "x": 0,
        "y": 600,
        "w": 387,
        "h": 230
    },
    "124.png": {
        "x": 0,
        "y": 830,
        "w": 379,
        "h": 346
    },
    "127.png": {
        "x": 431,
        "y": 559,
        "w": 379,
        "h": 350
    },
    "125.png": {
        "x": 911,
        "y": 0,
        "w": 378,
        "h": 350
    },
    "126.png": {
        "x": 832,
        "y": 350,
        "w": 376,
        "h": 350
    },
    "158.png": {
        "x": 810,
        "y": 700,
        "w": 372,
        "h": 316
    },
    "150.png": {
        "x": 379,
        "y": 909,
        "w": 368,
        "h": 250
    },
    "47.png": {
        "x": 0,
        "y": 1176,
        "w": 220,
        "h": 363
    },
    "157.png": {
        "x": 220,
        "y": 1176,
        "w": 361,
        "h": 306
    },
    "170.png": {
        "x": 581,
        "y": 1159,
        "w": 358,
        "h": 274
    },
    "115.png": {
        "x": 1289,
        "y": 0,
        "w": 355,
        "h": 322
    },
    "114.png": {
        "x": 1289,
        "y": 322,
        "w": 355,
        "h": 322
    },
    "48.png": {
        "x": 939,
        "y": 1016,
        "w": 224,
        "h": 352
    },
    "49.png": {
        "x": 1163,
        "y": 1016,
        "w": 231,
        "h": 348
    },
    "50.png": {
        "x": 1394,
        "y": 644,
        "w": 231,
        "h": 348
    },
    "83.png": {
        "x": 0,
        "y": 1539,
        "w": 342,
        "h": 306
    },
    "82.png": {
        "x": 342,
        "y": 1482,
        "w": 342,
        "h": 307
    },
    "16.png": {
        "x": 684,
        "y": 1433,
        "w": 342,
        "h": 280
    },
    "81.png": {
        "x": 1163,
        "y": 1364,
        "w": 342,
        "h": 324
    },
    "4.png": {
        "x": 1644,
        "y": 0,
        "w": 341,
        "h": 325
    },
    "172.png": {
        "x": 1394,
        "y": 992,
        "w": 260,
        "h": 338
    },
    "173.png": {
        "x": 1625,
        "y": 644,
        "w": 262,
        "h": 336
    },
    "174.png": {
        "x": 1654,
        "y": 980,
        "w": 263,
        "h": 336
    },
    "151.png": {
        "x": 1654,
        "y": 1316,
        "w": 330,
        "h": 335
    },
    "152.png": {
        "x": 0,
        "y": 1845,
        "w": 331,
        "h": 335
    },
    "153.png": {
        "x": 331,
        "y": 1845,
        "w": 331,
        "h": 334
    },
    "178.png": {
        "x": 662,
        "y": 1789,
        "w": 279,
        "h": 327
    },
    "5.png": {
        "x": 941,
        "y": 1713,
        "w": 260,
        "h": 325
    },
    "166.png": {
        "x": 1201,
        "y": 1688,
        "w": 204,
        "h": 324
    },
    "1.png": {
        "x": 1405,
        "y": 1688,
        "w": 208,
        "h": 320
    },
    "69.png": {
        "x": 1644,
        "y": 325,
        "w": 246,
        "h": 319
    },
    "0.png": {
        "x": 1613,
        "y": 1651,
        "w": 226,
        "h": 318
    },
    "75.png": {
        "x": 1985,
        "y": 0,
        "w": 230,
        "h": 316
    },
    "76.png": {
        "x": 1182,
        "y": 700,
        "w": 211,
        "h": 315
    },
    "35.png": {
        "x": 1890,
        "y": 325,
        "w": 315,
        "h": 279
    },
    "118.png": {
        "x": 1887,
        "y": 644,
        "w": 247,
        "h": 314
    },
    "147.png": {
        "x": 1984,
        "y": 958,
        "w": 205,
        "h": 314
    },
    "36.png": {
        "x": 1839,
        "y": 1651,
        "w": 313,
        "h": 279
    },
    "148.png": {
        "x": 1984,
        "y": 1272,
        "w": 209,
        "h": 312
    },
    "37.png": {
        "x": 0,
        "y": 2180,
        "w": 312,
        "h": 279
    },
    "38.png": {
        "x": 312,
        "y": 2180,
        "w": 312,
        "h": 279
    },
    "139.png": {
        "x": 662,
        "y": 2116,
        "w": 226,
        "h": 308
    },
    "141.png": {
        "x": 888,
        "y": 2116,
        "w": 226,
        "h": 308
    },
    "155.png": {
        "x": 1839,
        "y": 1930,
        "w": 307,
        "h": 295
    },
    "77.png": {
        "x": 1613,
        "y": 1969,
        "w": 224,
        "h": 306
    },
    "156.png": {
        "x": 1201,
        "y": 2012,
        "w": 306,
        "h": 296
    },
    "154.png": {
        "x": 2215,
        "y": 0,
        "w": 305,
        "h": 287
    },
    "117.png": {
        "x": 2134,
        "y": 604,
        "w": 245,
        "h": 305
    },
    "113.png": {
        "x": 2215,
        "y": 287,
        "w": 215,
        "h": 304
    },
    "70.png": {
        "x": 2189,
        "y": 909,
        "w": 231,
        "h": 304
    },
    "2.png": {
        "x": 2193,
        "y": 1213,
        "w": 213,
        "h": 300
    },
    "84.png": {
        "x": 2193,
        "y": 1513,
        "w": 197,
        "h": 296
    },
    "23.png": {
        "x": 2152,
        "y": 1809,
        "w": 251,
        "h": 295
    },
    "24.png": {
        "x": 2146,
        "y": 2104,
        "w": 251,
        "h": 294
    },
    "25.png": {
        "x": 0,
        "y": 2459,
        "w": 251,
        "h": 293
    },
    "6.png": {
        "x": 251,
        "y": 2459,
        "w": 260,
        "h": 292
    },
    "21.png": {
        "x": 511,
        "y": 2459,
        "w": 253,
        "h": 291
    },
    "26.png": {
        "x": 764,
        "y": 2424,
        "w": 251,
        "h": 291
    },
    "22.png": {
        "x": 1015,
        "y": 2424,
        "w": 251,
        "h": 290
    },
    "140.png": {
        "x": 1837,
        "y": 2225,
        "w": 257,
        "h": 290
    },
    "138.png": {
        "x": 2094,
        "y": 2398,
        "w": 189,
        "h": 286
    },
    "7.png": {
        "x": 1507,
        "y": 2275,
        "w": 283,
        "h": 286
    },
    "3.png": {
        "x": 2520,
        "y": 0,
        "w": 284,
        "h": 277
    },
    "42.png": {
        "x": 2390,
        "y": 1513,
        "w": 211,
        "h": 282
    },
    "61.png": {
        "x": 2406,
        "y": 1213,
        "w": 210,
        "h": 281
    },
    "46.png": {
        "x": 2601,
        "y": 1494,
        "w": 202,
        "h": 281
    },
    "41.png": {
        "x": 1266,
        "y": 2308,
        "w": 211,
        "h": 281
    },
    "109.png": {
        "x": 2379,
        "y": 591,
        "w": 218,
        "h": 281
    },
    "43.png": {
        "x": 2430,
        "y": 287,
        "w": 211,
        "h": 281
    },
    "149.png": {
        "x": 2420,
        "y": 872,
        "w": 239,
        "h": 280
    },
    "68.png": {
        "x": 2283,
        "y": 2398,
        "w": 208,
        "h": 280
    },
    "44.png": {
        "x": 2397,
        "y": 2104,
        "w": 211,
        "h": 280
    },
    "40.png": {
        "x": 2403,
        "y": 1795,
        "w": 211,
        "h": 280
    },
    "90.png": {
        "x": 2491,
        "y": 2384,
        "w": 211,
        "h": 279
    },
    "160.png": {
        "x": 0,
        "y": 2752,
        "w": 279,
        "h": 255
    },
    "93.png": {
        "x": 764,
        "y": 2715,
        "w": 211,
        "h": 279
    },
    "92.png": {
        "x": 975,
        "y": 2715,
        "w": 211,
        "h": 279
    },
    "91.png": {
        "x": 1186,
        "y": 2714,
        "w": 211,
        "h": 279
    },
    "89.png": {
        "x": 1397,
        "y": 2684,
        "w": 210,
        "h": 279
    },
    "39.png": {
        "x": 1607,
        "y": 2684,
        "w": 211,
        "h": 279
    },
    "85.png": {
        "x": 1818,
        "y": 2684,
        "w": 209,
        "h": 278
    },
    "86.png": {
        "x": 2027,
        "y": 2684,
        "w": 208,
        "h": 278
    },
    "87.png": {
        "x": 2235,
        "y": 2684,
        "w": 208,
        "h": 278
    },
    "88.png": {
        "x": 2443,
        "y": 2678,
        "w": 208,
        "h": 278
    },
    "169.png": {
        "x": 279,
        "y": 2751,
        "w": 277,
        "h": 238
    },
    "105.png": {
        "x": 2804,
        "y": 0,
        "w": 223,
        "h": 277
    },
    "97.png": {
        "x": 2803,
        "y": 277,
        "w": 212,
        "h": 276
    },
    "45.png": {
        "x": 2597,
        "y": 568,
        "w": 193,
        "h": 276
    },
    "94.png": {
        "x": 2803,
        "y": 553,
        "w": 212,
        "h": 276
    },
    "146.png": {
        "x": 2803,
        "y": 829,
        "w": 213,
        "h": 276
    },
    "100.png": {
        "x": 2803,
        "y": 1105,
        "w": 216,
        "h": 276
    },
    "101.png": {
        "x": 2803,
        "y": 1381,
        "w": 217,
        "h": 276
    },
    "102.png": {
        "x": 2803,
        "y": 1657,
        "w": 221,
        "h": 276
    },
    "104.png": {
        "x": 2608,
        "y": 2075,
        "w": 225,
        "h": 276
    },
    "95.png": {
        "x": 2651,
        "y": 2663,
        "w": 212,
        "h": 276
    },
    "145.png": {
        "x": 2702,
        "y": 2351,
        "w": 213,
        "h": 276
    },
    "129.png": {
        "x": 0,
        "y": 3007,
        "w": 214,
        "h": 275
    },
    "134.png": {
        "x": 214,
        "y": 3007,
        "w": 201,
        "h": 275
    },
    "135.png": {
        "x": 556,
        "y": 2750,
        "w": 201,
        "h": 275
    },
    "136.png": {
        "x": 757,
        "y": 2994,
        "w": 201,
        "h": 275
    },
    "98.png": {
        "x": 958,
        "y": 2994,
        "w": 220,
        "h": 275
    },
    "131.png": {
        "x": 1178,
        "y": 2994,
        "w": 213,
        "h": 275
    },
    "103.png": {
        "x": 1391,
        "y": 2993,
        "w": 223,
        "h": 275
    },
    "96.png": {
        "x": 1614,
        "y": 2963,
        "w": 212,
        "h": 275
    },
    "128.png": {
        "x": 1826,
        "y": 2962,
        "w": 214,
        "h": 275
    },
    "130.png": {
        "x": 2040,
        "y": 2962,
        "w": 214,
        "h": 275
    },
    "144.png": {
        "x": 2254,
        "y": 2962,
        "w": 213,
        "h": 275
    },
    "143.png": {
        "x": 2467,
        "y": 2956,
        "w": 213,
        "h": 275
    },
    "142.png": {
        "x": 2680,
        "y": 2939,
        "w": 213,
        "h": 275
    },
    "137.png": {
        "x": 3027,
        "y": 0,
        "w": 201,
        "h": 275
    },
    "132.png": {
        "x": 3020,
        "y": 277,
        "w": 208,
        "h": 274
    },
    "164.png": {
        "x": 3024,
        "y": 551,
        "w": 203,
        "h": 274
    },
    "133.png": {
        "x": 3024,
        "y": 825,
        "w": 200,
        "h": 274
    },
    "99.png": {
        "x": 2863,
        "y": 2627,
        "w": 218,
        "h": 274
    },
    "161.png": {
        "x": 415,
        "y": 3025,
        "w": 274,
        "h": 256
    },
    "162.png": {
        "x": 2915,
        "y": 1933,
        "w": 273,
        "h": 257
    },
    "163.png": {
        "x": 2915,
        "y": 2190,
        "w": 273,
        "h": 258
    },
    "165.png": {
        "x": 3024,
        "y": 1099,
        "w": 204,
        "h": 272
    },
    "27.png": {
        "x": 2893,
        "y": 2901,
        "w": 268,
        "h": 270
    },
    "167.png": {
        "x": 3020,
        "y": 1371,
        "w": 206,
        "h": 270
    },
    "106.png": {
        "x": 3228,
        "y": 0,
        "w": 263,
        "h": 270
    },
    "176.png": {
        "x": 3224,
        "y": 825,
        "w": 248,
        "h": 265
    },
    "107.png": {
        "x": 3227,
        "y": 551,
        "w": 252,
        "h": 264
    },
    "175.png": {
        "x": 3228,
        "y": 1090,
        "w": 247,
        "h": 264
    },
    "62.png": {
        "x": 3228,
        "y": 270,
        "w": 212,
        "h": 260
    },
    "168.png": {
        "x": 3024,
        "y": 1641,
        "w": 221,
        "h": 259
    },
    "63.png": {
        "x": 3226,
        "y": 1371,
        "w": 206,
        "h": 258
    },
    "111.png": {
        "x": 3245,
        "y": 1629,
        "w": 203,
        "h": 257
    },
    "110.png": {
        "x": 3245,
        "y": 1886,
        "w": 200,
        "h": 257
    },
    "55.png": {
        "x": 3188,
        "y": 2143,
        "w": 233,
        "h": 255
    },
    "54.png": {
        "x": 3188,
        "y": 2398,
        "w": 234,
        "h": 255
    },
    "58.png": {
        "x": 3161,
        "y": 2653,
        "w": 234,
        "h": 255
    },
    "28.png": {
        "x": 3161,
        "y": 2908,
        "w": 201,
        "h": 255
    },
    "64.png": {
        "x": 0,
        "y": 3282,
        "w": 207,
        "h": 254
    },
    "31.png": {
        "x": 207,
        "y": 3282,
        "w": 204,
        "h": 254
    },
    "30.png": {
        "x": 411,
        "y": 3282,
        "w": 204,
        "h": 254
    },
    "29.png": {
        "x": 615,
        "y": 3281,
        "w": 203,
        "h": 254
    },
    "51.png": {
        "x": 818,
        "y": 3269,
        "w": 232,
        "h": 254
    },
    "112.png": {
        "x": 1050,
        "y": 3269,
        "w": 236,
        "h": 253
    },
    "53.png": {
        "x": 1286,
        "y": 3269,
        "w": 233,
        "h": 252
    },
    "57.png": {
        "x": 1519,
        "y": 3268,
        "w": 234,
        "h": 252
    },
    "56.png": {
        "x": 1753,
        "y": 3238,
        "w": 232,
        "h": 251
    },
    "52.png": {
        "x": 1985,
        "y": 3237,
        "w": 231,
        "h": 251
    },
    "9.png": {
        "x": 2216,
        "y": 3237,
        "w": 215,
        "h": 250
    },
    "67.png": {
        "x": 2431,
        "y": 3237,
        "w": 206,
        "h": 249
    },
    "66.png": {
        "x": 2637,
        "y": 3231,
        "w": 206,
        "h": 249
    },
    "65.png": {
        "x": 2843,
        "y": 3214,
        "w": 207,
        "h": 249
    },
    "12.png": {
        "x": 3050,
        "y": 3171,
        "w": 208,
        "h": 244
    },
    "13.png": {
        "x": 3258,
        "y": 3163,
        "w": 208,
        "h": 244
    },
    "11.png": {
        "x": 3491,
        "y": 0,
        "w": 208,
        "h": 244
    },
    "10.png": {
        "x": 3491,
        "y": 244,
        "w": 208,
        "h": 244
    },
    "121.png": {
        "x": 2616,
        "y": 1152,
        "w": 184,
        "h": 241
    },
    "120.png": {
        "x": 2614,
        "y": 1775,
        "w": 186,
        "h": 240
    },
    "119.png": {
        "x": 3479,
        "y": 488,
        "w": 208,
        "h": 231
    },
    "123.png": {
        "x": 3479,
        "y": 719,
        "w": 207,
        "h": 229
    }
}