{
    "18.png": {
        "x": 0,
        "y": 0,
        "w": 501,
        "h": 1
    },
    "0.png": {
        "x": 0,
        "y": 1,
        "w": 501,
        "h": 1
    },
    "83.png": {
        "x": 0,
        "y": 2,
        "w": 501,
        "h": 1
    },
    "82.png": {
        "x": 0,
        "y": 3,
        "w": 501,
        "h": 1
    },
    "81.png": {
        "x": 0,
        "y": 4,
        "w": 501,
        "h": 1
    },
    "80.png": {
        "x": 0,
        "y": 5,
        "w": 501,
        "h": 1
    },
    "79.png": {
        "x": 0,
        "y": 6,
        "w": 501,
        "h": 1
    },
    "78.png": {
        "x": 0,
        "y": 7,
        "w": 501,
        "h": 1
    },
    "77.png": {
        "x": 0,
        "y": 8,
        "w": 501,
        "h": 1
    },
    "106.png": {
        "x": 0,
        "y": 9,
        "w": 501,
        "h": 1
    },
    "107.png": {
        "x": 0,
        "y": 10,
        "w": 501,
        "h": 1
    },
    "76.png": {
        "x": 0,
        "y": 11,
        "w": 501,
        "h": 1
    },
    "75.png": {
        "x": 0,
        "y": 12,
        "w": 501,
        "h": 1
    },
    "70.png": {
        "x": 0,
        "y": 13,
        "w": 501,
        "h": 1
    },
    "7.png": {
        "x": 0,
        "y": 14,
        "w": 501,
        "h": 1
    },
    "69.png": {
        "x": 0,
        "y": 15,
        "w": 501,
        "h": 1
    },
    "112.png": {
        "x": 0,
        "y": 16,
        "w": 501,
        "h": 1
    },
    "113.png": {
        "x": 0,
        "y": 17,
        "w": 501,
        "h": 1
    },
    "114.png": {
        "x": 0,
        "y": 18,
        "w": 501,
        "h": 1
    },
    "115.png": {
        "x": 0,
        "y": 19,
        "w": 501,
        "h": 1
    },
    "116.png": {
        "x": 0,
        "y": 20,
        "w": 501,
        "h": 1
    },
    "117.png": {
        "x": 0,
        "y": 21,
        "w": 501,
        "h": 1
    },
    "118.png": {
        "x": 0,
        "y": 22,
        "w": 501,
        "h": 1
    },
    "6.png": {
        "x": 0,
        "y": 23,
        "w": 501,
        "h": 1
    },
    "5.png": {
        "x": 0,
        "y": 24,
        "w": 501,
        "h": 1
    },
    "4.png": {
        "x": 0,
        "y": 25,
        "w": 501,
        "h": 1
    },
    "26.png": {
        "x": 0,
        "y": 26,
        "w": 501,
        "h": 1
    },
    "25.png": {
        "x": 0,
        "y": 27,
        "w": 501,
        "h": 1
    },
    "24.png": {
        "x": 0,
        "y": 28,
        "w": 501,
        "h": 1
    },
    "124.png": {
        "x": 0,
        "y": 29,
        "w": 501,
        "h": 1
    },
    "125.png": {
        "x": 0,
        "y": 30,
        "w": 501,
        "h": 1
    },
    "126.png": {
        "x": 0,
        "y": 31,
        "w": 501,
        "h": 1
    },
    "127.png": {
        "x": 0,
        "y": 32,
        "w": 501,
        "h": 1
    },
    "23.png": {
        "x": 0,
        "y": 33,
        "w": 501,
        "h": 1
    },
    "22.png": {
        "x": 0,
        "y": 34,
        "w": 501,
        "h": 1
    },
    "21.png": {
        "x": 0,
        "y": 35,
        "w": 501,
        "h": 1
    },
    "20.png": {
        "x": 0,
        "y": 36,
        "w": 501,
        "h": 1
    },
    "2.png": {
        "x": 0,
        "y": 37,
        "w": 501,
        "h": 1
    },
    "19.png": {
        "x": 0,
        "y": 38,
        "w": 501,
        "h": 1
    },
    "1.png": {
        "x": 0,
        "y": 39,
        "w": 501,
        "h": 1
    },
    "176.png": {
        "x": 0,
        "y": 40,
        "w": 501,
        "h": 1
    },
    "175.png": {
        "x": 0,
        "y": 41,
        "w": 501,
        "h": 1
    },
    "174.png": {
        "x": 0,
        "y": 42,
        "w": 501,
        "h": 1
    },
    "173.png": {
        "x": 0,
        "y": 43,
        "w": 501,
        "h": 1
    },
    "172.png": {
        "x": 0,
        "y": 44,
        "w": 501,
        "h": 1
    },
    "171.png": {
        "x": 0,
        "y": 45,
        "w": 501,
        "h": 1
    },
    "17.png": {
        "x": 0,
        "y": 46,
        "w": 501,
        "h": 1
    },
    "166.png": {
        "x": 0,
        "y": 47,
        "w": 501,
        "h": 1
    },
    "159.png": {
        "x": 0,
        "y": 48,
        "w": 501,
        "h": 1
    },
    "158.png": {
        "x": 0,
        "y": 49,
        "w": 501,
        "h": 1
    },
    "157.png": {
        "x": 0,
        "y": 50,
        "w": 501,
        "h": 1
    },
    "149.png": {
        "x": 0,
        "y": 51,
        "w": 501,
        "h": 1
    },
    "148.png": {
        "x": 0,
        "y": 52,
        "w": 501,
        "h": 1
    },
    "147.png": {
        "x": 0,
        "y": 53,
        "w": 501,
        "h": 1
    },
    "170.png": {
        "x": 0,
        "y": 54,
        "w": 453,
        "h": 264
    },
    "152.png": {
        "x": 0,
        "y": 318,
        "w": 443,
        "h": 375
    },
    "153.png": {
        "x": 443,
        "y": 318,
        "w": 443,
        "h": 375
    },
    "151.png": {
        "x": 0,
        "y": 693,
        "w": 442,
        "h": 376
    },
    "35.png": {
        "x": 501,
        "y": 0,
        "w": 435,
        "h": 307
    },
    "36.png": {
        "x": 442,
        "y": 693,
        "w": 431,
        "h": 302
    },
    "37.png": {
        "x": 936,
        "y": 0,
        "w": 431,
        "h": 301
    },
    "38.png": {
        "x": 936,
        "y": 301,
        "w": 430,
        "h": 298
    },
    "16.png": {
        "x": 873,
        "y": 693,
        "w": 420,
        "h": 371
    },
    "8.png": {
        "x": 0,
        "y": 1069,
        "w": 413,
        "h": 296
    },
    "108.png": {
        "x": 442,
        "y": 995,
        "w": 408,
        "h": 336
    },
    "138.png": {
        "x": 0,
        "y": 1365,
        "w": 233,
        "h": 398
    },
    "3.png": {
        "x": 233,
        "y": 1365,
        "w": 391,
        "h": 300
    },
    "177.png": {
        "x": 624,
        "y": 1331,
        "w": 263,
        "h": 390
    },
    "141.png": {
        "x": 887,
        "y": 1064,
        "w": 307,
        "h": 388
    },
    "139.png": {
        "x": 1367,
        "y": 0,
        "w": 307,
        "h": 388
    },
    "27.png": {
        "x": 1293,
        "y": 599,
        "w": 385,
        "h": 291
    },
    "46.png": {
        "x": 1293,
        "y": 890,
        "w": 263,
        "h": 385
    },
    "178.png": {
        "x": 1194,
        "y": 1275,
        "w": 261,
        "h": 384
    },
    "61.png": {
        "x": 1678,
        "y": 0,
        "w": 271,
        "h": 384
    },
    "68.png": {
        "x": 1678,
        "y": 384,
        "w": 268,
        "h": 384
    },
    "74.png": {
        "x": 1556,
        "y": 890,
        "w": 305,
        "h": 382
    },
    "137.png": {
        "x": 1455,
        "y": 1275,
        "w": 265,
        "h": 380
    },
    "135.png": {
        "x": 0,
        "y": 1763,
        "w": 265,
        "h": 380
    },
    "134.png": {
        "x": 265,
        "y": 1721,
        "w": 263,
        "h": 379
    },
    "136.png": {
        "x": 528,
        "y": 1721,
        "w": 263,
        "h": 379
    },
    "133.png": {
        "x": 791,
        "y": 1721,
        "w": 260,
        "h": 379
    },
    "72.png": {
        "x": 1051,
        "y": 1659,
        "w": 341,
        "h": 379
    },
    "73.png": {
        "x": 1392,
        "y": 1659,
        "w": 305,
        "h": 379
    },
    "84.png": {
        "x": 1949,
        "y": 0,
        "w": 279,
        "h": 376
    },
    "164.png": {
        "x": 1949,
        "y": 376,
        "w": 181,
        "h": 368
    },
    "49.png": {
        "x": 1861,
        "y": 768,
        "w": 340,
        "h": 367
    },
    "42.png": {
        "x": 1861,
        "y": 1135,
        "w": 296,
        "h": 366
    },
    "50.png": {
        "x": 1697,
        "y": 1655,
        "w": 340,
        "h": 365
    },
    "41.png": {
        "x": 0,
        "y": 2143,
        "w": 295,
        "h": 364
    },
    "62.png": {
        "x": 295,
        "y": 2100,
        "w": 274,
        "h": 364
    },
    "44.png": {
        "x": 569,
        "y": 2100,
        "w": 296,
        "h": 364
    },
    "43.png": {
        "x": 865,
        "y": 2100,
        "w": 295,
        "h": 364
    },
    "40.png": {
        "x": 1160,
        "y": 2038,
        "w": 296,
        "h": 364
    },
    "71.png": {
        "x": 1456,
        "y": 2038,
        "w": 362,
        "h": 353
    },
    "90.png": {
        "x": 1818,
        "y": 2020,
        "w": 296,
        "h": 362
    },
    "92.png": {
        "x": 2228,
        "y": 0,
        "w": 296,
        "h": 362
    },
    "39.png": {
        "x": 2228,
        "y": 362,
        "w": 295,
        "h": 362
    },
    "91.png": {
        "x": 2201,
        "y": 724,
        "w": 295,
        "h": 361
    },
    "105.png": {
        "x": 2201,
        "y": 1085,
        "w": 311,
        "h": 361
    },
    "88.png": {
        "x": 2157,
        "y": 1446,
        "w": 293,
        "h": 361
    },
    "86.png": {
        "x": 2114,
        "y": 1807,
        "w": 293,
        "h": 361
    },
    "93.png": {
        "x": 0,
        "y": 2507,
        "w": 295,
        "h": 361
    },
    "89.png": {
        "x": 295,
        "y": 2464,
        "w": 294,
        "h": 361
    },
    "109.png": {
        "x": 589,
        "y": 2464,
        "w": 292,
        "h": 360
    },
    "87.png": {
        "x": 881,
        "y": 2464,
        "w": 292,
        "h": 360
    },
    "85.png": {
        "x": 1173,
        "y": 2402,
        "w": 293,
        "h": 360
    },
    "101.png": {
        "x": 2114,
        "y": 2168,
        "w": 304,
        "h": 360
    },
    "145.png": {
        "x": 1466,
        "y": 2391,
        "w": 297,
        "h": 360
    },
    "95.png": {
        "x": 1763,
        "y": 2391,
        "w": 298,
        "h": 359
    },
    "102.png": {
        "x": 2496,
        "y": 724,
        "w": 307,
        "h": 359
    },
    "146.png": {
        "x": 2407,
        "y": 1807,
        "w": 298,
        "h": 359
    },
    "103.png": {
        "x": 2524,
        "y": 0,
        "w": 311,
        "h": 359
    },
    "143.png": {
        "x": 2450,
        "y": 1446,
        "w": 297,
        "h": 359
    },
    "97.png": {
        "x": 2523,
        "y": 362,
        "w": 298,
        "h": 359
    },
    "100.png": {
        "x": 2512,
        "y": 1083,
        "w": 302,
        "h": 359
    },
    "45.png": {
        "x": 2418,
        "y": 2166,
        "w": 279,
        "h": 359
    },
    "104.png": {
        "x": 2835,
        "y": 0,
        "w": 312,
        "h": 359
    },
    "98.png": {
        "x": 2803,
        "y": 721,
        "w": 306,
        "h": 358
    },
    "99.png": {
        "x": 2821,
        "y": 359,
        "w": 305,
        "h": 358
    },
    "142.png": {
        "x": 2814,
        "y": 1079,
        "w": 296,
        "h": 358
    },
    "94.png": {
        "x": 2814,
        "y": 1437,
        "w": 297,
        "h": 358
    },
    "131.png": {
        "x": 2747,
        "y": 1795,
        "w": 297,
        "h": 358
    },
    "129.png": {
        "x": 2705,
        "y": 2153,
        "w": 298,
        "h": 358
    },
    "144.png": {
        "x": 0,
        "y": 2868,
        "w": 296,
        "h": 358
    },
    "96.png": {
        "x": 296,
        "y": 2825,
        "w": 297,
        "h": 357
    },
    "34.png": {
        "x": 2697,
        "y": 2511,
        "w": 357,
        "h": 293
    },
    "128.png": {
        "x": 593,
        "y": 2824,
        "w": 297,
        "h": 357
    },
    "130.png": {
        "x": 890,
        "y": 2824,
        "w": 298,
        "h": 356
    },
    "132.png": {
        "x": 1188,
        "y": 2804,
        "w": 291,
        "h": 356
    },
    "48.png": {
        "x": 1479,
        "y": 2804,
        "w": 328,
        "h": 355
    },
    "154.png": {
        "x": 1807,
        "y": 2804,
        "w": 353,
        "h": 341
    },
    "58.png": {
        "x": 2418,
        "y": 2525,
        "w": 227,
        "h": 350
    },
    "54.png": {
        "x": 2160,
        "y": 2875,
        "w": 227,
        "h": 350
    },
    "47.png": {
        "x": 2387,
        "y": 2875,
        "w": 303,
        "h": 349
    },
    "51.png": {
        "x": 2690,
        "y": 2804,
        "w": 227,
        "h": 349
    },
    "55.png": {
        "x": 2917,
        "y": 2804,
        "w": 227,
        "h": 348
    },
    "53.png": {
        "x": 2160,
        "y": 2528,
        "w": 227,
        "h": 347
    },
    "52.png": {
        "x": 3147,
        "y": 0,
        "w": 224,
        "h": 347
    },
    "57.png": {
        "x": 3003,
        "y": 2153,
        "w": 228,
        "h": 346
    },
    "56.png": {
        "x": 3144,
        "y": 2499,
        "w": 225,
        "h": 346
    },
    "110.png": {
        "x": 3044,
        "y": 1795,
        "w": 174,
        "h": 346
    },
    "60.png": {
        "x": 0,
        "y": 3226,
        "w": 283,
        "h": 345
    },
    "59.png": {
        "x": 283,
        "y": 3226,
        "w": 287,
        "h": 343
    },
    "150.png": {
        "x": 1807,
        "y": 3145,
        "w": 339,
        "h": 252
    },
    "155.png": {
        "x": 2146,
        "y": 3225,
        "w": 282,
        "h": 338
    },
    "63.png": {
        "x": 2428,
        "y": 3224,
        "w": 288,
        "h": 338
    },
    "64.png": {
        "x": 1479,
        "y": 3159,
        "w": 290,
        "h": 335
    },
    "167.png": {
        "x": 3109,
        "y": 717,
        "w": 179,
        "h": 333
    },
    "140.png": {
        "x": 3126,
        "y": 359,
        "w": 231,
        "h": 332
    },
    "156.png": {
        "x": 1188,
        "y": 3160,
        "w": 285,
        "h": 331
    },
    "66.png": {
        "x": 890,
        "y": 3180,
        "w": 289,
        "h": 330
    },
    "165.png": {
        "x": 3144,
        "y": 2845,
        "w": 181,
        "h": 330
    },
    "67.png": {
        "x": 593,
        "y": 3181,
        "w": 288,
        "h": 329
    },
    "65.png": {
        "x": 2716,
        "y": 3175,
        "w": 289,
        "h": 329
    },
    "32.png": {
        "x": 3005,
        "y": 3175,
        "w": 327,
        "h": 304
    },
    "168.png": {
        "x": 3110,
        "y": 1050,
        "w": 194,
        "h": 324
    },
    "33.png": {
        "x": 3371,
        "y": 0,
        "w": 324,
        "h": 305
    },
    "119.png": {
        "x": 3371,
        "y": 305,
        "w": 322,
        "h": 228
    },
    "15.png": {
        "x": 3325,
        "y": 2845,
        "w": 234,
        "h": 309
    },
    "28.png": {
        "x": 3288,
        "y": 691,
        "w": 256,
        "h": 307
    },
    "29.png": {
        "x": 3332,
        "y": 3154,
        "w": 209,
        "h": 306
    },
    "9.png": {
        "x": 3369,
        "y": 998,
        "w": 270,
        "h": 306
    },
    "30.png": {
        "x": 3111,
        "y": 1374,
        "w": 189,
        "h": 302
    },
    "10.png": {
        "x": 3369,
        "y": 1304,
        "w": 190,
        "h": 295
    },
    "31.png": {
        "x": 3369,
        "y": 1599,
        "w": 193,
        "h": 294
    },
    "14.png": {
        "x": 3369,
        "y": 1893,
        "w": 209,
        "h": 291
    },
    "13.png": {
        "x": 3231,
        "y": 2184,
        "w": 194,
        "h": 287
    },
    "12.png": {
        "x": 3425,
        "y": 2184,
        "w": 190,
        "h": 287
    },
    "11.png": {
        "x": 3369,
        "y": 2471,
        "w": 194,
        "h": 287
    },
    "120.png": {
        "x": 0,
        "y": 3571,
        "w": 283,
        "h": 214
    },
    "169.png": {
        "x": 2716,
        "y": 3504,
        "w": 245,
        "h": 279
    },
    "111.png": {
        "x": 2961,
        "y": 3504,
        "w": 176,
        "h": 277
    },
    "160.png": {
        "x": 1179,
        "y": 3491,
        "w": 270,
        "h": 242
    },
    "161.png": {
        "x": 570,
        "y": 3510,
        "w": 263,
        "h": 243
    },
    "162.png": {
        "x": 833,
        "y": 3510,
        "w": 263,
        "h": 244
    },
    "163.png": {
        "x": 1449,
        "y": 3494,
        "w": 262,
        "h": 245
    },
    "123.png": {
        "x": 1711,
        "y": 3494,
        "w": 171,
        "h": 251
    },
    "121.png": {
        "x": 283,
        "y": 3569,
        "w": 244,
        "h": 213
    },
    "122.png": {
        "x": 1882,
        "y": 3397,
        "w": 194,
        "h": 224
    }
}