{
    "169.png": {
        "x": 0,
        "y": 0,
        "w": 307,
        "h": 322
    },
    "138.png": {
        "x": 307,
        "y": 0,
        "w": 255,
        "h": 325
    },
    "67.png": {
        "x": 0,
        "y": 322,
        "w": 263,
        "h": 307
    },
    "66.png": {
        "x": 263,
        "y": 325,
        "w": 263,
        "h": 307
    },
    "62.png": {
        "x": 526,
        "y": 325,
        "w": 262,
        "h": 307
    },
    "65.png": {
        "x": 0,
        "y": 632,
        "w": 265,
        "h": 302
    },
    "55.png": {
        "x": 562,
        "y": 0,
        "w": 250,
        "h": 320
    },
    "71.png": {
        "x": 265,
        "y": 632,
        "w": 268,
        "h": 295
    },
    "73.png": {
        "x": 533,
        "y": 632,
        "w": 269,
        "h": 292
    },
    "74.png": {
        "x": 788,
        "y": 320,
        "w": 269,
        "h": 292
    },
    "72.png": {
        "x": 812,
        "y": 0,
        "w": 269,
        "h": 292
    },
    "70.png": {
        "x": 802,
        "y": 612,
        "w": 261,
        "h": 298
    },
    "63.png": {
        "x": 802,
        "y": 910,
        "w": 266,
        "h": 290
    },
    "64.png": {
        "x": 533,
        "y": 924,
        "w": 266,
        "h": 287
    },
    "98.png": {
        "x": 1057,
        "y": 292,
        "w": 241,
        "h": 316
    },
    "99.png": {
        "x": 1068,
        "y": 608,
        "w": 240,
        "h": 316
    },
    "56.png": {
        "x": 1068,
        "y": 924,
        "w": 243,
        "h": 310
    },
    "69.png": {
        "x": 799,
        "y": 1200,
        "w": 252,
        "h": 293
    },
    "51.png": {
        "x": 265,
        "y": 927,
        "w": 234,
        "h": 308
    },
    "115.png": {
        "x": 0,
        "y": 1493,
        "w": 501,
        "h": 1
    },
    "116.png": {
        "x": 501,
        "y": 1493,
        "w": 501,
        "h": 1
    },
    "117.png": {
        "x": 0,
        "y": 1494,
        "w": 501,
        "h": 1
    },
    "118.png": {
        "x": 501,
        "y": 1494,
        "w": 501,
        "h": 1
    },
    "119.png": {
        "x": 0,
        "y": 1495,
        "w": 501,
        "h": 1
    },
    "12.png": {
        "x": 501,
        "y": 1495,
        "w": 501,
        "h": 1
    },
    "120.png": {
        "x": 0,
        "y": 1496,
        "w": 501,
        "h": 1
    },
    "121.png": {
        "x": 501,
        "y": 1496,
        "w": 501,
        "h": 1
    },
    "122.png": {
        "x": 0,
        "y": 1497,
        "w": 501,
        "h": 1
    },
    "123.png": {
        "x": 501,
        "y": 1497,
        "w": 501,
        "h": 1
    },
    "124.png": {
        "x": 0,
        "y": 1498,
        "w": 501,
        "h": 1
    },
    "125.png": {
        "x": 501,
        "y": 1498,
        "w": 501,
        "h": 1
    },
    "126.png": {
        "x": 0,
        "y": 1499,
        "w": 501,
        "h": 1
    },
    "127.png": {
        "x": 501,
        "y": 1499,
        "w": 501,
        "h": 1
    },
    "128.png": {
        "x": 0,
        "y": 1500,
        "w": 501,
        "h": 1
    },
    "129.png": {
        "x": 501,
        "y": 1500,
        "w": 501,
        "h": 1
    },
    "13.png": {
        "x": 0,
        "y": 1501,
        "w": 501,
        "h": 1
    },
    "130.png": {
        "x": 501,
        "y": 1501,
        "w": 501,
        "h": 1
    },
    "131.png": {
        "x": 0,
        "y": 1502,
        "w": 501,
        "h": 1
    },
    "132.png": {
        "x": 501,
        "y": 1502,
        "w": 501,
        "h": 1
    },
    "133.png": {
        "x": 0,
        "y": 1503,
        "w": 501,
        "h": 1
    },
    "134.png": {
        "x": 501,
        "y": 1503,
        "w": 501,
        "h": 1
    },
    "135.png": {
        "x": 0,
        "y": 1504,
        "w": 501,
        "h": 1
    },
    "136.png": {
        "x": 501,
        "y": 1504,
        "w": 501,
        "h": 1
    },
    "137.png": {
        "x": 0,
        "y": 1505,
        "w": 501,
        "h": 1
    },
    "0.png": {
        "x": 501,
        "y": 1505,
        "w": 501,
        "h": 1
    },
    "139.png": {
        "x": 0,
        "y": 1506,
        "w": 501,
        "h": 1
    },
    "14.png": {
        "x": 501,
        "y": 1506,
        "w": 501,
        "h": 1
    },
    "140.png": {
        "x": 0,
        "y": 1507,
        "w": 501,
        "h": 1
    },
    "141.png": {
        "x": 501,
        "y": 1507,
        "w": 501,
        "h": 1
    },
    "142.png": {
        "x": 0,
        "y": 1508,
        "w": 501,
        "h": 1
    },
    "143.png": {
        "x": 501,
        "y": 1508,
        "w": 501,
        "h": 1
    },
    "144.png": {
        "x": 0,
        "y": 1509,
        "w": 501,
        "h": 1
    },
    "145.png": {
        "x": 501,
        "y": 1509,
        "w": 501,
        "h": 1
    },
    "146.png": {
        "x": 0,
        "y": 1510,
        "w": 501,
        "h": 1
    },
    "147.png": {
        "x": 501,
        "y": 1510,
        "w": 501,
        "h": 1
    },
    "148.png": {
        "x": 0,
        "y": 1511,
        "w": 501,
        "h": 1
    },
    "149.png": {
        "x": 501,
        "y": 1511,
        "w": 501,
        "h": 1
    },
    "15.png": {
        "x": 0,
        "y": 1512,
        "w": 501,
        "h": 1
    },
    "150.png": {
        "x": 501,
        "y": 1512,
        "w": 501,
        "h": 1
    },
    "151.png": {
        "x": 0,
        "y": 1513,
        "w": 501,
        "h": 1
    },
    "152.png": {
        "x": 501,
        "y": 1513,
        "w": 501,
        "h": 1
    },
    "153.png": {
        "x": 0,
        "y": 1514,
        "w": 501,
        "h": 1
    },
    "154.png": {
        "x": 501,
        "y": 1514,
        "w": 501,
        "h": 1
    },
    "155.png": {
        "x": 0,
        "y": 1515,
        "w": 501,
        "h": 1
    },
    "156.png": {
        "x": 501,
        "y": 1515,
        "w": 501,
        "h": 1
    },
    "157.png": {
        "x": 0,
        "y": 1516,
        "w": 501,
        "h": 1
    },
    "158.png": {
        "x": 501,
        "y": 1516,
        "w": 501,
        "h": 1
    },
    "159.png": {
        "x": 0,
        "y": 1517,
        "w": 501,
        "h": 1
    },
    "16.png": {
        "x": 501,
        "y": 1517,
        "w": 501,
        "h": 1
    },
    "160.png": {
        "x": 0,
        "y": 1518,
        "w": 501,
        "h": 1
    },
    "161.png": {
        "x": 501,
        "y": 1518,
        "w": 501,
        "h": 1
    },
    "162.png": {
        "x": 0,
        "y": 1519,
        "w": 501,
        "h": 1
    },
    "163.png": {
        "x": 501,
        "y": 1519,
        "w": 501,
        "h": 1
    },
    "164.png": {
        "x": 0,
        "y": 1520,
        "w": 501,
        "h": 1
    },
    "165.png": {
        "x": 501,
        "y": 1520,
        "w": 501,
        "h": 1
    },
    "166.png": {
        "x": 0,
        "y": 1521,
        "w": 501,
        "h": 1
    },
    "167.png": {
        "x": 501,
        "y": 1521,
        "w": 501,
        "h": 1
    },
    "168.png": {
        "x": 0,
        "y": 1522,
        "w": 501,
        "h": 1
    },
    "10.png": {
        "x": 501,
        "y": 1522,
        "w": 501,
        "h": 1
    },
    "17.png": {
        "x": 0,
        "y": 1523,
        "w": 501,
        "h": 1
    },
    "170.png": {
        "x": 501,
        "y": 1523,
        "w": 501,
        "h": 1
    },
    "171.png": {
        "x": 0,
        "y": 1524,
        "w": 501,
        "h": 1
    },
    "172.png": {
        "x": 501,
        "y": 1524,
        "w": 501,
        "h": 1
    },
    "173.png": {
        "x": 0,
        "y": 1525,
        "w": 501,
        "h": 1
    },
    "174.png": {
        "x": 501,
        "y": 1525,
        "w": 501,
        "h": 1
    },
    "175.png": {
        "x": 0,
        "y": 1526,
        "w": 501,
        "h": 1
    },
    "176.png": {
        "x": 501,
        "y": 1526,
        "w": 501,
        "h": 1
    },
    "177.png": {
        "x": 0,
        "y": 1527,
        "w": 501,
        "h": 1
    },
    "178.png": {
        "x": 501,
        "y": 1527,
        "w": 501,
        "h": 1
    },
    "1.png": {
        "x": 0,
        "y": 1528,
        "w": 501,
        "h": 1
    },
    "19.png": {
        "x": 501,
        "y": 1528,
        "w": 501,
        "h": 1
    },
    "2.png": {
        "x": 0,
        "y": 1529,
        "w": 501,
        "h": 1
    },
    "20.png": {
        "x": 501,
        "y": 1529,
        "w": 501,
        "h": 1
    },
    "21.png": {
        "x": 0,
        "y": 1530,
        "w": 501,
        "h": 1
    },
    "22.png": {
        "x": 501,
        "y": 1530,
        "w": 501,
        "h": 1
    },
    "23.png": {
        "x": 0,
        "y": 1531,
        "w": 501,
        "h": 1
    },
    "24.png": {
        "x": 501,
        "y": 1531,
        "w": 501,
        "h": 1
    },
    "25.png": {
        "x": 0,
        "y": 1532,
        "w": 501,
        "h": 1
    },
    "26.png": {
        "x": 0,
        "y": 1533,
        "w": 501,
        "h": 1
    },
    "27.png": {
        "x": 501,
        "y": 1532,
        "w": 501,
        "h": 1
    },
    "28.png": {
        "x": 501,
        "y": 1533,
        "w": 501,
        "h": 1
    },
    "29.png": {
        "x": 0,
        "y": 1235,
        "w": 501,
        "h": 1
    },
    "3.png": {
        "x": 0,
        "y": 1236,
        "w": 501,
        "h": 1
    },
    "30.png": {
        "x": 0,
        "y": 1237,
        "w": 501,
        "h": 1
    },
    "31.png": {
        "x": 0,
        "y": 1238,
        "w": 501,
        "h": 1
    },
    "32.png": {
        "x": 0,
        "y": 1239,
        "w": 501,
        "h": 1
    },
    "33.png": {
        "x": 0,
        "y": 1240,
        "w": 501,
        "h": 1
    },
    "34.png": {
        "x": 0,
        "y": 1241,
        "w": 501,
        "h": 1
    },
    "35.png": {
        "x": 0,
        "y": 1242,
        "w": 501,
        "h": 1
    },
    "36.png": {
        "x": 0,
        "y": 1243,
        "w": 501,
        "h": 1
    },
    "37.png": {
        "x": 0,
        "y": 1244,
        "w": 501,
        "h": 1
    },
    "38.png": {
        "x": 0,
        "y": 1245,
        "w": 501,
        "h": 1
    },
    "39.png": {
        "x": 0,
        "y": 1246,
        "w": 501,
        "h": 1
    },
    "4.png": {
        "x": 0,
        "y": 1247,
        "w": 501,
        "h": 1
    },
    "40.png": {
        "x": 0,
        "y": 1248,
        "w": 501,
        "h": 1
    },
    "41.png": {
        "x": 0,
        "y": 1249,
        "w": 501,
        "h": 1
    },
    "42.png": {
        "x": 0,
        "y": 1250,
        "w": 501,
        "h": 1
    },
    "43.png": {
        "x": 0,
        "y": 1251,
        "w": 501,
        "h": 1
    },
    "44.png": {
        "x": 0,
        "y": 1252,
        "w": 501,
        "h": 1
    },
    "45.png": {
        "x": 0,
        "y": 1253,
        "w": 501,
        "h": 1
    },
    "46.png": {
        "x": 0,
        "y": 1254,
        "w": 501,
        "h": 1
    },
    "47.png": {
        "x": 0,
        "y": 1255,
        "w": 501,
        "h": 1
    },
    "48.png": {
        "x": 0,
        "y": 1256,
        "w": 501,
        "h": 1
    },
    "49.png": {
        "x": 0,
        "y": 1257,
        "w": 501,
        "h": 1
    },
    "5.png": {
        "x": 0,
        "y": 1258,
        "w": 501,
        "h": 1
    },
    "50.png": {
        "x": 0,
        "y": 1259,
        "w": 501,
        "h": 1
    },
    "100.png": {
        "x": 0,
        "y": 1260,
        "w": 501,
        "h": 1
    },
    "52.png": {
        "x": 0,
        "y": 1261,
        "w": 501,
        "h": 1
    },
    "53.png": {
        "x": 0,
        "y": 1262,
        "w": 501,
        "h": 1
    },
    "54.png": {
        "x": 0,
        "y": 1263,
        "w": 501,
        "h": 1
    },
    "101.png": {
        "x": 0,
        "y": 1264,
        "w": 501,
        "h": 1
    },
    "102.png": {
        "x": 0,
        "y": 1265,
        "w": 501,
        "h": 1
    },
    "57.png": {
        "x": 0,
        "y": 1266,
        "w": 501,
        "h": 1
    },
    "58.png": {
        "x": 0,
        "y": 1267,
        "w": 501,
        "h": 1
    },
    "59.png": {
        "x": 0,
        "y": 1268,
        "w": 501,
        "h": 1
    },
    "6.png": {
        "x": 0,
        "y": 1269,
        "w": 501,
        "h": 1
    },
    "60.png": {
        "x": 0,
        "y": 1270,
        "w": 501,
        "h": 1
    },
    "61.png": {
        "x": 0,
        "y": 1271,
        "w": 501,
        "h": 1
    },
    "103.png": {
        "x": 0,
        "y": 1272,
        "w": 501,
        "h": 1
    },
    "104.png": {
        "x": 0,
        "y": 1273,
        "w": 501,
        "h": 1
    },
    "105.png": {
        "x": 0,
        "y": 1274,
        "w": 501,
        "h": 1
    },
    "106.png": {
        "x": 0,
        "y": 1275,
        "w": 501,
        "h": 1
    },
    "107.png": {
        "x": 0,
        "y": 1276,
        "w": 501,
        "h": 1
    },
    "108.png": {
        "x": 0,
        "y": 1277,
        "w": 501,
        "h": 1
    },
    "68.png": {
        "x": 0,
        "y": 1278,
        "w": 501,
        "h": 1
    },
    "109.png": {
        "x": 0,
        "y": 1279,
        "w": 501,
        "h": 1
    },
    "7.png": {
        "x": 0,
        "y": 1280,
        "w": 501,
        "h": 1
    },
    "11.png": {
        "x": 0,
        "y": 1281,
        "w": 501,
        "h": 1
    },
    "110.png": {
        "x": 0,
        "y": 1282,
        "w": 501,
        "h": 1
    },
    "111.png": {
        "x": 0,
        "y": 1283,
        "w": 501,
        "h": 1
    },
    "112.png": {
        "x": 0,
        "y": 1284,
        "w": 501,
        "h": 1
    },
    "113.png": {
        "x": 0,
        "y": 1285,
        "w": 501,
        "h": 1
    },
    "75.png": {
        "x": 0,
        "y": 1286,
        "w": 501,
        "h": 1
    },
    "76.png": {
        "x": 0,
        "y": 1287,
        "w": 501,
        "h": 1
    },
    "77.png": {
        "x": 0,
        "y": 1288,
        "w": 501,
        "h": 1
    },
    "78.png": {
        "x": 0,
        "y": 1289,
        "w": 501,
        "h": 1
    },
    "79.png": {
        "x": 0,
        "y": 1290,
        "w": 501,
        "h": 1
    },
    "8.png": {
        "x": 0,
        "y": 1291,
        "w": 501,
        "h": 1
    },
    "80.png": {
        "x": 0,
        "y": 1292,
        "w": 501,
        "h": 1
    },
    "81.png": {
        "x": 0,
        "y": 1293,
        "w": 501,
        "h": 1
    },
    "82.png": {
        "x": 0,
        "y": 1294,
        "w": 501,
        "h": 1
    },
    "83.png": {
        "x": 0,
        "y": 1295,
        "w": 501,
        "h": 1
    },
    "84.png": {
        "x": 0,
        "y": 1296,
        "w": 501,
        "h": 1
    },
    "85.png": {
        "x": 0,
        "y": 1297,
        "w": 501,
        "h": 1
    },
    "86.png": {
        "x": 0,
        "y": 1298,
        "w": 501,
        "h": 1
    },
    "87.png": {
        "x": 0,
        "y": 1299,
        "w": 501,
        "h": 1
    },
    "88.png": {
        "x": 0,
        "y": 1300,
        "w": 501,
        "h": 1
    },
    "89.png": {
        "x": 0,
        "y": 1301,
        "w": 501,
        "h": 1
    },
    "9.png": {
        "x": 0,
        "y": 1302,
        "w": 501,
        "h": 1
    },
    "90.png": {
        "x": 0,
        "y": 1303,
        "w": 501,
        "h": 1
    },
    "91.png": {
        "x": 0,
        "y": 1304,
        "w": 501,
        "h": 1
    },
    "92.png": {
        "x": 0,
        "y": 1305,
        "w": 501,
        "h": 1
    },
    "93.png": {
        "x": 0,
        "y": 1306,
        "w": 501,
        "h": 1
    },
    "94.png": {
        "x": 0,
        "y": 1307,
        "w": 501,
        "h": 1
    },
    "95.png": {
        "x": 0,
        "y": 1308,
        "w": 501,
        "h": 1
    },
    "96.png": {
        "x": 0,
        "y": 1309,
        "w": 501,
        "h": 1
    },
    "97.png": {
        "x": 0,
        "y": 1310,
        "w": 501,
        "h": 1
    },
    "114.png": {
        "x": 0,
        "y": 1311,
        "w": 501,
        "h": 1
    },
    "18.png": {
        "x": 0,
        "y": 1312,
        "w": 501,
        "h": 1
    }
}