{
    "71.png": {
        "x": 0,
        "y": 0,
        "w": 501,
        "h": 1
    },
    "15.png": {
        "x": 0,
        "y": 1,
        "w": 501,
        "h": 1
    },
    "14.png": {
        "x": 0,
        "y": 2,
        "w": 501,
        "h": 1
    },
    "80.png": {
        "x": 0,
        "y": 3,
        "w": 501,
        "h": 1
    },
    "8.png": {
        "x": 0,
        "y": 4,
        "w": 501,
        "h": 1
    },
    "79.png": {
        "x": 0,
        "y": 5,
        "w": 501,
        "h": 1
    },
    "78.png": {
        "x": 0,
        "y": 6,
        "w": 501,
        "h": 1
    },
    "74.png": {
        "x": 0,
        "y": 7,
        "w": 501,
        "h": 1
    },
    "73.png": {
        "x": 0,
        "y": 8,
        "w": 501,
        "h": 1
    },
    "108.png": {
        "x": 0,
        "y": 9,
        "w": 501,
        "h": 1
    },
    "72.png": {
        "x": 0,
        "y": 10,
        "w": 501,
        "h": 1
    },
    "34.png": {
        "x": 0,
        "y": 11,
        "w": 501,
        "h": 1
    },
    "33.png": {
        "x": 0,
        "y": 12,
        "w": 501,
        "h": 1
    },
    "60.png": {
        "x": 0,
        "y": 13,
        "w": 501,
        "h": 1
    },
    "59.png": {
        "x": 0,
        "y": 14,
        "w": 501,
        "h": 1
    },
    "51.png": {
        "x": 0,
        "y": 15,
        "w": 501,
        "h": 1
    },
    "171.png": {
        "x": 0,
        "y": 16,
        "w": 501,
        "h": 1
    },
    "32.png": {
        "x": 0,
        "y": 17,
        "w": 501,
        "h": 1
    },
    "116.png": {
        "x": 0,
        "y": 18,
        "w": 501,
        "h": 1
    },
    "122.png": {
        "x": 0,
        "y": 19,
        "w": 501,
        "h": 1
    },
    "159.png": {
        "x": 0,
        "y": 20,
        "w": 432,
        "h": 308
    },
    "17.png": {
        "x": 0,
        "y": 328,
        "w": 404,
        "h": 232
    },
    "18.png": {
        "x": 501,
        "y": 0,
        "w": 387,
        "h": 231
    },
    "19.png": {
        "x": 404,
        "y": 328,
        "w": 378,
        "h": 230
    },
    "125.png": {
        "x": 0,
        "y": 560,
        "w": 374,
        "h": 347
    },
    "124.png": {
        "x": 374,
        "y": 560,
        "w": 373,
        "h": 345
    },
    "126.png": {
        "x": 888,
        "y": 0,
        "w": 373,
        "h": 347
    },
    "127.png": {
        "x": 747,
        "y": 558,
        "w": 373,
        "h": 347
    },
    "158.png": {
        "x": 0,
        "y": 907,
        "w": 371,
        "h": 315
    },
    "20.png": {
        "x": 371,
        "y": 907,
        "w": 370,
        "h": 230
    },
    "150.png": {
        "x": 741,
        "y": 905,
        "w": 367,
        "h": 249
    },
    "47.png": {
        "x": 0,
        "y": 1222,
        "w": 219,
        "h": 362
    },
    "157.png": {
        "x": 371,
        "y": 1137,
        "w": 360,
        "h": 305
    },
    "170.png": {
        "x": 731,
        "y": 1154,
        "w": 356,
        "h": 273
    },
    "114.png": {
        "x": 1261,
        "y": 0,
        "w": 353,
        "h": 320
    },
    "48.png": {
        "x": 1087,
        "y": 1154,
        "w": 223,
        "h": 351
    },
    "50.png": {
        "x": 1310,
        "y": 320,
        "w": 223,
        "h": 347
    },
    "49.png": {
        "x": 1310,
        "y": 667,
        "w": 223,
        "h": 347
    },
    "4.png": {
        "x": 0,
        "y": 1584,
        "w": 346,
        "h": 320
    },
    "83.png": {
        "x": 731,
        "y": 1427,
        "w": 341,
        "h": 305
    },
    "81.png": {
        "x": 346,
        "y": 1442,
        "w": 341,
        "h": 317
    },
    "82.png": {
        "x": 1072,
        "y": 1505,
        "w": 341,
        "h": 305
    },
    "115.png": {
        "x": 1614,
        "y": 0,
        "w": 338,
        "h": 320
    },
    "16.png": {
        "x": 1533,
        "y": 320,
        "w": 338,
        "h": 271
    },
    "172.png": {
        "x": 1310,
        "y": 1014,
        "w": 259,
        "h": 337
    },
    "174.png": {
        "x": 1533,
        "y": 591,
        "w": 262,
        "h": 335
    },
    "173.png": {
        "x": 1569,
        "y": 926,
        "w": 261,
        "h": 335
    },
    "152.png": {
        "x": 1569,
        "y": 1261,
        "w": 330,
        "h": 333
    },
    "151.png": {
        "x": 0,
        "y": 1904,
        "w": 329,
        "h": 333
    },
    "153.png": {
        "x": 329,
        "y": 1904,
        "w": 330,
        "h": 332
    },
    "178.png": {
        "x": 659,
        "y": 1810,
        "w": 277,
        "h": 325
    },
    "166.png": {
        "x": 936,
        "y": 1810,
        "w": 202,
        "h": 323
    },
    "69.png": {
        "x": 1138,
        "y": 1810,
        "w": 232,
        "h": 318
    },
    "35.png": {
        "x": 1370,
        "y": 1810,
        "w": 314,
        "h": 278
    },
    "147.png": {
        "x": 1684,
        "y": 1594,
        "w": 205,
        "h": 313
    },
    "118.png": {
        "x": 1684,
        "y": 1907,
        "w": 216,
        "h": 313
    },
    "0.png": {
        "x": 1889,
        "y": 1594,
        "w": 212,
        "h": 313
    },
    "75.png": {
        "x": 1952,
        "y": 0,
        "w": 212,
        "h": 312
    },
    "36.png": {
        "x": 1830,
        "y": 591,
        "w": 312,
        "h": 278
    },
    "148.png": {
        "x": 1900,
        "y": 1907,
        "w": 211,
        "h": 311
    },
    "38.png": {
        "x": 1830,
        "y": 869,
        "w": 311,
        "h": 278
    },
    "37.png": {
        "x": 2164,
        "y": 0,
        "w": 311,
        "h": 278
    },
    "1.png": {
        "x": 2164,
        "y": 278,
        "w": 206,
        "h": 310
    },
    "76.png": {
        "x": 2142,
        "y": 588,
        "w": 207,
        "h": 309
    },
    "155.png": {
        "x": 2141,
        "y": 897,
        "w": 306,
        "h": 289
    },
    "5.png": {
        "x": 1899,
        "y": 1186,
        "w": 245,
        "h": 306
    },
    "141.png": {
        "x": 2144,
        "y": 1186,
        "w": 225,
        "h": 305
    },
    "177.png": {
        "x": 2144,
        "y": 1491,
        "w": 266,
        "h": 305
    },
    "139.png": {
        "x": 2111,
        "y": 1796,
        "w": 225,
        "h": 305
    },
    "156.png": {
        "x": 0,
        "y": 2237,
        "w": 305,
        "h": 290
    },
    "117.png": {
        "x": 659,
        "y": 2220,
        "w": 244,
        "h": 304
    },
    "154.png": {
        "x": 305,
        "y": 2237,
        "w": 304,
        "h": 287
    },
    "113.png": {
        "x": 903,
        "y": 2220,
        "w": 214,
        "h": 303
    },
    "70.png": {
        "x": 1117,
        "y": 2220,
        "w": 216,
        "h": 303
    },
    "84.png": {
        "x": 1333,
        "y": 2220,
        "w": 196,
        "h": 293
    },
    "23.png": {
        "x": 1529,
        "y": 2220,
        "w": 251,
        "h": 293
    },
    "24.png": {
        "x": 1780,
        "y": 2220,
        "w": 251,
        "h": 293
    },
    "25.png": {
        "x": 2031,
        "y": 2218,
        "w": 251,
        "h": 292
    },
    "6.png": {
        "x": 2475,
        "y": 0,
        "w": 245,
        "h": 291
    },
    "77.png": {
        "x": 2369,
        "y": 1186,
        "w": 213,
        "h": 290
    },
    "2.png": {
        "x": 2349,
        "y": 588,
        "w": 213,
        "h": 290
    },
    "26.png": {
        "x": 2370,
        "y": 291,
        "w": 251,
        "h": 290
    },
    "21.png": {
        "x": 2447,
        "y": 878,
        "w": 254,
        "h": 290
    },
    "140.png": {
        "x": 2410,
        "y": 1476,
        "w": 256,
        "h": 289
    },
    "22.png": {
        "x": 2410,
        "y": 1765,
        "w": 252,
        "h": 289
    },
    "7.png": {
        "x": 2336,
        "y": 2054,
        "w": 250,
        "h": 285
    },
    "138.png": {
        "x": 1120,
        "y": 347,
        "w": 188,
        "h": 285
    },
    "3.png": {
        "x": 0,
        "y": 2527,
        "w": 282,
        "h": 276
    },
    "109.png": {
        "x": 1333,
        "y": 2513,
        "w": 217,
        "h": 281
    },
    "42.png": {
        "x": 1550,
        "y": 2513,
        "w": 211,
        "h": 281
    },
    "61.png": {
        "x": 903,
        "y": 2523,
        "w": 210,
        "h": 280
    },
    "43.png": {
        "x": 1113,
        "y": 2523,
        "w": 211,
        "h": 280
    },
    "46.png": {
        "x": 1761,
        "y": 2513,
        "w": 203,
        "h": 280
    },
    "41.png": {
        "x": 1964,
        "y": 2513,
        "w": 211,
        "h": 280
    },
    "44.png": {
        "x": 305,
        "y": 2524,
        "w": 211,
        "h": 279
    },
    "68.png": {
        "x": 516,
        "y": 2524,
        "w": 208,
        "h": 279
    },
    "40.png": {
        "x": 2175,
        "y": 2510,
        "w": 211,
        "h": 279
    },
    "149.png": {
        "x": 2386,
        "y": 2339,
        "w": 238,
        "h": 279
    },
    "160.png": {
        "x": 1871,
        "y": 320,
        "w": 278,
        "h": 254
    },
    "39.png": {
        "x": 2720,
        "y": 0,
        "w": 211,
        "h": 278
    },
    "89.png": {
        "x": 2720,
        "y": 278,
        "w": 210,
        "h": 277
    },
    "90.png": {
        "x": 2586,
        "y": 2054,
        "w": 211,
        "h": 277
    },
    "93.png": {
        "x": 2662,
        "y": 1765,
        "w": 211,
        "h": 277
    },
    "92.png": {
        "x": 2701,
        "y": 555,
        "w": 211,
        "h": 277
    },
    "91.png": {
        "x": 2701,
        "y": 832,
        "w": 211,
        "h": 277
    },
    "169.png": {
        "x": 2624,
        "y": 2331,
        "w": 276,
        "h": 238
    },
    "105.png": {
        "x": 2701,
        "y": 1109,
        "w": 224,
        "h": 276
    },
    "85.png": {
        "x": 2666,
        "y": 1385,
        "w": 209,
        "h": 276
    },
    "86.png": {
        "x": 0,
        "y": 2803,
        "w": 208,
        "h": 276
    },
    "87.png": {
        "x": 208,
        "y": 2803,
        "w": 208,
        "h": 276
    },
    "88.png": {
        "x": 416,
        "y": 2803,
        "w": 208,
        "h": 276
    },
    "146.png": {
        "x": 624,
        "y": 2803,
        "w": 213,
        "h": 275
    },
    "45.png": {
        "x": 837,
        "y": 2803,
        "w": 193,
        "h": 275
    },
    "94.png": {
        "x": 1030,
        "y": 2803,
        "w": 212,
        "h": 275
    },
    "95.png": {
        "x": 1242,
        "y": 2803,
        "w": 212,
        "h": 275
    },
    "100.png": {
        "x": 1454,
        "y": 2794,
        "w": 216,
        "h": 275
    },
    "101.png": {
        "x": 1670,
        "y": 2794,
        "w": 217,
        "h": 275
    },
    "102.png": {
        "x": 1887,
        "y": 2793,
        "w": 221,
        "h": 275
    },
    "104.png": {
        "x": 2108,
        "y": 2793,
        "w": 226,
        "h": 275
    },
    "97.png": {
        "x": 2334,
        "y": 2789,
        "w": 212,
        "h": 275
    },
    "145.png": {
        "x": 2624,
        "y": 2569,
        "w": 213,
        "h": 275
    },
    "96.png": {
        "x": 2931,
        "y": 0,
        "w": 212,
        "h": 274
    },
    "131.png": {
        "x": 2930,
        "y": 278,
        "w": 213,
        "h": 274
    },
    "134.png": {
        "x": 2930,
        "y": 552,
        "w": 201,
        "h": 274
    },
    "137.png": {
        "x": 2912,
        "y": 826,
        "w": 201,
        "h": 274
    },
    "128.png": {
        "x": 2925,
        "y": 1100,
        "w": 214,
        "h": 274
    },
    "98.png": {
        "x": 2797,
        "y": 2042,
        "w": 220,
        "h": 274
    },
    "103.png": {
        "x": 2900,
        "y": 2316,
        "w": 224,
        "h": 274
    },
    "129.png": {
        "x": 2925,
        "y": 1374,
        "w": 214,
        "h": 274
    },
    "135.png": {
        "x": 2875,
        "y": 1648,
        "w": 201,
        "h": 274
    },
    "136.png": {
        "x": 2837,
        "y": 2590,
        "w": 201,
        "h": 274
    },
    "164.png": {
        "x": 0,
        "y": 3079,
        "w": 202,
        "h": 274
    },
    "144.png": {
        "x": 202,
        "y": 3079,
        "w": 213,
        "h": 274
    },
    "143.png": {
        "x": 415,
        "y": 3079,
        "w": 213,
        "h": 274
    },
    "142.png": {
        "x": 628,
        "y": 3078,
        "w": 213,
        "h": 274
    },
    "130.png": {
        "x": 841,
        "y": 3078,
        "w": 214,
        "h": 274
    },
    "99.png": {
        "x": 1055,
        "y": 3078,
        "w": 218,
        "h": 273
    },
    "167.png": {
        "x": 1273,
        "y": 3078,
        "w": 205,
        "h": 273
    },
    "132.png": {
        "x": 1478,
        "y": 3069,
        "w": 208,
        "h": 273
    },
    "133.png": {
        "x": 1686,
        "y": 3069,
        "w": 200,
        "h": 273
    },
    "161.png": {
        "x": 2546,
        "y": 2844,
        "w": 273,
        "h": 255
    },
    "162.png": {
        "x": 1886,
        "y": 3069,
        "w": 272,
        "h": 256
    },
    "165.png": {
        "x": 2334,
        "y": 3064,
        "w": 203,
        "h": 272
    },
    "163.png": {
        "x": 2819,
        "y": 2864,
        "w": 272,
        "h": 257
    },
    "27.png": {
        "x": 3143,
        "y": 0,
        "w": 266,
        "h": 269
    },
    "106.png": {
        "x": 3143,
        "y": 269,
        "w": 262,
        "h": 269
    },
    "176.png": {
        "x": 3113,
        "y": 826,
        "w": 247,
        "h": 264
    },
    "175.png": {
        "x": 3038,
        "y": 2590,
        "w": 246,
        "h": 263
    },
    "107.png": {
        "x": 3131,
        "y": 552,
        "w": 251,
        "h": 263
    },
    "168.png": {
        "x": 3139,
        "y": 1090,
        "w": 220,
        "h": 262
    },
    "62.png": {
        "x": 3139,
        "y": 1352,
        "w": 212,
        "h": 259
    },
    "111.png": {
        "x": 3139,
        "y": 1611,
        "w": 202,
        "h": 256
    },
    "110.png": {
        "x": 3124,
        "y": 1867,
        "w": 199,
        "h": 256
    },
    "28.png": {
        "x": 3124,
        "y": 2123,
        "w": 200,
        "h": 255
    },
    "30.png": {
        "x": 3091,
        "y": 2853,
        "w": 203,
        "h": 255
    },
    "63.png": {
        "x": 0,
        "y": 3353,
        "w": 205,
        "h": 255
    },
    "29.png": {
        "x": 205,
        "y": 3353,
        "w": 202,
        "h": 255
    },
    "31.png": {
        "x": 407,
        "y": 3353,
        "w": 203,
        "h": 255
    },
    "55.png": {
        "x": 610,
        "y": 3353,
        "w": 232,
        "h": 254
    },
    "58.png": {
        "x": 842,
        "y": 3352,
        "w": 233,
        "h": 254
    },
    "54.png": {
        "x": 1075,
        "y": 3351,
        "w": 233,
        "h": 254
    },
    "112.png": {
        "x": 1308,
        "y": 3351,
        "w": 235,
        "h": 253
    },
    "57.png": {
        "x": 1543,
        "y": 3342,
        "w": 233,
        "h": 251
    },
    "64.png": {
        "x": 1776,
        "y": 3342,
        "w": 206,
        "h": 251
    },
    "53.png": {
        "x": 1982,
        "y": 3336,
        "w": 232,
        "h": 251
    },
    "9.png": {
        "x": 2214,
        "y": 3336,
        "w": 215,
        "h": 250
    },
    "56.png": {
        "x": 2429,
        "y": 3336,
        "w": 231,
        "h": 250
    },
    "52.png": {
        "x": 3091,
        "y": 3108,
        "w": 230,
        "h": 250
    },
    "65.png": {
        "x": 2660,
        "y": 3358,
        "w": 206,
        "h": 246
    },
    "67.png": {
        "x": 2866,
        "y": 3358,
        "w": 205,
        "h": 246
    },
    "66.png": {
        "x": 3071,
        "y": 3358,
        "w": 205,
        "h": 246
    },
    "13.png": {
        "x": 3409,
        "y": 0,
        "w": 207,
        "h": 245
    },
    "10.png": {
        "x": 3409,
        "y": 245,
        "w": 207,
        "h": 245
    },
    "11.png": {
        "x": 3405,
        "y": 490,
        "w": 207,
        "h": 245
    },
    "12.png": {
        "x": 3276,
        "y": 3358,
        "w": 207,
        "h": 245
    },
    "121.png": {
        "x": 1120,
        "y": 632,
        "w": 183,
        "h": 240
    },
    "120.png": {
        "x": 1120,
        "y": 872,
        "w": 185,
        "h": 239
    },
    "119.png": {
        "x": 2537,
        "y": 3099,
        "w": 206,
        "h": 230
    },
    "123.png": {
        "x": 2743,
        "y": 3121,
        "w": 206,
        "h": 228
    }
}