{
    "156.png": {
        "x": 0,
        "y": 0,
        "w": 368,
        "h": 304
    },
    "155.png": {
        "x": 0,
        "y": 304,
        "w": 367,
        "h": 305
    },
    "159.png": {
        "x": 368,
        "y": 0,
        "w": 366,
        "h": 295
    },
    "154.png": {
        "x": 368,
        "y": 295,
        "w": 365,
        "h": 307
    },
    "158.png": {
        "x": 0,
        "y": 609,
        "w": 365,
        "h": 306
    },
    "78.png": {
        "x": 734,
        "y": 0,
        "w": 364,
        "h": 318
    },
    "170.png": {
        "x": 733,
        "y": 318,
        "w": 363,
        "h": 278
    },
    "79.png": {
        "x": 733,
        "y": 596,
        "w": 362,
        "h": 299
    },
    "80.png": {
        "x": 367,
        "y": 602,
        "w": 361,
        "h": 299
    },
    "81.png": {
        "x": 0,
        "y": 915,
        "w": 361,
        "h": 299
    },
    "83.png": {
        "x": 361,
        "y": 915,
        "w": 361,
        "h": 299
    },
    "82.png": {
        "x": 728,
        "y": 895,
        "w": 361,
        "h": 299
    },
    "157.png": {
        "x": 1098,
        "y": 0,
        "w": 360,
        "h": 304
    },
    "150.png": {
        "x": 1098,
        "y": 304,
        "w": 355,
        "h": 279
    },
    "47.png": {
        "x": 1096,
        "y": 583,
        "w": 223,
        "h": 352
    },
    "50.png": {
        "x": 0,
        "y": 1214,
        "w": 214,
        "h": 347
    },
    "49.png": {
        "x": 214,
        "y": 1214,
        "w": 214,
        "h": 347
    },
    "48.png": {
        "x": 428,
        "y": 1214,
        "w": 227,
        "h": 346
    },
    "16.png": {
        "x": 1089,
        "y": 935,
        "w": 344,
        "h": 291
    },
    "153.png": {
        "x": 655,
        "y": 1226,
        "w": 343,
        "h": 317
    },
    "152.png": {
        "x": 998,
        "y": 1226,
        "w": 343,
        "h": 318
    },
    "151.png": {
        "x": 1458,
        "y": 0,
        "w": 342,
        "h": 315
    },
    "125.png": {
        "x": 1319,
        "y": 583,
        "w": 300,
        "h": 342
    },
    "126.png": {
        "x": 1433,
        "y": 925,
        "w": 300,
        "h": 342
    },
    "127.png": {
        "x": 0,
        "y": 1561,
        "w": 300,
        "h": 342
    },
    "124.png": {
        "x": 300,
        "y": 1561,
        "w": 300,
        "h": 340
    },
    "17.png": {
        "x": 655,
        "y": 1543,
        "w": 339,
        "h": 270
    },
    "160.png": {
        "x": 994,
        "y": 1544,
        "w": 335,
        "h": 289
    },
    "18.png": {
        "x": 1329,
        "y": 1544,
        "w": 335,
        "h": 271
    },
    "19.png": {
        "x": 1341,
        "y": 1267,
        "w": 334,
        "h": 271
    },
    "20.png": {
        "x": 1800,
        "y": 0,
        "w": 334,
        "h": 271
    },
    "141.png": {
        "x": 1664,
        "y": 1538,
        "w": 291,
        "h": 334
    },
    "139.png": {
        "x": 1800,
        "y": 271,
        "w": 291,
        "h": 334
    },
    "161.png": {
        "x": 1619,
        "y": 605,
        "w": 331,
        "h": 286
    },
    "163.png": {
        "x": 1733,
        "y": 891,
        "w": 330,
        "h": 285
    },
    "84.png": {
        "x": 1733,
        "y": 1176,
        "w": 256,
        "h": 330
    },
    "162.png": {
        "x": 0,
        "y": 1903,
        "w": 329,
        "h": 285
    },
    "169.png": {
        "x": 1329,
        "y": 1815,
        "w": 325,
        "h": 277
    },
    "35.png": {
        "x": 1654,
        "y": 1872,
        "w": 323,
        "h": 289
    },
    "36.png": {
        "x": 600,
        "y": 1833,
        "w": 321,
        "h": 289
    },
    "38.png": {
        "x": 921,
        "y": 1833,
        "w": 320,
        "h": 289
    },
    "37.png": {
        "x": 2134,
        "y": 0,
        "w": 320,
        "h": 289
    },
    "178.png": {
        "x": 1955,
        "y": 1506,
        "w": 306,
        "h": 313
    },
    "172.png": {
        "x": 1989,
        "y": 1176,
        "w": 278,
        "h": 312
    },
    "174.png": {
        "x": 1977,
        "y": 1819,
        "w": 281,
        "h": 310
    },
    "173.png": {
        "x": 2091,
        "y": 289,
        "w": 280,
        "h": 310
    },
    "114.png": {
        "x": 2091,
        "y": 599,
        "w": 282,
        "h": 305
    },
    "140.png": {
        "x": 0,
        "y": 2188,
        "w": 303,
        "h": 297
    },
    "171.png": {
        "x": 303,
        "y": 2188,
        "w": 301,
        "h": 288
    },
    "110.png": {
        "x": 604,
        "y": 2161,
        "w": 233,
        "h": 298
    },
    "109.png": {
        "x": 837,
        "y": 2161,
        "w": 273,
        "h": 298
    },
    "111.png": {
        "x": 1110,
        "y": 2161,
        "w": 231,
        "h": 297
    },
    "116.png": {
        "x": 1341,
        "y": 2161,
        "w": 271,
        "h": 296
    },
    "164.png": {
        "x": 1612,
        "y": 2161,
        "w": 231,
        "h": 296
    },
    "165.png": {
        "x": 1843,
        "y": 2161,
        "w": 228,
        "h": 296
    },
    "115.png": {
        "x": 2071,
        "y": 2129,
        "w": 272,
        "h": 296
    },
    "15.png": {
        "x": 2454,
        "y": 0,
        "w": 283,
        "h": 296
    },
    "8.png": {
        "x": 2371,
        "y": 296,
        "w": 294,
        "h": 280
    },
    "147.png": {
        "x": 2258,
        "y": 1819,
        "w": 232,
        "h": 293
    },
    "138.png": {
        "x": 2261,
        "y": 1488,
        "w": 249,
        "h": 292
    },
    "166.png": {
        "x": 2490,
        "y": 1780,
        "w": 228,
        "h": 292
    },
    "131.png": {
        "x": 2343,
        "y": 2112,
        "w": 278,
        "h": 291
    },
    "177.png": {
        "x": 2373,
        "y": 576,
        "w": 279,
        "h": 291
    },
    "3.png": {
        "x": 2373,
        "y": 867,
        "w": 290,
        "h": 278
    },
    "112.png": {
        "x": 2267,
        "y": 1145,
        "w": 241,
        "h": 289
    },
    "113.png": {
        "x": 0,
        "y": 2485,
        "w": 277,
        "h": 289
    },
    "91.png": {
        "x": 277,
        "y": 2485,
        "w": 288,
        "h": 280
    },
    "90.png": {
        "x": 565,
        "y": 2476,
        "w": 288,
        "h": 280
    },
    "93.png": {
        "x": 853,
        "y": 2459,
        "w": 288,
        "h": 280
    },
    "92.png": {
        "x": 1141,
        "y": 2458,
        "w": 288,
        "h": 280
    },
    "148.png": {
        "x": 1429,
        "y": 2457,
        "w": 240,
        "h": 288
    },
    "130.png": {
        "x": 1669,
        "y": 2457,
        "w": 278,
        "h": 287
    },
    "128.png": {
        "x": 1947,
        "y": 2457,
        "w": 279,
        "h": 287
    },
    "145.png": {
        "x": 2226,
        "y": 2425,
        "w": 272,
        "h": 287
    },
    "167.png": {
        "x": 329,
        "y": 1901,
        "w": 255,
        "h": 287
    },
    "144.png": {
        "x": 2737,
        "y": 0,
        "w": 273,
        "h": 287
    },
    "56.png": {
        "x": 1453,
        "y": 315,
        "w": 286,
        "h": 268
    },
    "28.png": {
        "x": 2652,
        "y": 576,
        "w": 249,
        "h": 286
    },
    "129.png": {
        "x": 2718,
        "y": 862,
        "w": 279,
        "h": 286
    },
    "146.png": {
        "x": 2737,
        "y": 287,
        "w": 273,
        "h": 286
    },
    "143.png": {
        "x": 2718,
        "y": 1148,
        "w": 274,
        "h": 286
    },
    "132.png": {
        "x": 2718,
        "y": 1434,
        "w": 275,
        "h": 286
    },
    "142.png": {
        "x": 2718,
        "y": 1720,
        "w": 273,
        "h": 286
    },
    "57.png": {
        "x": 2718,
        "y": 2006,
        "w": 286,
        "h": 269
    },
    "29.png": {
        "x": 2498,
        "y": 2403,
        "w": 250,
        "h": 285
    },
    "176.png": {
        "x": 2748,
        "y": 2275,
        "w": 248,
        "h": 285
    },
    "14.png": {
        "x": 0,
        "y": 2774,
        "w": 260,
        "h": 285
    },
    "30.png": {
        "x": 260,
        "y": 2774,
        "w": 250,
        "h": 285
    },
    "68.png": {
        "x": 510,
        "y": 2765,
        "w": 271,
        "h": 285
    },
    "31.png": {
        "x": 2748,
        "y": 2560,
        "w": 250,
        "h": 285
    },
    "60.png": {
        "x": 781,
        "y": 2756,
        "w": 259,
        "h": 285
    },
    "46.png": {
        "x": 1141,
        "y": 2738,
        "w": 264,
        "h": 284
    },
    "43.png": {
        "x": 1405,
        "y": 2745,
        "w": 268,
        "h": 284
    },
    "61.png": {
        "x": 1673,
        "y": 2744,
        "w": 270,
        "h": 284
    },
    "42.png": {
        "x": 1943,
        "y": 2744,
        "w": 268,
        "h": 284
    },
    "27.png": {
        "x": 2211,
        "y": 2744,
        "w": 272,
        "h": 284
    },
    "107.png": {
        "x": 2498,
        "y": 2688,
        "w": 247,
        "h": 284
    },
    "175.png": {
        "x": 3010,
        "y": 0,
        "w": 248,
        "h": 283
    },
    "44.png": {
        "x": 2901,
        "y": 573,
        "w": 268,
        "h": 283
    },
    "41.png": {
        "x": 0,
        "y": 3059,
        "w": 268,
        "h": 283
    },
    "34.png": {
        "x": 268,
        "y": 3059,
        "w": 275,
        "h": 282
    },
    "117.png": {
        "x": 2998,
        "y": 2275,
        "w": 258,
        "h": 282
    },
    "39.png": {
        "x": 543,
        "y": 3050,
        "w": 268,
        "h": 282
    },
    "168.png": {
        "x": 811,
        "y": 3041,
        "w": 276,
        "h": 282
    },
    "40.png": {
        "x": 1087,
        "y": 3029,
        "w": 268,
        "h": 282
    },
    "58.png": {
        "x": 1355,
        "y": 3029,
        "w": 282,
        "h": 275
    },
    "59.png": {
        "x": 2997,
        "y": 856,
        "w": 261,
        "h": 282
    },
    "7.png": {
        "x": 1637,
        "y": 3029,
        "w": 282,
        "h": 273
    },
    "108.png": {
        "x": 1919,
        "y": 3028,
        "w": 282,
        "h": 275
    },
    "118.png": {
        "x": 2992,
        "y": 1148,
        "w": 255,
        "h": 282
    },
    "55.png": {
        "x": 2201,
        "y": 3028,
        "w": 281,
        "h": 274
    },
    "25.png": {
        "x": 2998,
        "y": 2557,
        "w": 260,
        "h": 281
    },
    "26.png": {
        "x": 2998,
        "y": 2838,
        "w": 260,
        "h": 281
    },
    "24.png": {
        "x": 2991,
        "y": 1720,
        "w": 260,
        "h": 281
    },
    "23.png": {
        "x": 2993,
        "y": 1430,
        "w": 260,
        "h": 281
    },
    "33.png": {
        "x": 3010,
        "y": 283,
        "w": 248,
        "h": 280
    },
    "89.png": {
        "x": 2482,
        "y": 3028,
        "w": 263,
        "h": 280
    },
    "94.png": {
        "x": 2745,
        "y": 2845,
        "w": 251,
        "h": 280
    },
    "95.png": {
        "x": 3258,
        "y": 0,
        "w": 251,
        "h": 280
    },
    "22.png": {
        "x": 3247,
        "y": 1138,
        "w": 262,
        "h": 280
    },
    "97.png": {
        "x": 3258,
        "y": 280,
        "w": 251,
        "h": 280
    },
    "101.png": {
        "x": 3251,
        "y": 1711,
        "w": 257,
        "h": 280
    },
    "100.png": {
        "x": 3169,
        "y": 563,
        "w": 260,
        "h": 279
    },
    "120.png": {
        "x": 3251,
        "y": 1991,
        "w": 225,
        "h": 279
    },
    "45.png": {
        "x": 3256,
        "y": 2270,
        "w": 253,
        "h": 279
    },
    "32.png": {
        "x": 3258,
        "y": 842,
        "w": 247,
        "h": 279
    },
    "85.png": {
        "x": 3258,
        "y": 2549,
        "w": 244,
        "h": 279
    },
    "87.png": {
        "x": 3258,
        "y": 2828,
        "w": 242,
        "h": 279
    },
    "88.png": {
        "x": 3253,
        "y": 1418,
        "w": 242,
        "h": 279
    },
    "21.png": {
        "x": 0,
        "y": 3342,
        "w": 263,
        "h": 279
    },
    "102.png": {
        "x": 263,
        "y": 3342,
        "w": 250,
        "h": 279
    },
    "98.png": {
        "x": 3258,
        "y": 3107,
        "w": 250,
        "h": 279
    },
    "96.png": {
        "x": 513,
        "y": 3341,
        "w": 251,
        "h": 279
    },
    "86.png": {
        "x": 764,
        "y": 3332,
        "w": 242,
        "h": 279
    },
    "51.png": {
        "x": 2201,
        "y": 3302,
        "w": 277,
        "h": 278
    },
    "10.png": {
        "x": 2996,
        "y": 3119,
        "w": 250,
        "h": 278
    },
    "121.png": {
        "x": 1006,
        "y": 3323,
        "w": 224,
        "h": 278
    },
    "54.png": {
        "x": 1637,
        "y": 3302,
        "w": 272,
        "h": 278
    },
    "11.png": {
        "x": 2745,
        "y": 3125,
        "w": 250,
        "h": 278
    },
    "99.png": {
        "x": 2478,
        "y": 3308,
        "w": 254,
        "h": 278
    },
    "74.png": {
        "x": 1355,
        "y": 3304,
        "w": 259,
        "h": 278
    },
    "73.png": {
        "x": 1909,
        "y": 3303,
        "w": 259,
        "h": 278
    },
    "72.png": {
        "x": 3509,
        "y": 0,
        "w": 259,
        "h": 278
    },
    "12.png": {
        "x": 3476,
        "y": 1991,
        "w": 250,
        "h": 278
    },
    "13.png": {
        "x": 3500,
        "y": 2828,
        "w": 250,
        "h": 278
    },
    "9.png": {
        "x": 3502,
        "y": 2549,
        "w": 254,
        "h": 277
    },
    "119.png": {
        "x": 3509,
        "y": 2269,
        "w": 247,
        "h": 277
    },
    "4.png": {
        "x": 3495,
        "y": 1418,
        "w": 273,
        "h": 277
    },
    "53.png": {
        "x": 3429,
        "y": 560,
        "w": 265,
        "h": 277
    },
    "5.png": {
        "x": 0,
        "y": 3621,
        "w": 274,
        "h": 276
    },
    "52.png": {
        "x": 274,
        "y": 3621,
        "w": 266,
        "h": 276
    },
    "6.png": {
        "x": 540,
        "y": 3620,
        "w": 274,
        "h": 276
    },
    "122.png": {
        "x": 3509,
        "y": 278,
        "w": 251,
        "h": 274
    },
    "123.png": {
        "x": 3004,
        "y": 2001,
        "w": 242,
        "h": 273
    },
    "75.png": {
        "x": 814,
        "y": 3611,
        "w": 237,
        "h": 272
    },
    "0.png": {
        "x": 3509,
        "y": 837,
        "w": 237,
        "h": 272
    },
    "76.png": {
        "x": 3509,
        "y": 1109,
        "w": 239,
        "h": 271
    },
    "106.png": {
        "x": 1051,
        "y": 3601,
        "w": 262,
        "h": 271
    },
    "1.png": {
        "x": 3508,
        "y": 3106,
        "w": 239,
        "h": 271
    },
    "149.png": {
        "x": 3508,
        "y": 1695,
        "w": 254,
        "h": 271
    },
    "65.png": {
        "x": 1614,
        "y": 3580,
        "w": 270,
        "h": 260
    },
    "63.png": {
        "x": 1313,
        "y": 3582,
        "w": 269,
        "h": 266
    },
    "62.png": {
        "x": 2168,
        "y": 3580,
        "w": 269,
        "h": 264
    },
    "64.png": {
        "x": 1884,
        "y": 3581,
        "w": 269,
        "h": 264
    },
    "2.png": {
        "x": 3508,
        "y": 3377,
        "w": 248,
        "h": 269
    },
    "71.png": {
        "x": 3246,
        "y": 3386,
        "w": 260,
        "h": 269
    },
    "77.png": {
        "x": 2995,
        "y": 3397,
        "w": 250,
        "h": 269
    },
    "66.png": {
        "x": 2437,
        "y": 3586,
        "w": 268,
        "h": 260
    },
    "67.png": {
        "x": 2705,
        "y": 3586,
        "w": 268,
        "h": 260
    },
    "134.png": {
        "x": 3768,
        "y": 0,
        "w": 241,
        "h": 266
    },
    "133.png": {
        "x": 3762,
        "y": 1695,
        "w": 243,
        "h": 266
    },
    "137.png": {
        "x": 3768,
        "y": 266,
        "w": 241,
        "h": 266
    },
    "135.png": {
        "x": 3768,
        "y": 532,
        "w": 241,
        "h": 266
    },
    "136.png": {
        "x": 3768,
        "y": 798,
        "w": 241,
        "h": 266
    },
    "105.png": {
        "x": 3762,
        "y": 1961,
        "w": 247,
        "h": 265
    },
    "104.png": {
        "x": 3747,
        "y": 3106,
        "w": 247,
        "h": 265
    },
    "103.png": {
        "x": 3756,
        "y": 2226,
        "w": 247,
        "h": 263
    },
    "70.png": {
        "x": 3756,
        "y": 3371,
        "w": 245,
        "h": 259
    },
    "69.png": {
        "x": 3768,
        "y": 1064,
        "w": 239,
        "h": 258
    }
}