{
    "18.png": {
        "x": 0,
        "y": 0,
        "w": 501,
        "h": 1
    },
    "0.png": {
        "x": 0,
        "y": 1,
        "w": 501,
        "h": 1
    },
    "10.png": {
        "x": 0,
        "y": 2,
        "w": 501,
        "h": 1
    },
    "93.png": {
        "x": 0,
        "y": 3,
        "w": 501,
        "h": 1
    },
    "92.png": {
        "x": 0,
        "y": 4,
        "w": 501,
        "h": 1
    },
    "91.png": {
        "x": 0,
        "y": 5,
        "w": 501,
        "h": 1
    },
    "103.png": {
        "x": 0,
        "y": 6,
        "w": 501,
        "h": 1
    },
    "104.png": {
        "x": 0,
        "y": 7,
        "w": 501,
        "h": 1
    },
    "105.png": {
        "x": 0,
        "y": 8,
        "w": 501,
        "h": 1
    },
    "106.png": {
        "x": 0,
        "y": 9,
        "w": 501,
        "h": 1
    },
    "107.png": {
        "x": 0,
        "y": 10,
        "w": 501,
        "h": 1
    },
    "108.png": {
        "x": 0,
        "y": 11,
        "w": 501,
        "h": 1
    },
    "109.png": {
        "x": 0,
        "y": 12,
        "w": 501,
        "h": 1
    },
    "11.png": {
        "x": 0,
        "y": 13,
        "w": 501,
        "h": 1
    },
    "110.png": {
        "x": 0,
        "y": 14,
        "w": 501,
        "h": 1
    },
    "111.png": {
        "x": 0,
        "y": 15,
        "w": 501,
        "h": 1
    },
    "112.png": {
        "x": 0,
        "y": 16,
        "w": 501,
        "h": 1
    },
    "113.png": {
        "x": 0,
        "y": 17,
        "w": 501,
        "h": 1
    },
    "114.png": {
        "x": 0,
        "y": 18,
        "w": 501,
        "h": 1
    },
    "115.png": {
        "x": 0,
        "y": 19,
        "w": 501,
        "h": 1
    },
    "116.png": {
        "x": 0,
        "y": 20,
        "w": 501,
        "h": 1
    },
    "117.png": {
        "x": 0,
        "y": 21,
        "w": 501,
        "h": 1
    },
    "118.png": {
        "x": 0,
        "y": 22,
        "w": 501,
        "h": 1
    },
    "90.png": {
        "x": 0,
        "y": 23,
        "w": 501,
        "h": 1
    },
    "12.png": {
        "x": 0,
        "y": 24,
        "w": 501,
        "h": 1
    },
    "120.png": {
        "x": 0,
        "y": 25,
        "w": 501,
        "h": 1
    },
    "121.png": {
        "x": 0,
        "y": 26,
        "w": 501,
        "h": 1
    },
    "122.png": {
        "x": 0,
        "y": 27,
        "w": 501,
        "h": 1
    },
    "123.png": {
        "x": 0,
        "y": 28,
        "w": 501,
        "h": 1
    },
    "124.png": {
        "x": 0,
        "y": 29,
        "w": 501,
        "h": 1
    },
    "125.png": {
        "x": 0,
        "y": 30,
        "w": 501,
        "h": 1
    },
    "126.png": {
        "x": 0,
        "y": 31,
        "w": 501,
        "h": 1
    },
    "127.png": {
        "x": 0,
        "y": 32,
        "w": 501,
        "h": 1
    },
    "9.png": {
        "x": 0,
        "y": 33,
        "w": 501,
        "h": 1
    },
    "89.png": {
        "x": 0,
        "y": 34,
        "w": 501,
        "h": 1
    },
    "13.png": {
        "x": 0,
        "y": 35,
        "w": 501,
        "h": 1
    },
    "88.png": {
        "x": 0,
        "y": 36,
        "w": 501,
        "h": 1
    },
    "87.png": {
        "x": 0,
        "y": 37,
        "w": 501,
        "h": 1
    },
    "86.png": {
        "x": 0,
        "y": 38,
        "w": 501,
        "h": 1
    },
    "133.png": {
        "x": 0,
        "y": 39,
        "w": 501,
        "h": 1
    },
    "134.png": {
        "x": 0,
        "y": 40,
        "w": 501,
        "h": 1
    },
    "135.png": {
        "x": 0,
        "y": 41,
        "w": 501,
        "h": 1
    },
    "136.png": {
        "x": 0,
        "y": 42,
        "w": 501,
        "h": 1
    },
    "137.png": {
        "x": 0,
        "y": 43,
        "w": 501,
        "h": 1
    },
    "138.png": {
        "x": 0,
        "y": 44,
        "w": 501,
        "h": 1
    },
    "85.png": {
        "x": 0,
        "y": 45,
        "w": 501,
        "h": 1
    },
    "14.png": {
        "x": 0,
        "y": 46,
        "w": 501,
        "h": 1
    },
    "140.png": {
        "x": 0,
        "y": 47,
        "w": 501,
        "h": 1
    },
    "83.png": {
        "x": 0,
        "y": 48,
        "w": 501,
        "h": 1
    },
    "82.png": {
        "x": 0,
        "y": 49,
        "w": 501,
        "h": 1
    },
    "81.png": {
        "x": 0,
        "y": 50,
        "w": 501,
        "h": 1
    },
    "80.png": {
        "x": 0,
        "y": 51,
        "w": 501,
        "h": 1
    },
    "8.png": {
        "x": 0,
        "y": 52,
        "w": 501,
        "h": 1
    },
    "79.png": {
        "x": 0,
        "y": 53,
        "w": 501,
        "h": 1
    },
    "147.png": {
        "x": 0,
        "y": 54,
        "w": 501,
        "h": 1
    },
    "148.png": {
        "x": 0,
        "y": 55,
        "w": 501,
        "h": 1
    },
    "149.png": {
        "x": 0,
        "y": 56,
        "w": 501,
        "h": 1
    },
    "15.png": {
        "x": 0,
        "y": 57,
        "w": 501,
        "h": 1
    },
    "150.png": {
        "x": 0,
        "y": 58,
        "w": 501,
        "h": 1
    },
    "151.png": {
        "x": 0,
        "y": 59,
        "w": 501,
        "h": 1
    },
    "152.png": {
        "x": 0,
        "y": 60,
        "w": 501,
        "h": 1
    },
    "153.png": {
        "x": 0,
        "y": 61,
        "w": 501,
        "h": 1
    },
    "154.png": {
        "x": 0,
        "y": 62,
        "w": 501,
        "h": 1
    },
    "155.png": {
        "x": 0,
        "y": 63,
        "w": 501,
        "h": 1
    },
    "156.png": {
        "x": 0,
        "y": 64,
        "w": 501,
        "h": 1
    },
    "157.png": {
        "x": 0,
        "y": 65,
        "w": 501,
        "h": 1
    },
    "158.png": {
        "x": 0,
        "y": 66,
        "w": 501,
        "h": 1
    },
    "159.png": {
        "x": 0,
        "y": 67,
        "w": 501,
        "h": 1
    },
    "16.png": {
        "x": 0,
        "y": 68,
        "w": 501,
        "h": 1
    },
    "160.png": {
        "x": 0,
        "y": 69,
        "w": 501,
        "h": 1
    },
    "161.png": {
        "x": 0,
        "y": 70,
        "w": 501,
        "h": 1
    },
    "162.png": {
        "x": 0,
        "y": 71,
        "w": 501,
        "h": 1
    },
    "163.png": {
        "x": 0,
        "y": 72,
        "w": 501,
        "h": 1
    },
    "164.png": {
        "x": 0,
        "y": 73,
        "w": 501,
        "h": 1
    },
    "165.png": {
        "x": 0,
        "y": 74,
        "w": 501,
        "h": 1
    },
    "166.png": {
        "x": 0,
        "y": 75,
        "w": 501,
        "h": 1
    },
    "167.png": {
        "x": 0,
        "y": 76,
        "w": 501,
        "h": 1
    },
    "168.png": {
        "x": 0,
        "y": 77,
        "w": 501,
        "h": 1
    },
    "169.png": {
        "x": 0,
        "y": 78,
        "w": 501,
        "h": 1
    },
    "17.png": {
        "x": 0,
        "y": 79,
        "w": 501,
        "h": 1
    },
    "170.png": {
        "x": 0,
        "y": 80,
        "w": 501,
        "h": 1
    },
    "171.png": {
        "x": 0,
        "y": 81,
        "w": 501,
        "h": 1
    },
    "172.png": {
        "x": 0,
        "y": 82,
        "w": 501,
        "h": 1
    },
    "173.png": {
        "x": 0,
        "y": 83,
        "w": 501,
        "h": 1
    },
    "174.png": {
        "x": 0,
        "y": 84,
        "w": 501,
        "h": 1
    },
    "175.png": {
        "x": 0,
        "y": 85,
        "w": 501,
        "h": 1
    },
    "176.png": {
        "x": 0,
        "y": 86,
        "w": 501,
        "h": 1
    },
    "177.png": {
        "x": 0,
        "y": 87,
        "w": 501,
        "h": 1
    },
    "178.png": {
        "x": 0,
        "y": 88,
        "w": 501,
        "h": 1
    },
    "1.png": {
        "x": 0,
        "y": 89,
        "w": 501,
        "h": 1
    },
    "19.png": {
        "x": 0,
        "y": 90,
        "w": 501,
        "h": 1
    },
    "2.png": {
        "x": 0,
        "y": 91,
        "w": 501,
        "h": 1
    },
    "20.png": {
        "x": 0,
        "y": 92,
        "w": 501,
        "h": 1
    },
    "21.png": {
        "x": 0,
        "y": 93,
        "w": 501,
        "h": 1
    },
    "22.png": {
        "x": 0,
        "y": 94,
        "w": 501,
        "h": 1
    },
    "23.png": {
        "x": 0,
        "y": 95,
        "w": 501,
        "h": 1
    },
    "24.png": {
        "x": 0,
        "y": 96,
        "w": 501,
        "h": 1
    },
    "25.png": {
        "x": 0,
        "y": 97,
        "w": 501,
        "h": 1
    },
    "26.png": {
        "x": 0,
        "y": 98,
        "w": 501,
        "h": 1
    },
    "27.png": {
        "x": 0,
        "y": 99,
        "w": 501,
        "h": 1
    },
    "28.png": {
        "x": 0,
        "y": 100,
        "w": 501,
        "h": 1
    },
    "29.png": {
        "x": 0,
        "y": 101,
        "w": 501,
        "h": 1
    },
    "3.png": {
        "x": 0,
        "y": 102,
        "w": 501,
        "h": 1
    },
    "30.png": {
        "x": 0,
        "y": 103,
        "w": 501,
        "h": 1
    },
    "31.png": {
        "x": 0,
        "y": 104,
        "w": 501,
        "h": 1
    },
    "32.png": {
        "x": 0,
        "y": 105,
        "w": 501,
        "h": 1
    },
    "33.png": {
        "x": 0,
        "y": 106,
        "w": 501,
        "h": 1
    },
    "34.png": {
        "x": 0,
        "y": 107,
        "w": 501,
        "h": 1
    },
    "35.png": {
        "x": 0,
        "y": 108,
        "w": 501,
        "h": 1
    },
    "36.png": {
        "x": 0,
        "y": 109,
        "w": 501,
        "h": 1
    },
    "37.png": {
        "x": 0,
        "y": 110,
        "w": 501,
        "h": 1
    },
    "38.png": {
        "x": 0,
        "y": 111,
        "w": 501,
        "h": 1
    },
    "78.png": {
        "x": 0,
        "y": 112,
        "w": 501,
        "h": 1
    },
    "4.png": {
        "x": 0,
        "y": 113,
        "w": 501,
        "h": 1
    },
    "77.png": {
        "x": 0,
        "y": 114,
        "w": 501,
        "h": 1
    },
    "76.png": {
        "x": 0,
        "y": 115,
        "w": 501,
        "h": 1
    },
    "75.png": {
        "x": 0,
        "y": 116,
        "w": 501,
        "h": 1
    },
    "74.png": {
        "x": 0,
        "y": 117,
        "w": 501,
        "h": 1
    },
    "73.png": {
        "x": 0,
        "y": 118,
        "w": 501,
        "h": 1
    },
    "72.png": {
        "x": 0,
        "y": 119,
        "w": 501,
        "h": 1
    },
    "71.png": {
        "x": 0,
        "y": 120,
        "w": 501,
        "h": 1
    },
    "70.png": {
        "x": 0,
        "y": 121,
        "w": 501,
        "h": 1
    },
    "7.png": {
        "x": 0,
        "y": 122,
        "w": 501,
        "h": 1
    },
    "69.png": {
        "x": 0,
        "y": 123,
        "w": 501,
        "h": 1
    },
    "5.png": {
        "x": 0,
        "y": 124,
        "w": 501,
        "h": 1
    },
    "67.png": {
        "x": 0,
        "y": 125,
        "w": 501,
        "h": 1
    },
    "66.png": {
        "x": 0,
        "y": 126,
        "w": 501,
        "h": 1
    },
    "65.png": {
        "x": 0,
        "y": 127,
        "w": 501,
        "h": 1
    },
    "64.png": {
        "x": 0,
        "y": 128,
        "w": 501,
        "h": 1
    },
    "63.png": {
        "x": 0,
        "y": 129,
        "w": 501,
        "h": 1
    },
    "6.png": {
        "x": 0,
        "y": 130,
        "w": 501,
        "h": 1
    },
    "56.png": {
        "x": 0,
        "y": 131,
        "w": 501,
        "h": 1
    },
    "57.png": {
        "x": 0,
        "y": 132,
        "w": 501,
        "h": 1
    },
    "58.png": {
        "x": 0,
        "y": 133,
        "w": 501,
        "h": 1
    },
    "141.png": {
        "x": 0,
        "y": 134,
        "w": 291,
        "h": 334
    },
    "139.png": {
        "x": 0,
        "y": 468,
        "w": 291,
        "h": 334
    },
    "84.png": {
        "x": 501,
        "y": 0,
        "w": 256,
        "h": 330
    },
    "49.png": {
        "x": 291,
        "y": 330,
        "w": 213,
        "h": 319
    },
    "50.png": {
        "x": 504,
        "y": 330,
        "w": 213,
        "h": 319
    },
    "47.png": {
        "x": 757,
        "y": 0,
        "w": 219,
        "h": 316
    },
    "48.png": {
        "x": 757,
        "y": 316,
        "w": 215,
        "h": 308
    },
    "131.png": {
        "x": 0,
        "y": 802,
        "w": 278,
        "h": 291
    },
    "144.png": {
        "x": 278,
        "y": 802,
        "w": 273,
        "h": 287
    },
    "128.png": {
        "x": 551,
        "y": 649,
        "w": 279,
        "h": 287
    },
    "145.png": {
        "x": 976,
        "y": 0,
        "w": 272,
        "h": 287
    },
    "130.png": {
        "x": 830,
        "y": 624,
        "w": 278,
        "h": 287
    },
    "129.png": {
        "x": 0,
        "y": 1093,
        "w": 279,
        "h": 286
    },
    "143.png": {
        "x": 972,
        "y": 316,
        "w": 274,
        "h": 286
    },
    "146.png": {
        "x": 279,
        "y": 1089,
        "w": 273,
        "h": 286
    },
    "132.png": {
        "x": 830,
        "y": 911,
        "w": 275,
        "h": 286
    },
    "142.png": {
        "x": 552,
        "y": 936,
        "w": 273,
        "h": 286
    },
    "60.png": {
        "x": 1248,
        "y": 0,
        "w": 259,
        "h": 285
    },
    "68.png": {
        "x": 1108,
        "y": 602,
        "w": 271,
        "h": 285
    },
    "43.png": {
        "x": 1108,
        "y": 887,
        "w": 268,
        "h": 284
    },
    "42.png": {
        "x": 0,
        "y": 1379,
        "w": 268,
        "h": 284
    },
    "61.png": {
        "x": 268,
        "y": 1379,
        "w": 270,
        "h": 284
    },
    "41.png": {
        "x": 538,
        "y": 1375,
        "w": 268,
        "h": 283
    },
    "44.png": {
        "x": 1105,
        "y": 1171,
        "w": 268,
        "h": 283
    },
    "39.png": {
        "x": 825,
        "y": 1197,
        "w": 268,
        "h": 282
    },
    "59.png": {
        "x": 1246,
        "y": 287,
        "w": 261,
        "h": 282
    },
    "40.png": {
        "x": 1507,
        "y": 0,
        "w": 268,
        "h": 282
    },
    "55.png": {
        "x": 1379,
        "y": 569,
        "w": 281,
        "h": 274
    },
    "97.png": {
        "x": 1507,
        "y": 282,
        "w": 251,
        "h": 280
    },
    "95.png": {
        "x": 1379,
        "y": 843,
        "w": 251,
        "h": 280
    },
    "94.png": {
        "x": 1376,
        "y": 1123,
        "w": 251,
        "h": 280
    },
    "101.png": {
        "x": 0,
        "y": 1663,
        "w": 257,
        "h": 280
    },
    "98.png": {
        "x": 257,
        "y": 1663,
        "w": 250,
        "h": 279
    },
    "102.png": {
        "x": 507,
        "y": 1663,
        "w": 250,
        "h": 279
    },
    "100.png": {
        "x": 757,
        "y": 1658,
        "w": 260,
        "h": 279
    },
    "96.png": {
        "x": 1373,
        "y": 1403,
        "w": 251,
        "h": 279
    },
    "54.png": {
        "x": 1093,
        "y": 1454,
        "w": 272,
        "h": 278
    },
    "51.png": {
        "x": 1775,
        "y": 0,
        "w": 277,
        "h": 278
    },
    "99.png": {
        "x": 1775,
        "y": 278,
        "w": 254,
        "h": 278
    },
    "119.png": {
        "x": 1758,
        "y": 556,
        "w": 247,
        "h": 277
    },
    "53.png": {
        "x": 1660,
        "y": 833,
        "w": 265,
        "h": 277
    },
    "52.png": {
        "x": 1630,
        "y": 1110,
        "w": 266,
        "h": 276
    },
    "45.png": {
        "x": 1627,
        "y": 1386,
        "w": 253,
        "h": 275
    },
    "46.png": {
        "x": 1624,
        "y": 1661,
        "w": 264,
        "h": 272
    },
    "62.png": {
        "x": 0,
        "y": 1943,
        "w": 269,
        "h": 263
    }
}