{
    "157.png": {
        "x": 0,
        "y": 0,
        "w": 365,
        "h": 333
    },
    "170.png": {
        "x": 0,
        "y": 333,
        "w": 363,
        "h": 331
    },
    "80.png": {
        "x": 365,
        "y": 0,
        "w": 363,
        "h": 333
    },
    "158.png": {
        "x": 0,
        "y": 664,
        "w": 363,
        "h": 332
    },
    "83.png": {
        "x": 363,
        "y": 333,
        "w": 363,
        "h": 333
    },
    "81.png": {
        "x": 728,
        "y": 0,
        "w": 363,
        "h": 333
    },
    "82.png": {
        "x": 726,
        "y": 333,
        "w": 363,
        "h": 333
    },
    "79.png": {
        "x": 0,
        "y": 996,
        "w": 362,
        "h": 332
    },
    "154.png": {
        "x": 362,
        "y": 996,
        "w": 362,
        "h": 332
    },
    "151.png": {
        "x": 724,
        "y": 666,
        "w": 360,
        "h": 332
    },
    "155.png": {
        "x": 1091,
        "y": 0,
        "w": 360,
        "h": 332
    },
    "78.png": {
        "x": 1091,
        "y": 332,
        "w": 359,
        "h": 332
    },
    "156.png": {
        "x": 1089,
        "y": 664,
        "w": 359,
        "h": 332
    },
    "152.png": {
        "x": 1084,
        "y": 996,
        "w": 359,
        "h": 332
    },
    "153.png": {
        "x": 0,
        "y": 1328,
        "w": 357,
        "h": 332
    },
    "159.png": {
        "x": 724,
        "y": 998,
        "w": 344,
        "h": 333
    },
    "160.png": {
        "x": 1451,
        "y": 0,
        "w": 344,
        "h": 333
    },
    "150.png": {
        "x": 357,
        "y": 1328,
        "w": 344,
        "h": 331
    },
    "171.png": {
        "x": 1450,
        "y": 333,
        "w": 342,
        "h": 333
    },
    "161.png": {
        "x": 1068,
        "y": 1328,
        "w": 342,
        "h": 332
    },
    "162.png": {
        "x": 1410,
        "y": 1328,
        "w": 341,
        "h": 332
    },
    "163.png": {
        "x": 1443,
        "y": 996,
        "w": 341,
        "h": 332
    },
    "48.png": {
        "x": 0,
        "y": 1660,
        "w": 274,
        "h": 340
    },
    "47.png": {
        "x": 274,
        "y": 1660,
        "w": 275,
        "h": 339
    },
    "174.png": {
        "x": 549,
        "y": 1660,
        "w": 337,
        "h": 332
    },
    "173.png": {
        "x": 886,
        "y": 1660,
        "w": 337,
        "h": 332
    },
    "172.png": {
        "x": 1223,
        "y": 1660,
        "w": 336,
        "h": 332
    },
    "16.png": {
        "x": 363,
        "y": 666,
        "w": 336,
        "h": 330
    },
    "58.png": {
        "x": 1795,
        "y": 0,
        "w": 252,
        "h": 336
    },
    "49.png": {
        "x": 1559,
        "y": 1660,
        "w": 281,
        "h": 336
    },
    "50.png": {
        "x": 0,
        "y": 2000,
        "w": 281,
        "h": 336
    },
    "54.png": {
        "x": 281,
        "y": 1999,
        "w": 259,
        "h": 336
    },
    "17.png": {
        "x": 540,
        "y": 1999,
        "w": 336,
        "h": 333
    },
    "124.png": {
        "x": 876,
        "y": 1996,
        "w": 282,
        "h": 335
    },
    "125.png": {
        "x": 1158,
        "y": 1996,
        "w": 283,
        "h": 335
    },
    "126.png": {
        "x": 1441,
        "y": 1996,
        "w": 283,
        "h": 335
    },
    "127.png": {
        "x": 1724,
        "y": 1996,
        "w": 283,
        "h": 335
    },
    "19.png": {
        "x": 2047,
        "y": 0,
        "w": 335,
        "h": 334
    },
    "18.png": {
        "x": 2047,
        "y": 334,
        "w": 335,
        "h": 334
    },
    "20.png": {
        "x": 2007,
        "y": 668,
        "w": 335,
        "h": 334
    },
    "57.png": {
        "x": 2007,
        "y": 1002,
        "w": 262,
        "h": 334
    },
    "136.png": {
        "x": 2007,
        "y": 1336,
        "w": 238,
        "h": 333
    },
    "145.png": {
        "x": 2007,
        "y": 1669,
        "w": 275,
        "h": 333
    },
    "144.png": {
        "x": 2007,
        "y": 2002,
        "w": 275,
        "h": 333
    },
    "143.png": {
        "x": 0,
        "y": 2336,
        "w": 275,
        "h": 333
    },
    "142.png": {
        "x": 275,
        "y": 2336,
        "w": 275,
        "h": 333
    },
    "141.png": {
        "x": 550,
        "y": 2335,
        "w": 276,
        "h": 333
    },
    "100.png": {
        "x": 826,
        "y": 2335,
        "w": 256,
        "h": 333
    },
    "139.png": {
        "x": 1082,
        "y": 2335,
        "w": 276,
        "h": 333
    },
    "137.png": {
        "x": 1358,
        "y": 2335,
        "w": 238,
        "h": 333
    },
    "146.png": {
        "x": 1596,
        "y": 2335,
        "w": 275,
        "h": 333
    },
    "135.png": {
        "x": 1871,
        "y": 2335,
        "w": 238,
        "h": 333
    },
    "134.png": {
        "x": 2109,
        "y": 2335,
        "w": 238,
        "h": 333
    },
    "133.png": {
        "x": 2245,
        "y": 1336,
        "w": 239,
        "h": 333
    },
    "84.png": {
        "x": 2269,
        "y": 1002,
        "w": 261,
        "h": 333
    },
    "32.png": {
        "x": 2342,
        "y": 668,
        "w": 275,
        "h": 333
    },
    "33.png": {
        "x": 2347,
        "y": 1669,
        "w": 273,
        "h": 333
    },
    "102.png": {
        "x": 2282,
        "y": 2002,
        "w": 249,
        "h": 333
    },
    "101.png": {
        "x": 2347,
        "y": 2335,
        "w": 251,
        "h": 333
    },
    "117.png": {
        "x": 2620,
        "y": 0,
        "w": 261,
        "h": 332
    },
    "88.png": {
        "x": 1792,
        "y": 336,
        "w": 247,
        "h": 332
    },
    "148.png": {
        "x": 2531,
        "y": 2002,
        "w": 275,
        "h": 332
    },
    "89.png": {
        "x": 1751,
        "y": 1328,
        "w": 249,
        "h": 332
    },
    "90.png": {
        "x": 2484,
        "y": 1335,
        "w": 249,
        "h": 332
    },
    "91.png": {
        "x": 2530,
        "y": 1001,
        "w": 249,
        "h": 332
    },
    "92.png": {
        "x": 2598,
        "y": 2334,
        "w": 249,
        "h": 332
    },
    "147.png": {
        "x": 2382,
        "y": 332,
        "w": 268,
        "h": 332
    },
    "93.png": {
        "x": 2620,
        "y": 1667,
        "w": 249,
        "h": 332
    },
    "94.png": {
        "x": 2617,
        "y": 664,
        "w": 249,
        "h": 332
    },
    "118.png": {
        "x": 0,
        "y": 2669,
        "w": 260,
        "h": 332
    },
    "87.png": {
        "x": 260,
        "y": 2669,
        "w": 247,
        "h": 332
    },
    "28.png": {
        "x": 507,
        "y": 2669,
        "w": 276,
        "h": 332
    },
    "29.png": {
        "x": 783,
        "y": 2668,
        "w": 276,
        "h": 332
    },
    "116.png": {
        "x": 1059,
        "y": 2668,
        "w": 278,
        "h": 332
    },
    "30.png": {
        "x": 1337,
        "y": 2668,
        "w": 276,
        "h": 332
    },
    "31.png": {
        "x": 1613,
        "y": 2668,
        "w": 276,
        "h": 332
    },
    "15.png": {
        "x": 1889,
        "y": 2668,
        "w": 289,
        "h": 332
    },
    "166.png": {
        "x": 2178,
        "y": 2668,
        "w": 270,
        "h": 332
    },
    "34.png": {
        "x": 2448,
        "y": 2668,
        "w": 282,
        "h": 332
    },
    "35.png": {
        "x": 2650,
        "y": 332,
        "w": 293,
        "h": 332
    },
    "36.png": {
        "x": 2881,
        "y": 0,
        "w": 293,
        "h": 332
    },
    "37.png": {
        "x": 2733,
        "y": 1333,
        "w": 293,
        "h": 332
    },
    "38.png": {
        "x": 2806,
        "y": 1999,
        "w": 293,
        "h": 332
    },
    "4.png": {
        "x": 2869,
        "y": 1665,
        "w": 278,
        "h": 332
    },
    "115.png": {
        "x": 2730,
        "y": 2666,
        "w": 279,
        "h": 332
    },
    "113.png": {
        "x": 2847,
        "y": 2331,
        "w": 278,
        "h": 332
    },
    "112.png": {
        "x": 2779,
        "y": 996,
        "w": 272,
        "h": 332
    },
    "5.png": {
        "x": 2866,
        "y": 664,
        "w": 278,
        "h": 332
    },
    "95.png": {
        "x": 0,
        "y": 3001,
        "w": 249,
        "h": 332
    },
    "96.png": {
        "x": 249,
        "y": 3001,
        "w": 249,
        "h": 332
    },
    "8.png": {
        "x": 498,
        "y": 3001,
        "w": 282,
        "h": 332
    },
    "53.png": {
        "x": 780,
        "y": 3001,
        "w": 269,
        "h": 332
    },
    "97.png": {
        "x": 1049,
        "y": 3000,
        "w": 249,
        "h": 332
    },
    "103.png": {
        "x": 1298,
        "y": 3000,
        "w": 258,
        "h": 332
    },
    "167.png": {
        "x": 1556,
        "y": 3000,
        "w": 270,
        "h": 332
    },
    "86.png": {
        "x": 1826,
        "y": 3000,
        "w": 247,
        "h": 332
    },
    "85.png": {
        "x": 2073,
        "y": 3000,
        "w": 247,
        "h": 332
    },
    "6.png": {
        "x": 2320,
        "y": 3000,
        "w": 278,
        "h": 332
    },
    "61.png": {
        "x": 2598,
        "y": 3000,
        "w": 270,
        "h": 332
    },
    "7.png": {
        "x": 2868,
        "y": 2998,
        "w": 280,
        "h": 332
    },
    "68.png": {
        "x": 2943,
        "y": 332,
        "w": 270,
        "h": 332
    },
    "132.png": {
        "x": 3174,
        "y": 0,
        "w": 264,
        "h": 331
    },
    "164.png": {
        "x": 3099,
        "y": 1997,
        "w": 268,
        "h": 331
    },
    "165.png": {
        "x": 3009,
        "y": 2663,
        "w": 268,
        "h": 331
    },
    "10.png": {
        "x": 3125,
        "y": 2328,
        "w": 274,
        "h": 331
    },
    "12.png": {
        "x": 3026,
        "y": 1328,
        "w": 274,
        "h": 331
    },
    "104.png": {
        "x": 3051,
        "y": 996,
        "w": 258,
        "h": 331
    },
    "0.png": {
        "x": 3144,
        "y": 664,
        "w": 268,
        "h": 331
    },
    "106.png": {
        "x": 3147,
        "y": 1659,
        "w": 267,
        "h": 331
    },
    "114.png": {
        "x": 3148,
        "y": 2994,
        "w": 286,
        "h": 331
    },
    "107.png": {
        "x": 0,
        "y": 3333,
        "w": 266,
        "h": 331
    },
    "14.png": {
        "x": 266,
        "y": 3333,
        "w": 275,
        "h": 331
    },
    "39.png": {
        "x": 541,
        "y": 3333,
        "w": 269,
        "h": 331
    },
    "108.png": {
        "x": 810,
        "y": 3333,
        "w": 284,
        "h": 331
    },
    "40.png": {
        "x": 1094,
        "y": 3332,
        "w": 269,
        "h": 331
    },
    "41.png": {
        "x": 1363,
        "y": 3332,
        "w": 269,
        "h": 331
    },
    "42.png": {
        "x": 1632,
        "y": 3332,
        "w": 269,
        "h": 331
    },
    "43.png": {
        "x": 1901,
        "y": 3332,
        "w": 269,
        "h": 331
    },
    "44.png": {
        "x": 2170,
        "y": 3332,
        "w": 269,
        "h": 331
    },
    "45.png": {
        "x": 2439,
        "y": 3332,
        "w": 255,
        "h": 331
    },
    "46.png": {
        "x": 2694,
        "y": 3332,
        "w": 257,
        "h": 331
    },
    "109.png": {
        "x": 2951,
        "y": 3330,
        "w": 274,
        "h": 331
    },
    "11.png": {
        "x": 3300,
        "y": 1327,
        "w": 274,
        "h": 331
    },
    "128.png": {
        "x": 3309,
        "y": 995,
        "w": 272,
        "h": 331
    },
    "177.png": {
        "x": 3213,
        "y": 331,
        "w": 282,
        "h": 331
    },
    "129.png": {
        "x": 3438,
        "y": 0,
        "w": 272,
        "h": 331
    },
    "1.png": {
        "x": 3412,
        "y": 662,
        "w": 269,
        "h": 331
    },
    "13.png": {
        "x": 3277,
        "y": 2659,
        "w": 274,
        "h": 331
    },
    "2.png": {
        "x": 3367,
        "y": 1990,
        "w": 269,
        "h": 331
    },
    "130.png": {
        "x": 3414,
        "y": 1658,
        "w": 272,
        "h": 331
    },
    "21.png": {
        "x": 3399,
        "y": 2321,
        "w": 273,
        "h": 331
    },
    "22.png": {
        "x": 3225,
        "y": 3325,
        "w": 273,
        "h": 331
    },
    "23.png": {
        "x": 3434,
        "y": 2990,
        "w": 273,
        "h": 331
    },
    "24.png": {
        "x": 0,
        "y": 3664,
        "w": 273,
        "h": 331
    },
    "59.png": {
        "x": 273,
        "y": 3664,
        "w": 265,
        "h": 331
    },
    "25.png": {
        "x": 538,
        "y": 3664,
        "w": 273,
        "h": 331
    },
    "60.png": {
        "x": 811,
        "y": 3664,
        "w": 265,
        "h": 331
    },
    "26.png": {
        "x": 1076,
        "y": 3664,
        "w": 273,
        "h": 331
    },
    "77.png": {
        "x": 1349,
        "y": 3663,
        "w": 269,
        "h": 331
    },
    "76.png": {
        "x": 1618,
        "y": 3663,
        "w": 269,
        "h": 331
    },
    "75.png": {
        "x": 1887,
        "y": 3663,
        "w": 268,
        "h": 331
    },
    "27.png": {
        "x": 2155,
        "y": 3663,
        "w": 275,
        "h": 331
    },
    "131.png": {
        "x": 2430,
        "y": 3663,
        "w": 272,
        "h": 331
    },
    "123.png": {
        "x": 1448,
        "y": 666,
        "w": 254,
        "h": 330
    },
    "168.png": {
        "x": 2702,
        "y": 3663,
        "w": 281,
        "h": 330
    },
    "105.png": {
        "x": 2983,
        "y": 3661,
        "w": 253,
        "h": 330
    },
    "110.png": {
        "x": 3236,
        "y": 3656,
        "w": 269,
        "h": 330
    },
    "111.png": {
        "x": 3495,
        "y": 331,
        "w": 267,
        "h": 330
    },
    "119.png": {
        "x": 3710,
        "y": 0,
        "w": 259,
        "h": 330
    },
    "120.png": {
        "x": 3574,
        "y": 1326,
        "w": 253,
        "h": 330
    },
    "121.png": {
        "x": 3636,
        "y": 1989,
        "w": 253,
        "h": 330
    },
    "122.png": {
        "x": 3581,
        "y": 993,
        "w": 257,
        "h": 330
    },
    "169.png": {
        "x": 701,
        "y": 1331,
        "w": 330,
        "h": 328
    },
    "9.png": {
        "x": 3681,
        "y": 661,
        "w": 274,
        "h": 330
    },
    "178.png": {
        "x": 3498,
        "y": 3321,
        "w": 305,
        "h": 330
    },
    "55.png": {
        "x": 3686,
        "y": 1656,
        "w": 252,
        "h": 329
    },
    "51.png": {
        "x": 3551,
        "y": 2652,
        "w": 253,
        "h": 329
    },
    "3.png": {
        "x": 3672,
        "y": 2319,
        "w": 275,
        "h": 329
    },
    "138.png": {
        "x": 3707,
        "y": 2981,
        "w": 267,
        "h": 329
    },
    "98.png": {
        "x": 3505,
        "y": 3651,
        "w": 246,
        "h": 329
    },
    "176.png": {
        "x": 3762,
        "y": 330,
        "w": 273,
        "h": 329
    },
    "149.png": {
        "x": 1702,
        "y": 668,
        "w": 277,
        "h": 328
    },
    "175.png": {
        "x": 3969,
        "y": 0,
        "w": 273,
        "h": 328
    },
    "140.png": {
        "x": 3974,
        "y": 659,
        "w": 281,
        "h": 328
    },
    "99.png": {
        "x": 3827,
        "y": 1323,
        "w": 255,
        "h": 328
    },
    "66.png": {
        "x": 3838,
        "y": 991,
        "w": 263,
        "h": 326
    },
    "67.png": {
        "x": 3804,
        "y": 2648,
        "w": 263,
        "h": 326
    },
    "62.png": {
        "x": 3889,
        "y": 1985,
        "w": 262,
        "h": 326
    },
    "65.png": {
        "x": 3938,
        "y": 1651,
        "w": 266,
        "h": 320
    },
    "56.png": {
        "x": 3947,
        "y": 2311,
        "w": 263,
        "h": 316
    },
    "69.png": {
        "x": 3974,
        "y": 2974,
        "w": 262,
        "h": 313
    },
    "52.png": {
        "x": 3974,
        "y": 3287,
        "w": 271,
        "h": 313
    },
    "70.png": {
        "x": 3751,
        "y": 3651,
        "w": 265,
        "h": 310
    },
    "71.png": {
        "x": 0,
        "y": 3995,
        "w": 268,
        "h": 303
    },
    "74.png": {
        "x": 268,
        "y": 3995,
        "w": 271,
        "h": 298
    },
    "73.png": {
        "x": 539,
        "y": 3995,
        "w": 271,
        "h": 298
    },
    "63.png": {
        "x": 810,
        "y": 3995,
        "w": 267,
        "h": 298
    },
    "72.png": {
        "x": 1077,
        "y": 3995,
        "w": 271,
        "h": 298
    },
    "64.png": {
        "x": 1348,
        "y": 3995,
        "w": 267,
        "h": 292
    }
}