{
    "178.png": {
        "x": 0,
        "y": 0,
        "w": 501,
        "h": 1
    },
    "50.png": {
        "x": 0,
        "y": 1,
        "w": 501,
        "h": 1
    },
    "16.png": {
        "x": 0,
        "y": 2,
        "w": 501,
        "h": 1
    },
    "80.png": {
        "x": 0,
        "y": 3,
        "w": 501,
        "h": 1
    },
    "8.png": {
        "x": 0,
        "y": 4,
        "w": 501,
        "h": 1
    },
    "79.png": {
        "x": 0,
        "y": 5,
        "w": 501,
        "h": 1
    },
    "78.png": {
        "x": 0,
        "y": 6,
        "w": 501,
        "h": 1
    },
    "74.png": {
        "x": 0,
        "y": 7,
        "w": 501,
        "h": 1
    },
    "108.png": {
        "x": 0,
        "y": 8,
        "w": 501,
        "h": 1
    },
    "73.png": {
        "x": 0,
        "y": 9,
        "w": 501,
        "h": 1
    },
    "72.png": {
        "x": 0,
        "y": 10,
        "w": 501,
        "h": 1
    },
    "71.png": {
        "x": 0,
        "y": 11,
        "w": 501,
        "h": 1
    },
    "37.png": {
        "x": 0,
        "y": 12,
        "w": 501,
        "h": 1
    },
    "171.png": {
        "x": 0,
        "y": 13,
        "w": 501,
        "h": 1
    },
    "60.png": {
        "x": 0,
        "y": 14,
        "w": 501,
        "h": 1
    },
    "15.png": {
        "x": 0,
        "y": 15,
        "w": 501,
        "h": 1
    },
    "177.png": {
        "x": 0,
        "y": 16,
        "w": 501,
        "h": 1
    },
    "116.png": {
        "x": 0,
        "y": 17,
        "w": 501,
        "h": 1
    },
    "59.png": {
        "x": 0,
        "y": 18,
        "w": 501,
        "h": 1
    },
    "36.png": {
        "x": 0,
        "y": 19,
        "w": 501,
        "h": 1
    },
    "58.png": {
        "x": 0,
        "y": 20,
        "w": 501,
        "h": 1
    },
    "57.png": {
        "x": 0,
        "y": 21,
        "w": 501,
        "h": 1
    },
    "56.png": {
        "x": 0,
        "y": 22,
        "w": 501,
        "h": 1
    },
    "55.png": {
        "x": 0,
        "y": 23,
        "w": 501,
        "h": 1
    },
    "122.png": {
        "x": 0,
        "y": 24,
        "w": 501,
        "h": 1
    },
    "54.png": {
        "x": 0,
        "y": 25,
        "w": 501,
        "h": 1
    },
    "32.png": {
        "x": 0,
        "y": 26,
        "w": 501,
        "h": 1
    },
    "33.png": {
        "x": 0,
        "y": 27,
        "w": 501,
        "h": 1
    },
    "14.png": {
        "x": 0,
        "y": 28,
        "w": 501,
        "h": 1
    },
    "34.png": {
        "x": 0,
        "y": 29,
        "w": 501,
        "h": 1
    },
    "53.png": {
        "x": 0,
        "y": 30,
        "w": 501,
        "h": 1
    },
    "52.png": {
        "x": 0,
        "y": 31,
        "w": 501,
        "h": 1
    },
    "51.png": {
        "x": 0,
        "y": 32,
        "w": 501,
        "h": 1
    },
    "35.png": {
        "x": 0,
        "y": 33,
        "w": 501,
        "h": 1
    },
    "49.png": {
        "x": 0,
        "y": 34,
        "w": 501,
        "h": 1
    },
    "38.png": {
        "x": 0,
        "y": 35,
        "w": 501,
        "h": 1
    },
    "159.png": {
        "x": 0,
        "y": 36,
        "w": 452,
        "h": 314
    },
    "17.png": {
        "x": 0,
        "y": 350,
        "w": 433,
        "h": 269
    },
    "18.png": {
        "x": 501,
        "y": 0,
        "w": 407,
        "h": 231
    },
    "19.png": {
        "x": 433,
        "y": 350,
        "w": 399,
        "h": 230
    },
    "127.png": {
        "x": 0,
        "y": 619,
        "w": 393,
        "h": 344
    },
    "126.png": {
        "x": 393,
        "y": 619,
        "w": 393,
        "h": 344
    },
    "20.png": {
        "x": 908,
        "y": 0,
        "w": 383,
        "h": 230
    },
    "125.png": {
        "x": 908,
        "y": 230,
        "w": 383,
        "h": 344
    },
    "124.png": {
        "x": 786,
        "y": 580,
        "w": 382,
        "h": 346
    },
    "150.png": {
        "x": 0,
        "y": 963,
        "w": 365,
        "h": 247
    },
    "47.png": {
        "x": 0,
        "y": 1210,
        "w": 218,
        "h": 364
    },
    "114.png": {
        "x": 218,
        "y": 1210,
        "w": 358,
        "h": 313
    },
    "170.png": {
        "x": 786,
        "y": 926,
        "w": 356,
        "h": 275
    },
    "48.png": {
        "x": 576,
        "y": 1201,
        "w": 221,
        "h": 353
    },
    "115.png": {
        "x": 797,
        "y": 1201,
        "w": 350,
        "h": 323
    },
    "4.png": {
        "x": 1291,
        "y": 0,
        "w": 346,
        "h": 325
    },
    "172.png": {
        "x": 1291,
        "y": 325,
        "w": 261,
        "h": 344
    },
    "81.png": {
        "x": 1168,
        "y": 669,
        "w": 343,
        "h": 324
    },
    "82.png": {
        "x": 1147,
        "y": 993,
        "w": 343,
        "h": 301
    },
    "83.png": {
        "x": 0,
        "y": 1574,
        "w": 343,
        "h": 301
    },
    "173.png": {
        "x": 797,
        "y": 1524,
        "w": 264,
        "h": 342
    },
    "174.png": {
        "x": 1061,
        "y": 1524,
        "w": 265,
        "h": 342
    },
    "69.png": {
        "x": 343,
        "y": 1523,
        "w": 231,
        "h": 341
    },
    "152.png": {
        "x": 1637,
        "y": 0,
        "w": 330,
        "h": 336
    },
    "151.png": {
        "x": 1552,
        "y": 336,
        "w": 329,
        "h": 336
    },
    "153.png": {
        "x": 1511,
        "y": 672,
        "w": 330,
        "h": 335
    },
    "166.png": {
        "x": 1326,
        "y": 1294,
        "w": 213,
        "h": 332
    },
    "157.png": {
        "x": 1539,
        "y": 1007,
        "w": 328,
        "h": 299
    },
    "70.png": {
        "x": 1539,
        "y": 1306,
        "w": 211,
        "h": 327
    },
    "158.png": {
        "x": 0,
        "y": 1875,
        "w": 324,
        "h": 299
    },
    "147.png": {
        "x": 1326,
        "y": 1626,
        "w": 205,
        "h": 324
    },
    "118.png": {
        "x": 1531,
        "y": 1633,
        "w": 248,
        "h": 324
    },
    "148.png": {
        "x": 1750,
        "y": 1306,
        "w": 211,
        "h": 322
    },
    "75.png": {
        "x": 574,
        "y": 1554,
        "w": 206,
        "h": 320
    },
    "0.png": {
        "x": 1967,
        "y": 0,
        "w": 206,
        "h": 320
    },
    "1.png": {
        "x": 1967,
        "y": 320,
        "w": 205,
        "h": 317
    },
    "76.png": {
        "x": 1961,
        "y": 637,
        "w": 205,
        "h": 317
    },
    "5.png": {
        "x": 1867,
        "y": 954,
        "w": 243,
        "h": 313
    },
    "117.png": {
        "x": 1779,
        "y": 1628,
        "w": 247,
        "h": 312
    },
    "155.png": {
        "x": 324,
        "y": 1875,
        "w": 312,
        "h": 289
    },
    "154.png": {
        "x": 636,
        "y": 1874,
        "w": 311,
        "h": 287
    },
    "156.png": {
        "x": 947,
        "y": 1866,
        "w": 311,
        "h": 290
    },
    "113.png": {
        "x": 2173,
        "y": 0,
        "w": 214,
        "h": 310
    },
    "139.png": {
        "x": 2110,
        "y": 954,
        "w": 224,
        "h": 305
    },
    "141.png": {
        "x": 2110,
        "y": 1259,
        "w": 224,
        "h": 305
    },
    "77.png": {
        "x": 2173,
        "y": 310,
        "w": 212,
        "h": 295
    },
    "2.png": {
        "x": 2172,
        "y": 605,
        "w": 212,
        "h": 295
    },
    "149.png": {
        "x": 2026,
        "y": 1564,
        "w": 237,
        "h": 294
    },
    "7.png": {
        "x": 2026,
        "y": 1858,
        "w": 293,
        "h": 278
    },
    "84.png": {
        "x": 0,
        "y": 2174,
        "w": 196,
        "h": 292
    },
    "6.png": {
        "x": 196,
        "y": 2174,
        "w": 243,
        "h": 290
    },
    "23.png": {
        "x": 1258,
        "y": 1950,
        "w": 267,
        "h": 288
    },
    "24.png": {
        "x": 439,
        "y": 2164,
        "w": 267,
        "h": 288
    },
    "25.png": {
        "x": 706,
        "y": 2161,
        "w": 267,
        "h": 288
    },
    "26.png": {
        "x": 973,
        "y": 2156,
        "w": 267,
        "h": 288
    },
    "140.png": {
        "x": 1779,
        "y": 1940,
        "w": 246,
        "h": 287
    },
    "22.png": {
        "x": 2025,
        "y": 2136,
        "w": 269,
        "h": 287
    },
    "21.png": {
        "x": 2387,
        "y": 0,
        "w": 270,
        "h": 286
    },
    "138.png": {
        "x": 2263,
        "y": 1564,
        "w": 187,
        "h": 285
    },
    "3.png": {
        "x": 2334,
        "y": 900,
        "w": 282,
        "h": 278
    },
    "160.png": {
        "x": 2334,
        "y": 1178,
        "w": 281,
        "h": 257
    },
    "109.png": {
        "x": 2384,
        "y": 605,
        "w": 223,
        "h": 281
    },
    "42.png": {
        "x": 2385,
        "y": 310,
        "w": 211,
        "h": 280
    },
    "43.png": {
        "x": 1525,
        "y": 1957,
        "w": 211,
        "h": 279
    },
    "41.png": {
        "x": 2294,
        "y": 2136,
        "w": 211,
        "h": 279
    },
    "169.png": {
        "x": 365,
        "y": 963,
        "w": 278,
        "h": 237
    },
    "46.png": {
        "x": 2450,
        "y": 1435,
        "w": 203,
        "h": 278
    },
    "44.png": {
        "x": 2319,
        "y": 1849,
        "w": 211,
        "h": 278
    },
    "61.png": {
        "x": 0,
        "y": 2466,
        "w": 210,
        "h": 278
    },
    "68.png": {
        "x": 210,
        "y": 2464,
        "w": 208,
        "h": 278
    },
    "40.png": {
        "x": 418,
        "y": 2464,
        "w": 211,
        "h": 278
    },
    "90.png": {
        "x": 629,
        "y": 2452,
        "w": 211,
        "h": 277
    },
    "89.png": {
        "x": 840,
        "y": 2449,
        "w": 210,
        "h": 277
    },
    "39.png": {
        "x": 1050,
        "y": 2444,
        "w": 211,
        "h": 277
    },
    "91.png": {
        "x": 1261,
        "y": 2423,
        "w": 211,
        "h": 277
    },
    "92.png": {
        "x": 1472,
        "y": 2423,
        "w": 211,
        "h": 277
    },
    "93.png": {
        "x": 1683,
        "y": 2423,
        "w": 211,
        "h": 277
    },
    "85.png": {
        "x": 1894,
        "y": 2423,
        "w": 209,
        "h": 276
    },
    "88.png": {
        "x": 2103,
        "y": 2423,
        "w": 208,
        "h": 276
    },
    "161.png": {
        "x": 2311,
        "y": 2415,
        "w": 276,
        "h": 258
    },
    "87.png": {
        "x": 2657,
        "y": 0,
        "w": 208,
        "h": 276
    },
    "86.png": {
        "x": 2657,
        "y": 276,
        "w": 208,
        "h": 276
    },
    "105.png": {
        "x": 2505,
        "y": 2127,
        "w": 224,
        "h": 276
    },
    "100.png": {
        "x": 2616,
        "y": 552,
        "w": 216,
        "h": 275
    },
    "145.png": {
        "x": 2653,
        "y": 827,
        "w": 212,
        "h": 275
    },
    "162.png": {
        "x": 2587,
        "y": 2403,
        "w": 275,
        "h": 259
    },
    "101.png": {
        "x": 2616,
        "y": 1102,
        "w": 217,
        "h": 275
    },
    "102.png": {
        "x": 2530,
        "y": 1713,
        "w": 221,
        "h": 275
    },
    "146.png": {
        "x": 2653,
        "y": 1377,
        "w": 212,
        "h": 275
    },
    "104.png": {
        "x": 0,
        "y": 2744,
        "w": 226,
        "h": 275
    },
    "163.png": {
        "x": 2587,
        "y": 2662,
        "w": 275,
        "h": 260
    },
    "103.png": {
        "x": 226,
        "y": 2742,
        "w": 224,
        "h": 274
    },
    "143.png": {
        "x": 450,
        "y": 2742,
        "w": 212,
        "h": 274
    },
    "144.png": {
        "x": 662,
        "y": 2729,
        "w": 212,
        "h": 274
    },
    "142.png": {
        "x": 874,
        "y": 2726,
        "w": 212,
        "h": 274
    },
    "94.png": {
        "x": 1086,
        "y": 2721,
        "w": 212,
        "h": 274
    },
    "95.png": {
        "x": 1298,
        "y": 2700,
        "w": 212,
        "h": 274
    },
    "45.png": {
        "x": 1510,
        "y": 2700,
        "w": 193,
        "h": 274
    },
    "98.png": {
        "x": 1703,
        "y": 2700,
        "w": 220,
        "h": 274
    },
    "97.png": {
        "x": 1923,
        "y": 2699,
        "w": 212,
        "h": 274
    },
    "99.png": {
        "x": 2135,
        "y": 2699,
        "w": 218,
        "h": 273
    },
    "167.png": {
        "x": 2353,
        "y": 2673,
        "w": 206,
        "h": 273
    },
    "96.png": {
        "x": 2865,
        "y": 0,
        "w": 212,
        "h": 273
    },
    "129.png": {
        "x": 2832,
        "y": 552,
        "w": 213,
        "h": 273
    },
    "128.png": {
        "x": 2862,
        "y": 1652,
        "w": 213,
        "h": 273
    },
    "131.png": {
        "x": 2865,
        "y": 273,
        "w": 212,
        "h": 273
    },
    "130.png": {
        "x": 2833,
        "y": 1102,
        "w": 213,
        "h": 273
    },
    "132.png": {
        "x": 2865,
        "y": 825,
        "w": 207,
        "h": 272
    },
    "164.png": {
        "x": 2865,
        "y": 1375,
        "w": 205,
        "h": 272
    },
    "137.png": {
        "x": 2862,
        "y": 1925,
        "w": 201,
        "h": 272
    },
    "136.png": {
        "x": 2862,
        "y": 2197,
        "w": 201,
        "h": 272
    },
    "135.png": {
        "x": 2862,
        "y": 2469,
        "w": 201,
        "h": 272
    },
    "134.png": {
        "x": 2862,
        "y": 2741,
        "w": 201,
        "h": 272
    },
    "165.png": {
        "x": 0,
        "y": 3019,
        "w": 207,
        "h": 271
    },
    "133.png": {
        "x": 207,
        "y": 3019,
        "w": 200,
        "h": 271
    },
    "27.png": {
        "x": 407,
        "y": 3016,
        "w": 262,
        "h": 269
    },
    "106.png": {
        "x": 669,
        "y": 3013,
        "w": 269,
        "h": 265
    },
    "168.png": {
        "x": 938,
        "y": 3013,
        "w": 223,
        "h": 262
    },
    "176.png": {
        "x": 1161,
        "y": 3013,
        "w": 260,
        "h": 262
    },
    "175.png": {
        "x": 1421,
        "y": 3013,
        "w": 259,
        "h": 261
    },
    "107.png": {
        "x": 1680,
        "y": 3013,
        "w": 257,
        "h": 259
    },
    "62.png": {
        "x": 1937,
        "y": 3013,
        "w": 212,
        "h": 257
    },
    "111.png": {
        "x": 2149,
        "y": 3013,
        "w": 208,
        "h": 255
    },
    "28.png": {
        "x": 2357,
        "y": 3013,
        "w": 215,
        "h": 255
    },
    "29.png": {
        "x": 2572,
        "y": 3013,
        "w": 218,
        "h": 255
    },
    "31.png": {
        "x": 2790,
        "y": 3013,
        "w": 219,
        "h": 255
    },
    "110.png": {
        "x": 3077,
        "y": 0,
        "w": 206,
        "h": 255
    },
    "30.png": {
        "x": 3063,
        "y": 1925,
        "w": 219,
        "h": 255
    },
    "63.png": {
        "x": 3077,
        "y": 255,
        "w": 205,
        "h": 254
    },
    "112.png": {
        "x": 3046,
        "y": 1097,
        "w": 237,
        "h": 253
    },
    "64.png": {
        "x": 3077,
        "y": 509,
        "w": 206,
        "h": 250
    },
    "10.png": {
        "x": 3063,
        "y": 2180,
        "w": 220,
        "h": 245
    },
    "11.png": {
        "x": 3063,
        "y": 2425,
        "w": 220,
        "h": 245
    },
    "65.png": {
        "x": 3075,
        "y": 1350,
        "w": 206,
        "h": 245
    },
    "12.png": {
        "x": 3063,
        "y": 2670,
        "w": 220,
        "h": 245
    },
    "13.png": {
        "x": 3063,
        "y": 2915,
        "w": 220,
        "h": 245
    },
    "67.png": {
        "x": 3075,
        "y": 1595,
        "w": 205,
        "h": 245
    },
    "66.png": {
        "x": 3072,
        "y": 759,
        "w": 205,
        "h": 245
    },
    "9.png": {
        "x": 3283,
        "y": 0,
        "w": 228,
        "h": 244
    },
    "121.png": {
        "x": 3282,
        "y": 255,
        "w": 182,
        "h": 241
    },
    "120.png": {
        "x": 3283,
        "y": 496,
        "w": 184,
        "h": 240
    },
    "119.png": {
        "x": 3283,
        "y": 736,
        "w": 206,
        "h": 230
    },
    "123.png": {
        "x": 3283,
        "y": 966,
        "w": 209,
        "h": 227
    }
}