{
    "122.png": {
        "x": 0,
        "y": 0,
        "w": 501,
        "h": 1
    },
    "71.png": {
        "x": 0,
        "y": 1,
        "w": 501,
        "h": 1
    },
    "56.png": {
        "x": 0,
        "y": 2,
        "w": 501,
        "h": 1
    },
    "55.png": {
        "x": 0,
        "y": 3,
        "w": 501,
        "h": 1
    },
    "54.png": {
        "x": 0,
        "y": 4,
        "w": 501,
        "h": 1
    },
    "53.png": {
        "x": 0,
        "y": 5,
        "w": 501,
        "h": 1
    },
    "108.png": {
        "x": 0,
        "y": 6,
        "w": 501,
        "h": 1
    },
    "52.png": {
        "x": 0,
        "y": 7,
        "w": 501,
        "h": 1
    },
    "51.png": {
        "x": 0,
        "y": 8,
        "w": 501,
        "h": 1
    },
    "50.png": {
        "x": 0,
        "y": 9,
        "w": 501,
        "h": 1
    },
    "49.png": {
        "x": 0,
        "y": 10,
        "w": 501,
        "h": 1
    },
    "158.png": {
        "x": 0,
        "y": 11,
        "w": 501,
        "h": 1
    },
    "72.png": {
        "x": 0,
        "y": 12,
        "w": 501,
        "h": 1
    },
    "116.png": {
        "x": 0,
        "y": 13,
        "w": 501,
        "h": 1
    },
    "171.png": {
        "x": 0,
        "y": 14,
        "w": 501,
        "h": 1
    },
    "60.png": {
        "x": 0,
        "y": 15,
        "w": 501,
        "h": 1
    },
    "32.png": {
        "x": 0,
        "y": 16,
        "w": 501,
        "h": 1
    },
    "4.png": {
        "x": 0,
        "y": 17,
        "w": 501,
        "h": 1
    },
    "38.png": {
        "x": 0,
        "y": 18,
        "w": 501,
        "h": 1
    },
    "37.png": {
        "x": 0,
        "y": 19,
        "w": 501,
        "h": 1
    },
    "57.png": {
        "x": 0,
        "y": 20,
        "w": 501,
        "h": 1
    },
    "36.png": {
        "x": 0,
        "y": 21,
        "w": 501,
        "h": 1
    },
    "177.png": {
        "x": 0,
        "y": 22,
        "w": 501,
        "h": 1
    },
    "74.png": {
        "x": 0,
        "y": 23,
        "w": 501,
        "h": 1
    },
    "15.png": {
        "x": 0,
        "y": 24,
        "w": 501,
        "h": 1
    },
    "79.png": {
        "x": 0,
        "y": 25,
        "w": 501,
        "h": 1
    },
    "35.png": {
        "x": 0,
        "y": 26,
        "w": 501,
        "h": 1
    },
    "33.png": {
        "x": 0,
        "y": 27,
        "w": 501,
        "h": 1
    },
    "58.png": {
        "x": 0,
        "y": 28,
        "w": 501,
        "h": 1
    },
    "78.png": {
        "x": 0,
        "y": 29,
        "w": 501,
        "h": 1
    },
    "73.png": {
        "x": 0,
        "y": 30,
        "w": 501,
        "h": 1
    },
    "80.png": {
        "x": 0,
        "y": 31,
        "w": 501,
        "h": 1
    },
    "8.png": {
        "x": 0,
        "y": 32,
        "w": 501,
        "h": 1
    },
    "34.png": {
        "x": 0,
        "y": 33,
        "w": 501,
        "h": 1
    },
    "59.png": {
        "x": 0,
        "y": 34,
        "w": 501,
        "h": 1
    },
    "14.png": {
        "x": 0,
        "y": 35,
        "w": 501,
        "h": 1
    },
    "159.png": {
        "x": 0,
        "y": 36,
        "w": 390,
        "h": 306
    },
    "150.png": {
        "x": 0,
        "y": 342,
        "w": 362,
        "h": 246
    },
    "47.png": {
        "x": 501,
        "y": 0,
        "w": 218,
        "h": 362
    },
    "17.png": {
        "x": 0,
        "y": 588,
        "w": 361,
        "h": 231
    },
    "170.png": {
        "x": 719,
        "y": 0,
        "w": 358,
        "h": 271
    },
    "18.png": {
        "x": 719,
        "y": 271,
        "w": 354,
        "h": 225
    },
    "20.png": {
        "x": 362,
        "y": 362,
        "w": 352,
        "h": 225
    },
    "19.png": {
        "x": 361,
        "y": 588,
        "w": 352,
        "h": 225
    },
    "127.png": {
        "x": 0,
        "y": 819,
        "w": 328,
        "h": 351
    },
    "126.png": {
        "x": 328,
        "y": 819,
        "w": 328,
        "h": 351
    },
    "125.png": {
        "x": 656,
        "y": 813,
        "w": 328,
        "h": 351
    },
    "48.png": {
        "x": 1077,
        "y": 0,
        "w": 217,
        "h": 349
    },
    "124.png": {
        "x": 0,
        "y": 1170,
        "w": 328,
        "h": 349
    },
    "83.png": {
        "x": 714,
        "y": 496,
        "w": 340,
        "h": 300
    },
    "81.png": {
        "x": 328,
        "y": 1170,
        "w": 340,
        "h": 300
    },
    "82.png": {
        "x": 668,
        "y": 1164,
        "w": 340,
        "h": 300
    },
    "16.png": {
        "x": 1294,
        "y": 0,
        "w": 338,
        "h": 271
    },
    "151.png": {
        "x": 1294,
        "y": 271,
        "w": 327,
        "h": 333
    },
    "152.png": {
        "x": 984,
        "y": 796,
        "w": 328,
        "h": 333
    },
    "153.png": {
        "x": 1008,
        "y": 1129,
        "w": 328,
        "h": 332
    },
    "172.png": {
        "x": 1336,
        "y": 604,
        "w": 258,
        "h": 330
    },
    "157.png": {
        "x": 0,
        "y": 1519,
        "w": 330,
        "h": 303
    },
    "173.png": {
        "x": 330,
        "y": 1470,
        "w": 260,
        "h": 328
    },
    "174.png": {
        "x": 590,
        "y": 1470,
        "w": 261,
        "h": 328
    },
    "178.png": {
        "x": 1336,
        "y": 934,
        "w": 285,
        "h": 320
    },
    "114.png": {
        "x": 851,
        "y": 1464,
        "w": 304,
        "h": 319
    },
    "115.png": {
        "x": 1336,
        "y": 1254,
        "w": 277,
        "h": 313
    },
    "166.png": {
        "x": 1073,
        "y": 349,
        "w": 201,
        "h": 309
    },
    "154.png": {
        "x": 1632,
        "y": 0,
        "w": 306,
        "h": 287
    },
    "155.png": {
        "x": 1621,
        "y": 287,
        "w": 306,
        "h": 289
    },
    "156.png": {
        "x": 1621,
        "y": 576,
        "w": 305,
        "h": 290
    },
    "139.png": {
        "x": 1621,
        "y": 866,
        "w": 224,
        "h": 304
    },
    "141.png": {
        "x": 1621,
        "y": 1170,
        "w": 224,
        "h": 304
    },
    "118.png": {
        "x": 1613,
        "y": 1474,
        "w": 243,
        "h": 301
    },
    "147.png": {
        "x": 0,
        "y": 1822,
        "w": 205,
        "h": 301
    },
    "148.png": {
        "x": 205,
        "y": 1822,
        "w": 211,
        "h": 299
    },
    "117.png": {
        "x": 416,
        "y": 1798,
        "w": 244,
        "h": 296
    },
    "84.png": {
        "x": 660,
        "y": 1798,
        "w": 195,
        "h": 292
    },
    "6.png": {
        "x": 855,
        "y": 1783,
        "w": 260,
        "h": 289
    },
    "5.png": {
        "x": 1115,
        "y": 1783,
        "w": 260,
        "h": 289
    },
    "25.png": {
        "x": 1375,
        "y": 1775,
        "w": 251,
        "h": 288
    },
    "26.png": {
        "x": 1626,
        "y": 1775,
        "w": 251,
        "h": 288
    },
    "23.png": {
        "x": 1938,
        "y": 0,
        "w": 251,
        "h": 288
    },
    "24.png": {
        "x": 1927,
        "y": 288,
        "w": 251,
        "h": 288
    },
    "140.png": {
        "x": 1926,
        "y": 576,
        "w": 246,
        "h": 287
    },
    "22.png": {
        "x": 1926,
        "y": 863,
        "w": 252,
        "h": 287
    },
    "21.png": {
        "x": 1845,
        "y": 1150,
        "w": 254,
        "h": 286
    },
    "7.png": {
        "x": 1877,
        "y": 1436,
        "w": 286,
        "h": 280
    },
    "138.png": {
        "x": 1877,
        "y": 1716,
        "w": 187,
        "h": 284
    },
    "42.png": {
        "x": 0,
        "y": 2123,
        "w": 211,
        "h": 280
    },
    "109.png": {
        "x": 211,
        "y": 2121,
        "w": 220,
        "h": 280
    },
    "160.png": {
        "x": 1877,
        "y": 2000,
        "w": 279,
        "h": 254
    },
    "43.png": {
        "x": 431,
        "y": 2094,
        "w": 211,
        "h": 279
    },
    "41.png": {
        "x": 642,
        "y": 2094,
        "w": 211,
        "h": 279
    },
    "69.png": {
        "x": 853,
        "y": 2090,
        "w": 222,
        "h": 278
    },
    "44.png": {
        "x": 1075,
        "y": 2072,
        "w": 211,
        "h": 278
    },
    "40.png": {
        "x": 1286,
        "y": 2072,
        "w": 211,
        "h": 278
    },
    "39.png": {
        "x": 1497,
        "y": 2063,
        "w": 211,
        "h": 277
    },
    "61.png": {
        "x": 2189,
        "y": 0,
        "w": 210,
        "h": 276
    },
    "90.png": {
        "x": 2189,
        "y": 276,
        "w": 210,
        "h": 276
    },
    "89.png": {
        "x": 2064,
        "y": 1716,
        "w": 209,
        "h": 276
    },
    "91.png": {
        "x": 2099,
        "y": 1150,
        "w": 210,
        "h": 276
    },
    "92.png": {
        "x": 2172,
        "y": 576,
        "w": 210,
        "h": 276
    },
    "93.png": {
        "x": 2178,
        "y": 852,
        "w": 210,
        "h": 276
    },
    "68.png": {
        "x": 2163,
        "y": 1426,
        "w": 208,
        "h": 276
    },
    "146.png": {
        "x": 2156,
        "y": 1992,
        "w": 212,
        "h": 275
    },
    "88.png": {
        "x": 2399,
        "y": 0,
        "w": 207,
        "h": 275
    },
    "145.png": {
        "x": 2388,
        "y": 552,
        "w": 212,
        "h": 275
    },
    "87.png": {
        "x": 2399,
        "y": 275,
        "w": 207,
        "h": 275
    },
    "105.png": {
        "x": 2371,
        "y": 1128,
        "w": 224,
        "h": 275
    },
    "3.png": {
        "x": 2273,
        "y": 1702,
        "w": 275,
        "h": 275
    },
    "85.png": {
        "x": 2388,
        "y": 827,
        "w": 208,
        "h": 275
    },
    "86.png": {
        "x": 2371,
        "y": 1403,
        "w": 207,
        "h": 275
    },
    "94.png": {
        "x": 2368,
        "y": 1977,
        "w": 212,
        "h": 274
    },
    "169.png": {
        "x": 0,
        "y": 2403,
        "w": 274,
        "h": 236
    },
    "142.png": {
        "x": 1075,
        "y": 2350,
        "w": 212,
        "h": 274
    },
    "143.png": {
        "x": 1287,
        "y": 2350,
        "w": 212,
        "h": 274
    },
    "144.png": {
        "x": 1499,
        "y": 2340,
        "w": 212,
        "h": 274
    },
    "46.png": {
        "x": 2368,
        "y": 2251,
        "w": 203,
        "h": 274
    },
    "45.png": {
        "x": 1711,
        "y": 2267,
        "w": 193,
        "h": 274
    },
    "104.png": {
        "x": 1904,
        "y": 2254,
        "w": 226,
        "h": 274
    },
    "102.png": {
        "x": 2130,
        "y": 2267,
        "w": 221,
        "h": 274
    },
    "101.png": {
        "x": 2606,
        "y": 0,
        "w": 217,
        "h": 274
    },
    "100.png": {
        "x": 2606,
        "y": 274,
        "w": 216,
        "h": 274
    },
    "164.png": {
        "x": 2606,
        "y": 548,
        "w": 198,
        "h": 273
    },
    "167.png": {
        "x": 2600,
        "y": 821,
        "w": 201,
        "h": 273
    },
    "103.png": {
        "x": 2596,
        "y": 1094,
        "w": 224,
        "h": 273
    },
    "95.png": {
        "x": 2595,
        "y": 1367,
        "w": 212,
        "h": 273
    },
    "98.png": {
        "x": 2580,
        "y": 1640,
        "w": 220,
        "h": 273
    },
    "97.png": {
        "x": 2580,
        "y": 1913,
        "w": 212,
        "h": 273
    },
    "161.png": {
        "x": 431,
        "y": 2373,
        "w": 273,
        "h": 255
    },
    "0.png": {
        "x": 2580,
        "y": 2186,
        "w": 212,
        "h": 272
    },
    "130.png": {
        "x": 0,
        "y": 2639,
        "w": 213,
        "h": 272
    },
    "131.png": {
        "x": 213,
        "y": 2639,
        "w": 212,
        "h": 272
    },
    "96.png": {
        "x": 853,
        "y": 2368,
        "w": 212,
        "h": 272
    },
    "75.png": {
        "x": 425,
        "y": 2628,
        "w": 212,
        "h": 272
    },
    "128.png": {
        "x": 637,
        "y": 2628,
        "w": 213,
        "h": 272
    },
    "129.png": {
        "x": 1904,
        "y": 2528,
        "w": 213,
        "h": 272
    },
    "162.png": {
        "x": 850,
        "y": 2640,
        "w": 272,
        "h": 256
    },
    "163.png": {
        "x": 1122,
        "y": 2624,
        "w": 272,
        "h": 257
    },
    "99.png": {
        "x": 1394,
        "y": 2624,
        "w": 218,
        "h": 272
    },
    "137.png": {
        "x": 1612,
        "y": 2614,
        "w": 201,
        "h": 271
    },
    "132.png": {
        "x": 2571,
        "y": 2458,
        "w": 207,
        "h": 271
    },
    "134.png": {
        "x": 2351,
        "y": 2525,
        "w": 201,
        "h": 271
    },
    "135.png": {
        "x": 2117,
        "y": 2541,
        "w": 201,
        "h": 271
    },
    "136.png": {
        "x": 2823,
        "y": 0,
        "w": 201,
        "h": 271
    },
    "165.png": {
        "x": 2801,
        "y": 821,
        "w": 198,
        "h": 271
    },
    "133.png": {
        "x": 2823,
        "y": 271,
        "w": 200,
        "h": 270
    },
    "27.png": {
        "x": 0,
        "y": 2911,
        "w": 261,
        "h": 268
    },
    "76.png": {
        "x": 261,
        "y": 2911,
        "w": 209,
        "h": 267
    },
    "1.png": {
        "x": 2804,
        "y": 548,
        "w": 209,
        "h": 267
    },
    "149.png": {
        "x": 2807,
        "y": 1367,
        "w": 214,
        "h": 264
    },
    "106.png": {
        "x": 1122,
        "y": 2881,
        "w": 264,
        "h": 247
    },
    "2.png": {
        "x": 2807,
        "y": 1631,
        "w": 214,
        "h": 263
    },
    "77.png": {
        "x": 2800,
        "y": 1894,
        "w": 214,
        "h": 263
    },
    "113.png": {
        "x": 2792,
        "y": 2157,
        "w": 218,
        "h": 263
    },
    "168.png": {
        "x": 2792,
        "y": 2420,
        "w": 218,
        "h": 262
    },
    "70.png": {
        "x": 470,
        "y": 2900,
        "w": 213,
        "h": 261
    },
    "107.png": {
        "x": 850,
        "y": 2896,
        "w": 252,
        "h": 258
    },
    "112.png": {
        "x": 1386,
        "y": 2896,
        "w": 207,
        "h": 256
    },
    "62.png": {
        "x": 1593,
        "y": 2896,
        "w": 212,
        "h": 256
    },
    "110.png": {
        "x": 2820,
        "y": 1092,
        "w": 202,
        "h": 256
    },
    "111.png": {
        "x": 1805,
        "y": 2885,
        "w": 203,
        "h": 255
    },
    "31.png": {
        "x": 2778,
        "y": 2682,
        "w": 214,
        "h": 255
    },
    "30.png": {
        "x": 2552,
        "y": 2729,
        "w": 214,
        "h": 255
    },
    "29.png": {
        "x": 2318,
        "y": 2796,
        "w": 213,
        "h": 255
    },
    "28.png": {
        "x": 2008,
        "y": 2812,
        "w": 211,
        "h": 254
    },
    "176.png": {
        "x": 3024,
        "y": 0,
        "w": 254,
        "h": 252
    },
    "63.png": {
        "x": 2999,
        "y": 815,
        "w": 205,
        "h": 253
    },
    "175.png": {
        "x": 3024,
        "y": 252,
        "w": 253,
        "h": 249
    },
    "64.png": {
        "x": 3013,
        "y": 541,
        "w": 206,
        "h": 249
    },
    "9.png": {
        "x": 3022,
        "y": 1068,
        "w": 224,
        "h": 246
    },
    "12.png": {
        "x": 3022,
        "y": 1314,
        "w": 214,
        "h": 245
    },
    "10.png": {
        "x": 3021,
        "y": 1559,
        "w": 214,
        "h": 245
    },
    "13.png": {
        "x": 3021,
        "y": 1804,
        "w": 214,
        "h": 245
    },
    "11.png": {
        "x": 3014,
        "y": 2049,
        "w": 214,
        "h": 245
    },
    "66.png": {
        "x": 3010,
        "y": 2294,
        "w": 205,
        "h": 244
    },
    "67.png": {
        "x": 3010,
        "y": 2538,
        "w": 205,
        "h": 244
    },
    "65.png": {
        "x": 2992,
        "y": 2782,
        "w": 206,
        "h": 244
    },
    "121.png": {
        "x": 1155,
        "y": 1461,
        "w": 181,
        "h": 238
    },
    "120.png": {
        "x": 2766,
        "y": 2937,
        "w": 183,
        "h": 237
    },
    "119.png": {
        "x": 0,
        "y": 3179,
        "w": 206,
        "h": 227
    },
    "123.png": {
        "x": 206,
        "y": 3179,
        "w": 206,
        "h": 226
    }
}