{
    "126.png": {
        "x": 0,
        "y": 0,
        "w": 501,
        "h": 1
    },
    "18.png": {
        "x": 0,
        "y": 1,
        "w": 501,
        "h": 1
    },
    "81.png": {
        "x": 0,
        "y": 2,
        "w": 501,
        "h": 1
    },
    "82.png": {
        "x": 0,
        "y": 3,
        "w": 501,
        "h": 1
    },
    "149.png": {
        "x": 0,
        "y": 4,
        "w": 501,
        "h": 1
    },
    "148.png": {
        "x": 0,
        "y": 5,
        "w": 501,
        "h": 1
    },
    "5.png": {
        "x": 0,
        "y": 6,
        "w": 501,
        "h": 1
    },
    "106.png": {
        "x": 0,
        "y": 7,
        "w": 501,
        "h": 1
    },
    "107.png": {
        "x": 0,
        "y": 8,
        "w": 501,
        "h": 1
    },
    "147.png": {
        "x": 0,
        "y": 9,
        "w": 501,
        "h": 1
    },
    "6.png": {
        "x": 0,
        "y": 10,
        "w": 501,
        "h": 1
    },
    "26.png": {
        "x": 0,
        "y": 11,
        "w": 501,
        "h": 1
    },
    "25.png": {
        "x": 0,
        "y": 12,
        "w": 501,
        "h": 1
    },
    "24.png": {
        "x": 0,
        "y": 13,
        "w": 501,
        "h": 1
    },
    "23.png": {
        "x": 0,
        "y": 14,
        "w": 501,
        "h": 1
    },
    "114.png": {
        "x": 0,
        "y": 15,
        "w": 501,
        "h": 1
    },
    "115.png": {
        "x": 0,
        "y": 16,
        "w": 501,
        "h": 1
    },
    "116.png": {
        "x": 0,
        "y": 17,
        "w": 501,
        "h": 1
    },
    "117.png": {
        "x": 0,
        "y": 18,
        "w": 501,
        "h": 1
    },
    "118.png": {
        "x": 0,
        "y": 19,
        "w": 501,
        "h": 1
    },
    "22.png": {
        "x": 0,
        "y": 20,
        "w": 501,
        "h": 1
    },
    "21.png": {
        "x": 0,
        "y": 21,
        "w": 501,
        "h": 1
    },
    "20.png": {
        "x": 0,
        "y": 22,
        "w": 501,
        "h": 1
    },
    "19.png": {
        "x": 0,
        "y": 23,
        "w": 501,
        "h": 1
    },
    "69.png": {
        "x": 0,
        "y": 24,
        "w": 501,
        "h": 1
    },
    "176.png": {
        "x": 0,
        "y": 25,
        "w": 501,
        "h": 1
    },
    "124.png": {
        "x": 0,
        "y": 26,
        "w": 501,
        "h": 1
    },
    "125.png": {
        "x": 0,
        "y": 27,
        "w": 501,
        "h": 1
    },
    "4.png": {
        "x": 0,
        "y": 28,
        "w": 501,
        "h": 1
    },
    "127.png": {
        "x": 0,
        "y": 29,
        "w": 501,
        "h": 1
    },
    "175.png": {
        "x": 0,
        "y": 30,
        "w": 501,
        "h": 1
    },
    "174.png": {
        "x": 0,
        "y": 31,
        "w": 501,
        "h": 1
    },
    "173.png": {
        "x": 0,
        "y": 32,
        "w": 501,
        "h": 1
    },
    "172.png": {
        "x": 0,
        "y": 33,
        "w": 501,
        "h": 1
    },
    "171.png": {
        "x": 0,
        "y": 34,
        "w": 501,
        "h": 1
    },
    "157.png": {
        "x": 0,
        "y": 35,
        "w": 501,
        "h": 1
    },
    "17.png": {
        "x": 0,
        "y": 36,
        "w": 501,
        "h": 1
    },
    "7.png": {
        "x": 0,
        "y": 37,
        "w": 501,
        "h": 1
    },
    "70.png": {
        "x": 0,
        "y": 38,
        "w": 501,
        "h": 1
    },
    "166.png": {
        "x": 0,
        "y": 39,
        "w": 501,
        "h": 1
    },
    "83.png": {
        "x": 0,
        "y": 40,
        "w": 501,
        "h": 1
    },
    "78.png": {
        "x": 0,
        "y": 41,
        "w": 501,
        "h": 1
    },
    "79.png": {
        "x": 0,
        "y": 42,
        "w": 501,
        "h": 1
    },
    "158.png": {
        "x": 0,
        "y": 43,
        "w": 501,
        "h": 1
    },
    "159.png": {
        "x": 0,
        "y": 44,
        "w": 501,
        "h": 1
    },
    "80.png": {
        "x": 0,
        "y": 45,
        "w": 501,
        "h": 1
    },
    "170.png": {
        "x": 0,
        "y": 46,
        "w": 446,
        "h": 266
    },
    "153.png": {
        "x": 0,
        "y": 312,
        "w": 439,
        "h": 364
    },
    "152.png": {
        "x": 501,
        "y": 0,
        "w": 439,
        "h": 365
    },
    "151.png": {
        "x": 0,
        "y": 676,
        "w": 438,
        "h": 365
    },
    "35.png": {
        "x": 438,
        "y": 676,
        "w": 429,
        "h": 297
    },
    "36.png": {
        "x": 439,
        "y": 365,
        "w": 427,
        "h": 297
    },
    "37.png": {
        "x": 940,
        "y": 0,
        "w": 426,
        "h": 297
    },
    "38.png": {
        "x": 940,
        "y": 297,
        "w": 426,
        "h": 297
    },
    "16.png": {
        "x": 867,
        "y": 594,
        "w": 419,
        "h": 370
    },
    "108.png": {
        "x": 0,
        "y": 1041,
        "w": 412,
        "h": 328
    },
    "8.png": {
        "x": 412,
        "y": 1041,
        "w": 407,
        "h": 289
    },
    "154.png": {
        "x": 819,
        "y": 973,
        "w": 403,
        "h": 340
    },
    "138.png": {
        "x": 1366,
        "y": 0,
        "w": 224,
        "h": 392
    },
    "3.png": {
        "x": 0,
        "y": 1369,
        "w": 390,
        "h": 296
    },
    "177.png": {
        "x": 1286,
        "y": 594,
        "w": 271,
        "h": 385
    },
    "27.png": {
        "x": 390,
        "y": 1369,
        "w": 384,
        "h": 284
    },
    "139.png": {
        "x": 1222,
        "y": 979,
        "w": 303,
        "h": 383
    },
    "141.png": {
        "x": 1590,
        "y": 0,
        "w": 303,
        "h": 383
    },
    "61.png": {
        "x": 1590,
        "y": 383,
        "w": 264,
        "h": 380
    },
    "46.png": {
        "x": 1557,
        "y": 763,
        "w": 258,
        "h": 380
    },
    "68.png": {
        "x": 1525,
        "y": 1143,
        "w": 261,
        "h": 380
    },
    "72.png": {
        "x": 0,
        "y": 1665,
        "w": 340,
        "h": 378
    },
    "178.png": {
        "x": 340,
        "y": 1665,
        "w": 274,
        "h": 375
    },
    "73.png": {
        "x": 614,
        "y": 1653,
        "w": 298,
        "h": 375
    },
    "136.png": {
        "x": 912,
        "y": 1313,
        "w": 256,
        "h": 375
    },
    "74.png": {
        "x": 1168,
        "y": 1362,
        "w": 298,
        "h": 375
    },
    "137.png": {
        "x": 1466,
        "y": 1523,
        "w": 256,
        "h": 375
    },
    "134.png": {
        "x": 1893,
        "y": 0,
        "w": 256,
        "h": 375
    },
    "135.png": {
        "x": 1893,
        "y": 375,
        "w": 256,
        "h": 375
    },
    "133.png": {
        "x": 1854,
        "y": 750,
        "w": 255,
        "h": 374
    },
    "84.png": {
        "x": 1815,
        "y": 1124,
        "w": 275,
        "h": 371
    },
    "164.png": {
        "x": 1722,
        "y": 1523,
        "w": 191,
        "h": 367
    },
    "71.png": {
        "x": 0,
        "y": 2043,
        "w": 361,
        "h": 352
    },
    "49.png": {
        "x": 614,
        "y": 2028,
        "w": 335,
        "h": 360
    },
    "42.png": {
        "x": 1722,
        "y": 1890,
        "w": 291,
        "h": 360
    },
    "50.png": {
        "x": 949,
        "y": 1898,
        "w": 335,
        "h": 360
    },
    "62.png": {
        "x": 1284,
        "y": 1898,
        "w": 265,
        "h": 359
    },
    "41.png": {
        "x": 2149,
        "y": 0,
        "w": 291,
        "h": 359
    },
    "43.png": {
        "x": 2149,
        "y": 359,
        "w": 291,
        "h": 359
    },
    "109.png": {
        "x": 2149,
        "y": 718,
        "w": 284,
        "h": 359
    },
    "40.png": {
        "x": 1913,
        "y": 1495,
        "w": 291,
        "h": 358
    },
    "44.png": {
        "x": 2090,
        "y": 1124,
        "w": 291,
        "h": 358
    },
    "39.png": {
        "x": 2013,
        "y": 1853,
        "w": 291,
        "h": 357
    },
    "47.png": {
        "x": 0,
        "y": 2395,
        "w": 298,
        "h": 357
    },
    "48.png": {
        "x": 298,
        "y": 2395,
        "w": 323,
        "h": 356
    },
    "89.png": {
        "x": 621,
        "y": 2388,
        "w": 290,
        "h": 356
    },
    "91.png": {
        "x": 911,
        "y": 2388,
        "w": 291,
        "h": 356
    },
    "92.png": {
        "x": 2013,
        "y": 2210,
        "w": 291,
        "h": 356
    },
    "93.png": {
        "x": 1202,
        "y": 2258,
        "w": 291,
        "h": 356
    },
    "90.png": {
        "x": 1493,
        "y": 2257,
        "w": 291,
        "h": 356
    },
    "87.png": {
        "x": 2440,
        "y": 0,
        "w": 288,
        "h": 355
    },
    "85.png": {
        "x": 2433,
        "y": 718,
        "w": 289,
        "h": 355
    },
    "86.png": {
        "x": 2440,
        "y": 355,
        "w": 288,
        "h": 355
    },
    "105.png": {
        "x": 2204,
        "y": 1482,
        "w": 306,
        "h": 355
    },
    "88.png": {
        "x": 2433,
        "y": 1073,
        "w": 288,
        "h": 355
    },
    "104.png": {
        "x": 2304,
        "y": 1837,
        "w": 308,
        "h": 354
    },
    "102.png": {
        "x": 2304,
        "y": 2191,
        "w": 303,
        "h": 354
    },
    "101.png": {
        "x": 2728,
        "y": 0,
        "w": 299,
        "h": 354
    },
    "100.png": {
        "x": 2728,
        "y": 354,
        "w": 298,
        "h": 354
    },
    "45.png": {
        "x": 2728,
        "y": 708,
        "w": 275,
        "h": 354
    },
    "145.png": {
        "x": 2722,
        "y": 1062,
        "w": 292,
        "h": 354
    },
    "146.png": {
        "x": 2721,
        "y": 1416,
        "w": 292,
        "h": 354
    },
    "103.png": {
        "x": 2612,
        "y": 1770,
        "w": 306,
        "h": 353
    },
    "142.png": {
        "x": 2612,
        "y": 2123,
        "w": 292,
        "h": 353
    },
    "143.png": {
        "x": 0,
        "y": 2752,
        "w": 292,
        "h": 353
    },
    "144.png": {
        "x": 292,
        "y": 2752,
        "w": 292,
        "h": 353
    },
    "95.png": {
        "x": 584,
        "y": 2751,
        "w": 293,
        "h": 353
    },
    "97.png": {
        "x": 877,
        "y": 2744,
        "w": 293,
        "h": 353
    },
    "98.png": {
        "x": 1170,
        "y": 2744,
        "w": 302,
        "h": 353
    },
    "94.png": {
        "x": 2607,
        "y": 2476,
        "w": 293,
        "h": 353
    },
    "130.png": {
        "x": 2304,
        "y": 2545,
        "w": 293,
        "h": 352
    },
    "131.png": {
        "x": 1472,
        "y": 2614,
        "w": 292,
        "h": 352
    },
    "96.png": {
        "x": 1764,
        "y": 2613,
        "w": 293,
        "h": 352
    },
    "128.png": {
        "x": 3027,
        "y": 0,
        "w": 293,
        "h": 352
    },
    "129.png": {
        "x": 3027,
        "y": 352,
        "w": 293,
        "h": 352
    },
    "34.png": {
        "x": 2918,
        "y": 1770,
        "w": 352,
        "h": 282
    },
    "99.png": {
        "x": 3003,
        "y": 708,
        "w": 300,
        "h": 352
    },
    "132.png": {
        "x": 3013,
        "y": 1416,
        "w": 287,
        "h": 351
    },
    "150.png": {
        "x": 2597,
        "y": 2829,
        "w": 349,
        "h": 252
    },
    "54.png": {
        "x": 2900,
        "y": 2476,
        "w": 233,
        "h": 345
    },
    "51.png": {
        "x": 2904,
        "y": 2123,
        "w": 232,
        "h": 345
    },
    "58.png": {
        "x": 361,
        "y": 2040,
        "w": 233,
        "h": 345
    },
    "55.png": {
        "x": 3014,
        "y": 1060,
        "w": 232,
        "h": 344
    },
    "53.png": {
        "x": 2057,
        "y": 2566,
        "w": 232,
        "h": 343
    },
    "110.png": {
        "x": 3133,
        "y": 2468,
        "w": 187,
        "h": 343
    },
    "52.png": {
        "x": 0,
        "y": 3105,
        "w": 232,
        "h": 342
    },
    "57.png": {
        "x": 232,
        "y": 3105,
        "w": 233,
        "h": 342
    },
    "60.png": {
        "x": 465,
        "y": 3105,
        "w": 273,
        "h": 341
    },
    "56.png": {
        "x": 738,
        "y": 3104,
        "w": 231,
        "h": 341
    },
    "59.png": {
        "x": 969,
        "y": 3097,
        "w": 276,
        "h": 339
    },
    "155.png": {
        "x": 2289,
        "y": 2897,
        "w": 296,
        "h": 336
    },
    "63.png": {
        "x": 1245,
        "y": 3097,
        "w": 284,
        "h": 333
    },
    "64.png": {
        "x": 2585,
        "y": 3081,
        "w": 285,
        "h": 329
    },
    "167.png": {
        "x": 2510,
        "y": 1428,
        "w": 190,
        "h": 326
    },
    "67.png": {
        "x": 2870,
        "y": 3081,
        "w": 284,
        "h": 324
    },
    "66.png": {
        "x": 1529,
        "y": 2966,
        "w": 284,
        "h": 324
    },
    "65.png": {
        "x": 1813,
        "y": 2965,
        "w": 285,
        "h": 324
    },
    "32.png": {
        "x": 3320,
        "y": 0,
        "w": 323,
        "h": 297
    },
    "165.png": {
        "x": 2098,
        "y": 2909,
        "w": 191,
        "h": 323
    },
    "140.png": {
        "x": 3246,
        "y": 1060,
        "w": 244,
        "h": 323
    },
    "156.png": {
        "x": 3320,
        "y": 297,
        "w": 295,
        "h": 321
    },
    "119.png": {
        "x": 3320,
        "y": 1383,
        "w": 321,
        "h": 281
    },
    "9.png": {
        "x": 3320,
        "y": 618,
        "w": 320,
        "h": 305
    },
    "33.png": {
        "x": 3320,
        "y": 1664,
        "w": 319,
        "h": 296
    },
    "168.png": {
        "x": 1784,
        "y": 2250,
        "w": 207,
        "h": 315
    },
    "15.png": {
        "x": 3320,
        "y": 1960,
        "w": 274,
        "h": 307
    },
    "28.png": {
        "x": 3320,
        "y": 2267,
        "w": 306,
        "h": 306
    },
    "29.png": {
        "x": 3320,
        "y": 2573,
        "w": 202,
        "h": 303
    },
    "30.png": {
        "x": 3154,
        "y": 2876,
        "w": 203,
        "h": 300
    },
    "10.png": {
        "x": 3357,
        "y": 2876,
        "w": 204,
        "h": 293
    },
    "14.png": {
        "x": 0,
        "y": 3447,
        "w": 243,
        "h": 292
    },
    "31.png": {
        "x": 243,
        "y": 3447,
        "w": 203,
        "h": 284
    },
    "120.png": {
        "x": 3357,
        "y": 3169,
        "w": 280,
        "h": 225
    },
    "12.png": {
        "x": 446,
        "y": 3447,
        "w": 204,
        "h": 277
    },
    "11.png": {
        "x": 650,
        "y": 3446,
        "w": 204,
        "h": 277
    },
    "13.png": {
        "x": 854,
        "y": 3445,
        "w": 204,
        "h": 277
    },
    "160.png": {
        "x": 1058,
        "y": 3436,
        "w": 275,
        "h": 250
    },
    "111.png": {
        "x": 2098,
        "y": 3232,
        "w": 187,
        "h": 270
    },
    "112.png": {
        "x": 3136,
        "y": 2052,
        "w": 184,
        "h": 269
    },
    "161.png": {
        "x": 1813,
        "y": 3289,
        "w": 269,
        "h": 251
    },
    "169.png": {
        "x": 1529,
        "y": 3290,
        "w": 258,
        "h": 268
    },
    "162.png": {
        "x": 2285,
        "y": 3233,
        "w": 268,
        "h": 252
    },
    "163.png": {
        "x": 2285,
        "y": 3485,
        "w": 268,
        "h": 253
    },
    "123.png": {
        "x": 1333,
        "y": 3430,
        "w": 187,
        "h": 246
    },
    "75.png": {
        "x": 2553,
        "y": 3410,
        "w": 210,
        "h": 242
    },
    "0.png": {
        "x": 2763,
        "y": 3410,
        "w": 210,
        "h": 242
    },
    "76.png": {
        "x": 2973,
        "y": 3405,
        "w": 215,
        "h": 241
    },
    "1.png": {
        "x": 3188,
        "y": 3394,
        "w": 215,
        "h": 241
    },
    "77.png": {
        "x": 3403,
        "y": 3394,
        "w": 234,
        "h": 237
    },
    "2.png": {
        "x": 3643,
        "y": 0,
        "w": 234,
        "h": 237
    },
    "113.png": {
        "x": 3643,
        "y": 237,
        "w": 222,
        "h": 236
    },
    "121.png": {
        "x": 3641,
        "y": 473,
        "w": 235,
        "h": 226
    },
    "122.png": {
        "x": 2946,
        "y": 2821,
        "w": 207,
        "h": 234
    }
}