{
    "171.png": {
        "x": 0,
        "y": 0,
        "w": 501,
        "h": 1
    },
    "18.png": {
        "x": 0,
        "y": 1,
        "w": 501,
        "h": 1
    },
    "5.png": {
        "x": 0,
        "y": 2,
        "w": 501,
        "h": 1
    },
    "6.png": {
        "x": 0,
        "y": 3,
        "w": 501,
        "h": 1
    },
    "26.png": {
        "x": 0,
        "y": 4,
        "w": 501,
        "h": 1
    },
    "25.png": {
        "x": 0,
        "y": 5,
        "w": 501,
        "h": 1
    },
    "24.png": {
        "x": 0,
        "y": 6,
        "w": 501,
        "h": 1
    },
    "106.png": {
        "x": 0,
        "y": 7,
        "w": 501,
        "h": 1
    },
    "107.png": {
        "x": 0,
        "y": 8,
        "w": 501,
        "h": 1
    },
    "23.png": {
        "x": 0,
        "y": 9,
        "w": 501,
        "h": 1
    },
    "22.png": {
        "x": 0,
        "y": 10,
        "w": 501,
        "h": 1
    },
    "21.png": {
        "x": 0,
        "y": 11,
        "w": 501,
        "h": 1
    },
    "20.png": {
        "x": 0,
        "y": 12,
        "w": 501,
        "h": 1
    },
    "19.png": {
        "x": 0,
        "y": 13,
        "w": 501,
        "h": 1
    },
    "114.png": {
        "x": 0,
        "y": 14,
        "w": 501,
        "h": 1
    },
    "115.png": {
        "x": 0,
        "y": 15,
        "w": 501,
        "h": 1
    },
    "116.png": {
        "x": 0,
        "y": 16,
        "w": 501,
        "h": 1
    },
    "117.png": {
        "x": 0,
        "y": 17,
        "w": 501,
        "h": 1
    },
    "118.png": {
        "x": 0,
        "y": 18,
        "w": 501,
        "h": 1
    },
    "176.png": {
        "x": 0,
        "y": 19,
        "w": 501,
        "h": 1
    },
    "175.png": {
        "x": 0,
        "y": 20,
        "w": 501,
        "h": 1
    },
    "174.png": {
        "x": 0,
        "y": 21,
        "w": 501,
        "h": 1
    },
    "173.png": {
        "x": 0,
        "y": 22,
        "w": 501,
        "h": 1
    },
    "172.png": {
        "x": 0,
        "y": 23,
        "w": 501,
        "h": 1
    },
    "4.png": {
        "x": 0,
        "y": 24,
        "w": 501,
        "h": 1
    },
    "124.png": {
        "x": 0,
        "y": 25,
        "w": 501,
        "h": 1
    },
    "125.png": {
        "x": 0,
        "y": 26,
        "w": 501,
        "h": 1
    },
    "126.png": {
        "x": 0,
        "y": 27,
        "w": 501,
        "h": 1
    },
    "127.png": {
        "x": 0,
        "y": 28,
        "w": 501,
        "h": 1
    },
    "148.png": {
        "x": 0,
        "y": 29,
        "w": 501,
        "h": 1
    },
    "17.png": {
        "x": 0,
        "y": 30,
        "w": 501,
        "h": 1
    },
    "69.png": {
        "x": 0,
        "y": 31,
        "w": 501,
        "h": 1
    },
    "83.png": {
        "x": 0,
        "y": 32,
        "w": 501,
        "h": 1
    },
    "82.png": {
        "x": 0,
        "y": 33,
        "w": 501,
        "h": 1
    },
    "81.png": {
        "x": 0,
        "y": 34,
        "w": 501,
        "h": 1
    },
    "7.png": {
        "x": 0,
        "y": 35,
        "w": 501,
        "h": 1
    },
    "70.png": {
        "x": 0,
        "y": 36,
        "w": 501,
        "h": 1
    },
    "166.png": {
        "x": 0,
        "y": 37,
        "w": 501,
        "h": 1
    },
    "78.png": {
        "x": 0,
        "y": 38,
        "w": 501,
        "h": 1
    },
    "79.png": {
        "x": 0,
        "y": 39,
        "w": 501,
        "h": 1
    },
    "149.png": {
        "x": 0,
        "y": 40,
        "w": 501,
        "h": 1
    },
    "159.png": {
        "x": 0,
        "y": 41,
        "w": 501,
        "h": 1
    },
    "80.png": {
        "x": 0,
        "y": 42,
        "w": 501,
        "h": 1
    },
    "158.png": {
        "x": 0,
        "y": 43,
        "w": 501,
        "h": 1
    },
    "157.png": {
        "x": 0,
        "y": 44,
        "w": 501,
        "h": 1
    },
    "147.png": {
        "x": 0,
        "y": 45,
        "w": 501,
        "h": 1
    },
    "170.png": {
        "x": 0,
        "y": 46,
        "w": 390,
        "h": 262
    },
    "16.png": {
        "x": 0,
        "y": 308,
        "w": 369,
        "h": 304
    },
    "152.png": {
        "x": 501,
        "y": 0,
        "w": 363,
        "h": 350
    },
    "153.png": {
        "x": 0,
        "y": 612,
        "w": 363,
        "h": 349
    },
    "151.png": {
        "x": 369,
        "y": 350,
        "w": 362,
        "h": 350
    },
    "50.png": {
        "x": 864,
        "y": 0,
        "w": 258,
        "h": 352
    },
    "49.png": {
        "x": 731,
        "y": 352,
        "w": 258,
        "h": 352
    },
    "35.png": {
        "x": 0,
        "y": 961,
        "w": 350,
        "h": 284
    },
    "36.png": {
        "x": 350,
        "y": 961,
        "w": 348,
        "h": 284
    },
    "37.png": {
        "x": 698,
        "y": 704,
        "w": 347,
        "h": 284
    },
    "38.png": {
        "x": 1122,
        "y": 0,
        "w": 347,
        "h": 284
    },
    "47.png": {
        "x": 989,
        "y": 352,
        "w": 246,
        "h": 346
    },
    "178.png": {
        "x": 1045,
        "y": 698,
        "w": 265,
        "h": 344
    },
    "150.png": {
        "x": 698,
        "y": 988,
        "w": 341,
        "h": 238
    },
    "48.png": {
        "x": 0,
        "y": 1245,
        "w": 254,
        "h": 340
    },
    "177.png": {
        "x": 254,
        "y": 1245,
        "w": 257,
        "h": 334
    },
    "141.png": {
        "x": 511,
        "y": 1245,
        "w": 252,
        "h": 332
    },
    "139.png": {
        "x": 763,
        "y": 1226,
        "w": 252,
        "h": 332
    },
    "84.png": {
        "x": 1235,
        "y": 284,
        "w": 223,
        "h": 320
    },
    "8.png": {
        "x": 1015,
        "y": 1226,
        "w": 320,
        "h": 280
    },
    "73.png": {
        "x": 1469,
        "y": 0,
        "w": 269,
        "h": 318
    },
    "72.png": {
        "x": 1458,
        "y": 318,
        "w": 269,
        "h": 318
    },
    "74.png": {
        "x": 1335,
        "y": 636,
        "w": 269,
        "h": 318
    },
    "138.png": {
        "x": 1335,
        "y": 954,
        "w": 205,
        "h": 317
    },
    "3.png": {
        "x": 1335,
        "y": 1271,
        "w": 316,
        "h": 282
    },
    "46.png": {
        "x": 0,
        "y": 1585,
        "w": 229,
        "h": 311
    },
    "61.png": {
        "x": 229,
        "y": 1585,
        "w": 234,
        "h": 311
    },
    "68.png": {
        "x": 463,
        "y": 1579,
        "w": 231,
        "h": 311
    },
    "71.png": {
        "x": 694,
        "y": 1577,
        "w": 280,
        "h": 309
    },
    "42.png": {
        "x": 974,
        "y": 1558,
        "w": 240,
        "h": 308
    },
    "43.png": {
        "x": 1214,
        "y": 1553,
        "w": 240,
        "h": 307
    },
    "41.png": {
        "x": 1454,
        "y": 1553,
        "w": 240,
        "h": 307
    },
    "109.png": {
        "x": 1738,
        "y": 0,
        "w": 204,
        "h": 307
    },
    "44.png": {
        "x": 1694,
        "y": 636,
        "w": 240,
        "h": 306
    },
    "40.png": {
        "x": 1694,
        "y": 942,
        "w": 240,
        "h": 306
    },
    "137.png": {
        "x": 1694,
        "y": 1248,
        "w": 226,
        "h": 306
    },
    "136.png": {
        "x": 1694,
        "y": 1554,
        "w": 226,
        "h": 306
    },
    "134.png": {
        "x": 0,
        "y": 1896,
        "w": 226,
        "h": 306
    },
    "154.png": {
        "x": 226,
        "y": 1896,
        "w": 289,
        "h": 306
    },
    "135.png": {
        "x": 515,
        "y": 1890,
        "w": 226,
        "h": 306
    },
    "39.png": {
        "x": 741,
        "y": 1886,
        "w": 240,
        "h": 305
    },
    "133.png": {
        "x": 981,
        "y": 1866,
        "w": 225,
        "h": 305
    },
    "140.png": {
        "x": 1206,
        "y": 1866,
        "w": 235,
        "h": 305
    },
    "156.png": {
        "x": 1441,
        "y": 1860,
        "w": 283,
        "h": 305
    },
    "92.png": {
        "x": 1942,
        "y": 0,
        "w": 239,
        "h": 304
    },
    "89.png": {
        "x": 1942,
        "y": 304,
        "w": 238,
        "h": 304
    },
    "90.png": {
        "x": 1934,
        "y": 608,
        "w": 239,
        "h": 304
    },
    "105.png": {
        "x": 1920,
        "y": 1248,
        "w": 254,
        "h": 304
    },
    "93.png": {
        "x": 1934,
        "y": 912,
        "w": 239,
        "h": 304
    },
    "91.png": {
        "x": 1920,
        "y": 1552,
        "w": 239,
        "h": 304
    },
    "155.png": {
        "x": 1724,
        "y": 1860,
        "w": 284,
        "h": 304
    },
    "88.png": {
        "x": 2181,
        "y": 0,
        "w": 236,
        "h": 303
    },
    "102.png": {
        "x": 2159,
        "y": 1552,
        "w": 251,
        "h": 303
    },
    "100.png": {
        "x": 2159,
        "y": 1855,
        "w": 246,
        "h": 303
    },
    "104.png": {
        "x": 0,
        "y": 2202,
        "w": 256,
        "h": 303
    },
    "85.png": {
        "x": 2180,
        "y": 304,
        "w": 237,
        "h": 303
    },
    "86.png": {
        "x": 256,
        "y": 2202,
        "w": 236,
        "h": 303
    },
    "87.png": {
        "x": 492,
        "y": 2202,
        "w": 236,
        "h": 303
    },
    "101.png": {
        "x": 728,
        "y": 2196,
        "w": 247,
        "h": 303
    },
    "145.png": {
        "x": 2174,
        "y": 608,
        "w": 241,
        "h": 303
    },
    "146.png": {
        "x": 2174,
        "y": 911,
        "w": 241,
        "h": 303
    },
    "45.png": {
        "x": 975,
        "y": 2191,
        "w": 222,
        "h": 302
    },
    "94.png": {
        "x": 2174,
        "y": 1214,
        "w": 242,
        "h": 302
    },
    "95.png": {
        "x": 1197,
        "y": 2171,
        "w": 242,
        "h": 302
    },
    "97.png": {
        "x": 1439,
        "y": 2171,
        "w": 242,
        "h": 302
    },
    "103.png": {
        "x": 1681,
        "y": 2165,
        "w": 254,
        "h": 302
    },
    "98.png": {
        "x": 1935,
        "y": 2164,
        "w": 250,
        "h": 302
    },
    "142.png": {
        "x": 2417,
        "y": 0,
        "w": 241,
        "h": 302
    },
    "143.png": {
        "x": 2417,
        "y": 302,
        "w": 241,
        "h": 302
    },
    "144.png": {
        "x": 2417,
        "y": 604,
        "w": 241,
        "h": 302
    },
    "96.png": {
        "x": 2416,
        "y": 906,
        "w": 242,
        "h": 301
    },
    "99.png": {
        "x": 2410,
        "y": 1516,
        "w": 248,
        "h": 301
    },
    "108.png": {
        "x": 2185,
        "y": 2158,
        "w": 291,
        "h": 301
    },
    "130.png": {
        "x": 2416,
        "y": 1207,
        "w": 242,
        "h": 300
    },
    "131.png": {
        "x": 2405,
        "y": 1855,
        "w": 241,
        "h": 300
    },
    "129.png": {
        "x": 0,
        "y": 2505,
        "w": 242,
        "h": 300
    },
    "128.png": {
        "x": 242,
        "y": 2505,
        "w": 242,
        "h": 300
    },
    "132.png": {
        "x": 484,
        "y": 2505,
        "w": 236,
        "h": 299
    },
    "27.png": {
        "x": 720,
        "y": 2505,
        "w": 297,
        "h": 274
    },
    "164.png": {
        "x": 2476,
        "y": 2155,
        "w": 182,
        "h": 296
    },
    "167.png": {
        "x": 2476,
        "y": 2451,
        "w": 180,
        "h": 295
    },
    "54.png": {
        "x": 1017,
        "y": 2493,
        "w": 220,
        "h": 294
    },
    "165.png": {
        "x": 1738,
        "y": 307,
        "w": 182,
        "h": 294
    },
    "51.png": {
        "x": 1237,
        "y": 2473,
        "w": 219,
        "h": 294
    },
    "58.png": {
        "x": 1456,
        "y": 2473,
        "w": 220,
        "h": 294
    },
    "53.png": {
        "x": 1676,
        "y": 2473,
        "w": 219,
        "h": 292
    },
    "55.png": {
        "x": 1895,
        "y": 2467,
        "w": 219,
        "h": 292
    },
    "15.png": {
        "x": 2185,
        "y": 2459,
        "w": 266,
        "h": 292
    },
    "57.png": {
        "x": 2658,
        "y": 0,
        "w": 220,
        "h": 291
    },
    "52.png": {
        "x": 2658,
        "y": 291,
        "w": 217,
        "h": 291
    },
    "56.png": {
        "x": 2658,
        "y": 582,
        "w": 218,
        "h": 290
    },
    "62.png": {
        "x": 0,
        "y": 2805,
        "w": 235,
        "h": 290
    },
    "168.png": {
        "x": 235,
        "y": 2805,
        "w": 197,
        "h": 284
    },
    "63.png": {
        "x": 432,
        "y": 2805,
        "w": 233,
        "h": 281
    },
    "64.png": {
        "x": 665,
        "y": 2804,
        "w": 234,
        "h": 277
    },
    "34.png": {
        "x": 899,
        "y": 2787,
        "w": 277,
        "h": 267
    },
    "14.png": {
        "x": 1176,
        "y": 2787,
        "w": 237,
        "h": 276
    },
    "66.png": {
        "x": 1413,
        "y": 2767,
        "w": 233,
        "h": 272
    },
    "65.png": {
        "x": 1646,
        "y": 2767,
        "w": 234,
        "h": 272
    },
    "67.png": {
        "x": 1880,
        "y": 2765,
        "w": 233,
        "h": 272
    },
    "28.png": {
        "x": 2658,
        "y": 872,
        "w": 192,
        "h": 272
    },
    "9.png": {
        "x": 2658,
        "y": 1144,
        "w": 205,
        "h": 271
    },
    "31.png": {
        "x": 2658,
        "y": 1415,
        "w": 192,
        "h": 269
    },
    "29.png": {
        "x": 2658,
        "y": 1684,
        "w": 191,
        "h": 269
    },
    "30.png": {
        "x": 2658,
        "y": 1953,
        "w": 192,
        "h": 269
    },
    "32.png": {
        "x": 2113,
        "y": 2759,
        "w": 253,
        "h": 268
    },
    "110.png": {
        "x": 2658,
        "y": 2222,
        "w": 180,
        "h": 268
    },
    "112.png": {
        "x": 2656,
        "y": 2490,
        "w": 183,
        "h": 267
    },
    "60.png": {
        "x": 2366,
        "y": 2751,
        "w": 258,
        "h": 266
    },
    "33.png": {
        "x": 2624,
        "y": 2757,
        "w": 248,
        "h": 266
    },
    "59.png": {
        "x": 2878,
        "y": 0,
        "w": 261,
        "h": 264
    },
    "160.png": {
        "x": 2876,
        "y": 291,
        "w": 263,
        "h": 238
    },
    "12.png": {
        "x": 2838,
        "y": 2222,
        "w": 192,
        "h": 262
    },
    "10.png": {
        "x": 2849,
        "y": 1684,
        "w": 192,
        "h": 262
    },
    "11.png": {
        "x": 2850,
        "y": 1415,
        "w": 192,
        "h": 262
    },
    "13.png": {
        "x": 2850,
        "y": 872,
        "w": 192,
        "h": 262
    },
    "111.png": {
        "x": 363,
        "y": 700,
        "w": 180,
        "h": 261
    },
    "161.png": {
        "x": 2876,
        "y": 529,
        "w": 257,
        "h": 239
    },
    "163.png": {
        "x": 2872,
        "y": 2484,
        "w": 256,
        "h": 241
    },
    "162.png": {
        "x": 2872,
        "y": 2725,
        "w": 256,
        "h": 240
    },
    "169.png": {
        "x": 2850,
        "y": 1946,
        "w": 251,
        "h": 252
    },
    "75.png": {
        "x": 2863,
        "y": 1134,
        "w": 208,
        "h": 242
    },
    "0.png": {
        "x": 0,
        "y": 3095,
        "w": 208,
        "h": 242
    },
    "1.png": {
        "x": 208,
        "y": 3095,
        "w": 213,
        "h": 240
    },
    "2.png": {
        "x": 421,
        "y": 3089,
        "w": 232,
        "h": 240
    },
    "77.png": {
        "x": 653,
        "y": 3086,
        "w": 232,
        "h": 240
    },
    "76.png": {
        "x": 885,
        "y": 3081,
        "w": 213,
        "h": 240
    },
    "119.png": {
        "x": 2366,
        "y": 3017,
        "w": 238,
        "h": 214
    },
    "113.png": {
        "x": 2113,
        "y": 3027,
        "w": 222,
        "h": 238
    },
    "123.png": {
        "x": 1098,
        "y": 3063,
        "w": 182,
        "h": 234
    },
    "122.png": {
        "x": 1880,
        "y": 3037,
        "w": 204,
        "h": 232
    },
    "121.png": {
        "x": 1280,
        "y": 3063,
        "w": 203,
        "h": 217
    },
    "120.png": {
        "x": 2872,
        "y": 2965,
        "w": 205,
        "h": 216
    }
}