{
    "158.png": {
        "x": 0,
        "y": 0,
        "w": 368,
        "h": 305
    },
    "156.png": {
        "x": 0,
        "y": 305,
        "w": 368,
        "h": 304
    },
    "155.png": {
        "x": 368,
        "y": 0,
        "w": 367,
        "h": 305
    },
    "159.png": {
        "x": 368,
        "y": 305,
        "w": 366,
        "h": 295
    },
    "154.png": {
        "x": 0,
        "y": 609,
        "w": 365,
        "h": 307
    },
    "170.png": {
        "x": 368,
        "y": 600,
        "w": 364,
        "h": 283
    },
    "157.png": {
        "x": 735,
        "y": 0,
        "w": 364,
        "h": 304
    },
    "79.png": {
        "x": 735,
        "y": 304,
        "w": 362,
        "h": 299
    },
    "80.png": {
        "x": 732,
        "y": 603,
        "w": 362,
        "h": 300
    },
    "83.png": {
        "x": 0,
        "y": 916,
        "w": 362,
        "h": 300
    },
    "78.png": {
        "x": 365,
        "y": 883,
        "w": 362,
        "h": 319
    },
    "82.png": {
        "x": 727,
        "y": 903,
        "w": 362,
        "h": 300
    },
    "81.png": {
        "x": 1099,
        "y": 0,
        "w": 362,
        "h": 300
    },
    "150.png": {
        "x": 1099,
        "y": 300,
        "w": 355,
        "h": 285
    },
    "47.png": {
        "x": 1097,
        "y": 585,
        "w": 224,
        "h": 351
    },
    "16.png": {
        "x": 0,
        "y": 1216,
        "w": 348,
        "h": 289
    },
    "151.png": {
        "x": 1089,
        "y": 936,
        "w": 347,
        "h": 335
    },
    "49.png": {
        "x": 1461,
        "y": 0,
        "w": 232,
        "h": 347
    },
    "50.png": {
        "x": 1321,
        "y": 585,
        "w": 232,
        "h": 347
    },
    "48.png": {
        "x": 1436,
        "y": 932,
        "w": 229,
        "h": 345
    },
    "152.png": {
        "x": 0,
        "y": 1505,
        "w": 343,
        "h": 335
    },
    "126.png": {
        "x": 362,
        "y": 1202,
        "w": 302,
        "h": 343
    },
    "125.png": {
        "x": 664,
        "y": 1203,
        "w": 302,
        "h": 343
    },
    "127.png": {
        "x": 966,
        "y": 1271,
        "w": 302,
        "h": 343
    },
    "153.png": {
        "x": 1268,
        "y": 1277,
        "w": 342,
        "h": 334
    },
    "124.png": {
        "x": 1693,
        "y": 0,
        "w": 302,
        "h": 341
    },
    "17.png": {
        "x": 343,
        "y": 1546,
        "w": 339,
        "h": 274
    },
    "18.png": {
        "x": 1610,
        "y": 1277,
        "w": 335,
        "h": 275
    },
    "19.png": {
        "x": 1610,
        "y": 1552,
        "w": 333,
        "h": 275
    },
    "20.png": {
        "x": 1553,
        "y": 347,
        "w": 333,
        "h": 275
    },
    "178.png": {
        "x": 1665,
        "y": 622,
        "w": 306,
        "h": 329
    },
    "35.png": {
        "x": 1665,
        "y": 951,
        "w": 324,
        "h": 289
    },
    "36.png": {
        "x": 0,
        "y": 1840,
        "w": 322,
        "h": 289
    },
    "38.png": {
        "x": 322,
        "y": 1840,
        "w": 321,
        "h": 289
    },
    "37.png": {
        "x": 643,
        "y": 1827,
        "w": 321,
        "h": 289
    },
    "177.png": {
        "x": 1268,
        "y": 1611,
        "w": 280,
        "h": 317
    },
    "172.png": {
        "x": 964,
        "y": 1614,
        "w": 286,
        "h": 315
    },
    "174.png": {
        "x": 1995,
        "y": 0,
        "w": 288,
        "h": 313
    },
    "173.png": {
        "x": 1995,
        "y": 313,
        "w": 286,
        "h": 313
    },
    "160.png": {
        "x": 1971,
        "y": 626,
        "w": 312,
        "h": 283
    },
    "169.png": {
        "x": 1945,
        "y": 1240,
        "w": 310,
        "h": 274
    },
    "163.png": {
        "x": 1548,
        "y": 1827,
        "w": 309,
        "h": 283
    },
    "161.png": {
        "x": 1857,
        "y": 1827,
        "w": 309,
        "h": 283
    },
    "141.png": {
        "x": 1945,
        "y": 1514,
        "w": 269,
        "h": 309
    },
    "139.png": {
        "x": 1989,
        "y": 909,
        "w": 269,
        "h": 309
    },
    "162.png": {
        "x": 0,
        "y": 2129,
        "w": 308,
        "h": 283
    },
    "171.png": {
        "x": 643,
        "y": 2116,
        "w": 304,
        "h": 288
    },
    "84.png": {
        "x": 964,
        "y": 2110,
        "w": 243,
        "h": 302
    },
    "140.png": {
        "x": 1207,
        "y": 2110,
        "w": 288,
        "h": 298
    },
    "109.png": {
        "x": 1495,
        "y": 2110,
        "w": 255,
        "h": 298
    },
    "110.png": {
        "x": 1750,
        "y": 2110,
        "w": 234,
        "h": 297
    },
    "114.png": {
        "x": 1984,
        "y": 2110,
        "w": 282,
        "h": 297
    },
    "111.png": {
        "x": 2283,
        "y": 0,
        "w": 232,
        "h": 297
    },
    "8.png": {
        "x": 308,
        "y": 2129,
        "w": 296,
        "h": 282
    },
    "164.png": {
        "x": 2283,
        "y": 297,
        "w": 232,
        "h": 296
    },
    "165.png": {
        "x": 2283,
        "y": 593,
        "w": 230,
        "h": 295
    },
    "115.png": {
        "x": 2214,
        "y": 1514,
        "w": 273,
        "h": 294
    },
    "116.png": {
        "x": 2214,
        "y": 1808,
        "w": 272,
        "h": 294
    },
    "15.png": {
        "x": 0,
        "y": 2412,
        "w": 275,
        "h": 294
    },
    "3.png": {
        "x": 275,
        "y": 2412,
        "w": 293,
        "h": 278
    },
    "138.png": {
        "x": 568,
        "y": 2412,
        "w": 233,
        "h": 292
    },
    "72.png": {
        "x": 801,
        "y": 2412,
        "w": 265,
        "h": 292
    },
    "73.png": {
        "x": 1066,
        "y": 2412,
        "w": 265,
        "h": 292
    },
    "74.png": {
        "x": 1331,
        "y": 2408,
        "w": 265,
        "h": 292
    },
    "166.png": {
        "x": 2283,
        "y": 888,
        "w": 229,
        "h": 292
    },
    "112.png": {
        "x": 2255,
        "y": 1218,
        "w": 241,
        "h": 288
    },
    "147.png": {
        "x": 1596,
        "y": 2408,
        "w": 236,
        "h": 287
    },
    "176.png": {
        "x": 2266,
        "y": 2102,
        "w": 245,
        "h": 287
    },
    "71.png": {
        "x": 1832,
        "y": 2407,
        "w": 265,
        "h": 287
    },
    "28.png": {
        "x": 2097,
        "y": 2407,
        "w": 255,
        "h": 286
    },
    "68.png": {
        "x": 2515,
        "y": 0,
        "w": 252,
        "h": 286
    },
    "42.png": {
        "x": 2515,
        "y": 286,
        "w": 250,
        "h": 286
    },
    "46.png": {
        "x": 2486,
        "y": 1808,
        "w": 238,
        "h": 286
    },
    "148.png": {
        "x": 2515,
        "y": 572,
        "w": 241,
        "h": 286
    },
    "175.png": {
        "x": 2513,
        "y": 858,
        "w": 244,
        "h": 286
    },
    "61.png": {
        "x": 2512,
        "y": 1144,
        "w": 252,
        "h": 286
    },
    "113.png": {
        "x": 2511,
        "y": 2094,
        "w": 255,
        "h": 285
    },
    "30.png": {
        "x": 2511,
        "y": 2379,
        "w": 256,
        "h": 285
    },
    "31.png": {
        "x": 2496,
        "y": 1430,
        "w": 256,
        "h": 285
    },
    "29.png": {
        "x": 0,
        "y": 2706,
        "w": 256,
        "h": 285
    },
    "41.png": {
        "x": 256,
        "y": 2706,
        "w": 250,
        "h": 285
    },
    "43.png": {
        "x": 506,
        "y": 2704,
        "w": 250,
        "h": 285
    },
    "26.png": {
        "x": 756,
        "y": 2704,
        "w": 260,
        "h": 284
    },
    "44.png": {
        "x": 1016,
        "y": 2704,
        "w": 250,
        "h": 284
    },
    "23.png": {
        "x": 1266,
        "y": 2704,
        "w": 260,
        "h": 284
    },
    "24.png": {
        "x": 1526,
        "y": 2700,
        "w": 260,
        "h": 284
    },
    "25.png": {
        "x": 1786,
        "y": 2695,
        "w": 260,
        "h": 284
    },
    "40.png": {
        "x": 2046,
        "y": 2694,
        "w": 250,
        "h": 284
    },
    "167.png": {
        "x": 2296,
        "y": 2693,
        "w": 239,
        "h": 284
    },
    "27.png": {
        "x": 2767,
        "y": 0,
        "w": 273,
        "h": 283
    },
    "34.png": {
        "x": 2756,
        "y": 572,
        "w": 268,
        "h": 283
    },
    "22.png": {
        "x": 2765,
        "y": 286,
        "w": 262,
        "h": 283
    },
    "39.png": {
        "x": 2757,
        "y": 855,
        "w": 250,
        "h": 283
    },
    "168.png": {
        "x": 2767,
        "y": 1138,
        "w": 259,
        "h": 282
    },
    "7.png": {
        "x": 682,
        "y": 1546,
        "w": 282,
        "h": 278
    },
    "89.png": {
        "x": 2767,
        "y": 1420,
        "w": 245,
        "h": 282
    },
    "21.png": {
        "x": 2767,
        "y": 1702,
        "w": 264,
        "h": 282
    },
    "93.png": {
        "x": 2767,
        "y": 1984,
        "w": 245,
        "h": 282
    },
    "108.png": {
        "x": 2535,
        "y": 2664,
        "w": 280,
        "h": 282
    },
    "91.png": {
        "x": 2767,
        "y": 2266,
        "w": 245,
        "h": 282
    },
    "92.png": {
        "x": 0,
        "y": 2991,
        "w": 245,
        "h": 282
    },
    "105.png": {
        "x": 245,
        "y": 2991,
        "w": 247,
        "h": 282
    },
    "90.png": {
        "x": 492,
        "y": 2991,
        "w": 245,
        "h": 282
    },
    "87.png": {
        "x": 737,
        "y": 2989,
        "w": 241,
        "h": 281
    },
    "134.png": {
        "x": 978,
        "y": 2988,
        "w": 244,
        "h": 281
    },
    "135.png": {
        "x": 1222,
        "y": 2988,
        "w": 244,
        "h": 281
    },
    "145.png": {
        "x": 1466,
        "y": 2988,
        "w": 257,
        "h": 281
    },
    "136.png": {
        "x": 1723,
        "y": 2984,
        "w": 244,
        "h": 281
    },
    "118.png": {
        "x": 1967,
        "y": 2979,
        "w": 255,
        "h": 281
    },
    "104.png": {
        "x": 2222,
        "y": 2978,
        "w": 247,
        "h": 281
    },
    "102.png": {
        "x": 2469,
        "y": 2977,
        "w": 247,
        "h": 281
    },
    "137.png": {
        "x": 2716,
        "y": 2946,
        "w": 244,
        "h": 281
    },
    "101.png": {
        "x": 3040,
        "y": 0,
        "w": 248,
        "h": 281
    },
    "100.png": {
        "x": 3040,
        "y": 281,
        "w": 248,
        "h": 281
    },
    "14.png": {
        "x": 3012,
        "y": 1420,
        "w": 255,
        "h": 281
    },
    "85.png": {
        "x": 3007,
        "y": 855,
        "w": 241,
        "h": 281
    },
    "146.png": {
        "x": 3031,
        "y": 1701,
        "w": 257,
        "h": 281
    },
    "88.png": {
        "x": 3026,
        "y": 1136,
        "w": 241,
        "h": 281
    },
    "86.png": {
        "x": 3024,
        "y": 569,
        "w": 241,
        "h": 281
    },
    "95.png": {
        "x": 3031,
        "y": 1982,
        "w": 245,
        "h": 280
    },
    "98.png": {
        "x": 3012,
        "y": 2262,
        "w": 248,
        "h": 280
    },
    "117.png": {
        "x": 3012,
        "y": 2542,
        "w": 258,
        "h": 280
    },
    "45.png": {
        "x": 2960,
        "y": 2822,
        "w": 227,
        "h": 280
    },
    "94.png": {
        "x": 0,
        "y": 3273,
        "w": 245,
        "h": 280
    },
    "142.png": {
        "x": 245,
        "y": 3273,
        "w": 257,
        "h": 280
    },
    "97.png": {
        "x": 502,
        "y": 3273,
        "w": 245,
        "h": 280
    },
    "144.png": {
        "x": 747,
        "y": 3270,
        "w": 257,
        "h": 280
    },
    "133.png": {
        "x": 1004,
        "y": 3269,
        "w": 246,
        "h": 280
    },
    "103.png": {
        "x": 1250,
        "y": 3269,
        "w": 247,
        "h": 280
    },
    "143.png": {
        "x": 1497,
        "y": 3269,
        "w": 257,
        "h": 280
    },
    "33.png": {
        "x": 1754,
        "y": 3265,
        "w": 248,
        "h": 279
    },
    "99.png": {
        "x": 2002,
        "y": 3260,
        "w": 248,
        "h": 279
    },
    "131.png": {
        "x": 2250,
        "y": 3259,
        "w": 254,
        "h": 279
    },
    "9.png": {
        "x": 2504,
        "y": 3258,
        "w": 255,
        "h": 279
    },
    "96.png": {
        "x": 2759,
        "y": 3227,
        "w": 245,
        "h": 279
    },
    "120.png": {
        "x": 3004,
        "y": 3102,
        "w": 226,
        "h": 279
    },
    "128.png": {
        "x": 3288,
        "y": 0,
        "w": 254,
        "h": 278
    },
    "60.png": {
        "x": 3260,
        "y": 2262,
        "w": 244,
        "h": 278
    },
    "5.png": {
        "x": 3265,
        "y": 562,
        "w": 276,
        "h": 278
    },
    "32.png": {
        "x": 3187,
        "y": 2822,
        "w": 247,
        "h": 278
    },
    "11.png": {
        "x": 3276,
        "y": 1982,
        "w": 250,
        "h": 278
    },
    "130.png": {
        "x": 3288,
        "y": 278,
        "w": 254,
        "h": 278
    },
    "12.png": {
        "x": 3270,
        "y": 2540,
        "w": 250,
        "h": 278
    },
    "13.png": {
        "x": 3288,
        "y": 840,
        "w": 250,
        "h": 278
    },
    "121.png": {
        "x": 3288,
        "y": 1118,
        "w": 226,
        "h": 278
    },
    "10.png": {
        "x": 3288,
        "y": 1396,
        "w": 250,
        "h": 278
    },
    "129.png": {
        "x": 3288,
        "y": 1674,
        "w": 254,
        "h": 278
    },
    "6.png": {
        "x": 3230,
        "y": 3100,
        "w": 276,
        "h": 278
    },
    "132.png": {
        "x": 3542,
        "y": 0,
        "w": 249,
        "h": 277
    },
    "4.png": {
        "x": 3514,
        "y": 1118,
        "w": 274,
        "h": 277
    },
    "59.png": {
        "x": 3538,
        "y": 840,
        "w": 247,
        "h": 276
    },
    "107.png": {
        "x": 3538,
        "y": 1395,
        "w": 243,
        "h": 275
    },
    "106.png": {
        "x": 3504,
        "y": 2260,
        "w": 256,
        "h": 275
    },
    "119.png": {
        "x": 3434,
        "y": 2818,
        "w": 233,
        "h": 273
    },
    "51.png": {
        "x": 3526,
        "y": 1952,
        "w": 264,
        "h": 272
    },
    "149.png": {
        "x": 3520,
        "y": 2535,
        "w": 259,
        "h": 272
    },
    "122.png": {
        "x": 3542,
        "y": 1670,
        "w": 236,
        "h": 272
    },
    "58.png": {
        "x": 3506,
        "y": 3091,
        "w": 265,
        "h": 271
    },
    "123.png": {
        "x": 3542,
        "y": 277,
        "w": 243,
        "h": 271
    },
    "54.png": {
        "x": 0,
        "y": 3553,
        "w": 269,
        "h": 270
    },
    "55.png": {
        "x": 269,
        "y": 3553,
        "w": 265,
        "h": 269
    },
    "57.png": {
        "x": 534,
        "y": 3553,
        "w": 266,
        "h": 268
    },
    "53.png": {
        "x": 800,
        "y": 3550,
        "w": 267,
        "h": 268
    },
    "52.png": {
        "x": 1067,
        "y": 3549,
        "w": 263,
        "h": 267
    },
    "76.png": {
        "x": 1330,
        "y": 3549,
        "w": 240,
        "h": 267
    },
    "0.png": {
        "x": 1570,
        "y": 3549,
        "w": 238,
        "h": 267
    },
    "56.png": {
        "x": 1808,
        "y": 3544,
        "w": 265,
        "h": 267
    },
    "1.png": {
        "x": 3542,
        "y": 548,
        "w": 240,
        "h": 267
    },
    "75.png": {
        "x": 2073,
        "y": 3539,
        "w": 238,
        "h": 267
    },
    "2.png": {
        "x": 2311,
        "y": 3538,
        "w": 248,
        "h": 266
    },
    "77.png": {
        "x": 2559,
        "y": 3537,
        "w": 248,
        "h": 266
    },
    "62.png": {
        "x": 3506,
        "y": 3362,
        "w": 251,
        "h": 265
    },
    "63.png": {
        "x": 3230,
        "y": 3378,
        "w": 252,
        "h": 262
    },
    "64.png": {
        "x": 2807,
        "y": 3506,
        "w": 252,
        "h": 260
    },
    "65.png": {
        "x": 3791,
        "y": 0,
        "w": 253,
        "h": 256
    },
    "70.png": {
        "x": 3791,
        "y": 256,
        "w": 248,
        "h": 256
    },
    "69.png": {
        "x": 3790,
        "y": 512,
        "w": 246,
        "h": 255
    },
    "67.png": {
        "x": 3790,
        "y": 767,
        "w": 252,
        "h": 255
    },
    "66.png": {
        "x": 3790,
        "y": 1022,
        "w": 252,
        "h": 255
    }
}