{
    "162.png": {
        "x": 0,
        "y": 0,
        "w": 501,
        "h": 1
    },
    "18.png": {
        "x": 0,
        "y": 1,
        "w": 501,
        "h": 1
    },
    "64.png": {
        "x": 0,
        "y": 2,
        "w": 501,
        "h": 1
    },
    "63.png": {
        "x": 0,
        "y": 3,
        "w": 501,
        "h": 1
    },
    "62.png": {
        "x": 0,
        "y": 4,
        "w": 501,
        "h": 1
    },
    "61.png": {
        "x": 0,
        "y": 5,
        "w": 501,
        "h": 1
    },
    "66.png": {
        "x": 0,
        "y": 6,
        "w": 501,
        "h": 1
    },
    "6.png": {
        "x": 0,
        "y": 7,
        "w": 501,
        "h": 1
    },
    "106.png": {
        "x": 0,
        "y": 8,
        "w": 501,
        "h": 1
    },
    "107.png": {
        "x": 0,
        "y": 9,
        "w": 501,
        "h": 1
    },
    "67.png": {
        "x": 0,
        "y": 10,
        "w": 501,
        "h": 1
    },
    "68.png": {
        "x": 0,
        "y": 11,
        "w": 501,
        "h": 1
    },
    "97.png": {
        "x": 0,
        "y": 12,
        "w": 501,
        "h": 1
    },
    "69.png": {
        "x": 0,
        "y": 13,
        "w": 501,
        "h": 1
    },
    "7.png": {
        "x": 0,
        "y": 14,
        "w": 501,
        "h": 1
    },
    "70.png": {
        "x": 0,
        "y": 15,
        "w": 501,
        "h": 1
    },
    "5.png": {
        "x": 0,
        "y": 16,
        "w": 501,
        "h": 1
    },
    "114.png": {
        "x": 0,
        "y": 17,
        "w": 501,
        "h": 1
    },
    "115.png": {
        "x": 0,
        "y": 18,
        "w": 501,
        "h": 1
    },
    "116.png": {
        "x": 0,
        "y": 19,
        "w": 501,
        "h": 1
    },
    "117.png": {
        "x": 0,
        "y": 20,
        "w": 501,
        "h": 1
    },
    "118.png": {
        "x": 0,
        "y": 21,
        "w": 501,
        "h": 1
    },
    "96.png": {
        "x": 0,
        "y": 22,
        "w": 501,
        "h": 1
    },
    "95.png": {
        "x": 0,
        "y": 23,
        "w": 501,
        "h": 1
    },
    "94.png": {
        "x": 0,
        "y": 24,
        "w": 501,
        "h": 1
    },
    "93.png": {
        "x": 0,
        "y": 25,
        "w": 501,
        "h": 1
    },
    "92.png": {
        "x": 0,
        "y": 26,
        "w": 501,
        "h": 1
    },
    "91.png": {
        "x": 0,
        "y": 27,
        "w": 501,
        "h": 1
    },
    "124.png": {
        "x": 0,
        "y": 28,
        "w": 501,
        "h": 1
    },
    "125.png": {
        "x": 0,
        "y": 29,
        "w": 501,
        "h": 1
    },
    "126.png": {
        "x": 0,
        "y": 30,
        "w": 501,
        "h": 1
    },
    "127.png": {
        "x": 0,
        "y": 31,
        "w": 501,
        "h": 1
    },
    "128.png": {
        "x": 0,
        "y": 32,
        "w": 501,
        "h": 1
    },
    "129.png": {
        "x": 0,
        "y": 33,
        "w": 501,
        "h": 1
    },
    "90.png": {
        "x": 0,
        "y": 34,
        "w": 501,
        "h": 1
    },
    "130.png": {
        "x": 0,
        "y": 35,
        "w": 501,
        "h": 1
    },
    "131.png": {
        "x": 0,
        "y": 36,
        "w": 501,
        "h": 1
    },
    "132.png": {
        "x": 0,
        "y": 37,
        "w": 501,
        "h": 1
    },
    "48.png": {
        "x": 0,
        "y": 38,
        "w": 501,
        "h": 1
    },
    "47.png": {
        "x": 0,
        "y": 39,
        "w": 501,
        "h": 1
    },
    "46.png": {
        "x": 0,
        "y": 40,
        "w": 501,
        "h": 1
    },
    "45.png": {
        "x": 0,
        "y": 41,
        "w": 501,
        "h": 1
    },
    "44.png": {
        "x": 0,
        "y": 42,
        "w": 501,
        "h": 1
    },
    "43.png": {
        "x": 0,
        "y": 43,
        "w": 501,
        "h": 1
    },
    "139.png": {
        "x": 0,
        "y": 44,
        "w": 501,
        "h": 1
    },
    "42.png": {
        "x": 0,
        "y": 45,
        "w": 501,
        "h": 1
    },
    "41.png": {
        "x": 0,
        "y": 46,
        "w": 501,
        "h": 1
    },
    "141.png": {
        "x": 0,
        "y": 47,
        "w": 501,
        "h": 1
    },
    "142.png": {
        "x": 0,
        "y": 48,
        "w": 501,
        "h": 1
    },
    "143.png": {
        "x": 0,
        "y": 49,
        "w": 501,
        "h": 1
    },
    "144.png": {
        "x": 0,
        "y": 50,
        "w": 501,
        "h": 1
    },
    "145.png": {
        "x": 0,
        "y": 51,
        "w": 501,
        "h": 1
    },
    "146.png": {
        "x": 0,
        "y": 52,
        "w": 501,
        "h": 1
    },
    "147.png": {
        "x": 0,
        "y": 53,
        "w": 501,
        "h": 1
    },
    "148.png": {
        "x": 0,
        "y": 54,
        "w": 501,
        "h": 1
    },
    "149.png": {
        "x": 0,
        "y": 55,
        "w": 501,
        "h": 1
    },
    "40.png": {
        "x": 0,
        "y": 56,
        "w": 501,
        "h": 1
    },
    "150.png": {
        "x": 0,
        "y": 57,
        "w": 501,
        "h": 1
    },
    "4.png": {
        "x": 0,
        "y": 58,
        "w": 501,
        "h": 1
    },
    "39.png": {
        "x": 0,
        "y": 59,
        "w": 501,
        "h": 1
    },
    "38.png": {
        "x": 0,
        "y": 60,
        "w": 501,
        "h": 1
    },
    "154.png": {
        "x": 0,
        "y": 61,
        "w": 501,
        "h": 1
    },
    "155.png": {
        "x": 0,
        "y": 62,
        "w": 501,
        "h": 1
    },
    "156.png": {
        "x": 0,
        "y": 63,
        "w": 501,
        "h": 1
    },
    "157.png": {
        "x": 0,
        "y": 64,
        "w": 501,
        "h": 1
    },
    "158.png": {
        "x": 0,
        "y": 65,
        "w": 501,
        "h": 1
    },
    "159.png": {
        "x": 0,
        "y": 66,
        "w": 501,
        "h": 1
    },
    "16.png": {
        "x": 0,
        "y": 67,
        "w": 501,
        "h": 1
    },
    "160.png": {
        "x": 0,
        "y": 68,
        "w": 501,
        "h": 1
    },
    "161.png": {
        "x": 0,
        "y": 69,
        "w": 501,
        "h": 1
    },
    "37.png": {
        "x": 0,
        "y": 70,
        "w": 501,
        "h": 1
    },
    "163.png": {
        "x": 0,
        "y": 71,
        "w": 501,
        "h": 1
    },
    "36.png": {
        "x": 0,
        "y": 72,
        "w": 501,
        "h": 1
    },
    "35.png": {
        "x": 0,
        "y": 73,
        "w": 501,
        "h": 1
    },
    "84.png": {
        "x": 0,
        "y": 74,
        "w": 501,
        "h": 1
    },
    "83.png": {
        "x": 0,
        "y": 75,
        "w": 501,
        "h": 1
    },
    "82.png": {
        "x": 0,
        "y": 76,
        "w": 501,
        "h": 1
    },
    "169.png": {
        "x": 0,
        "y": 77,
        "w": 501,
        "h": 1
    },
    "17.png": {
        "x": 0,
        "y": 78,
        "w": 501,
        "h": 1
    },
    "170.png": {
        "x": 0,
        "y": 79,
        "w": 501,
        "h": 1
    },
    "78.png": {
        "x": 0,
        "y": 80,
        "w": 501,
        "h": 1
    },
    "79.png": {
        "x": 0,
        "y": 81,
        "w": 501,
        "h": 1
    },
    "31.png": {
        "x": 0,
        "y": 82,
        "w": 501,
        "h": 1
    },
    "30.png": {
        "x": 0,
        "y": 83,
        "w": 501,
        "h": 1
    },
    "175.png": {
        "x": 0,
        "y": 84,
        "w": 501,
        "h": 1
    },
    "176.png": {
        "x": 0,
        "y": 85,
        "w": 501,
        "h": 1
    },
    "177.png": {
        "x": 0,
        "y": 86,
        "w": 501,
        "h": 1
    },
    "178.png": {
        "x": 0,
        "y": 87,
        "w": 501,
        "h": 1
    },
    "81.png": {
        "x": 0,
        "y": 88,
        "w": 501,
        "h": 1
    },
    "19.png": {
        "x": 0,
        "y": 89,
        "w": 501,
        "h": 1
    },
    "80.png": {
        "x": 0,
        "y": 90,
        "w": 501,
        "h": 1
    },
    "20.png": {
        "x": 0,
        "y": 91,
        "w": 501,
        "h": 1
    },
    "21.png": {
        "x": 0,
        "y": 92,
        "w": 501,
        "h": 1
    },
    "22.png": {
        "x": 0,
        "y": 93,
        "w": 501,
        "h": 1
    },
    "23.png": {
        "x": 0,
        "y": 94,
        "w": 501,
        "h": 1
    },
    "24.png": {
        "x": 0,
        "y": 95,
        "w": 501,
        "h": 1
    },
    "25.png": {
        "x": 0,
        "y": 96,
        "w": 501,
        "h": 1
    },
    "26.png": {
        "x": 0,
        "y": 97,
        "w": 501,
        "h": 1
    },
    "27.png": {
        "x": 0,
        "y": 98,
        "w": 501,
        "h": 1
    },
    "28.png": {
        "x": 0,
        "y": 99,
        "w": 501,
        "h": 1
    },
    "29.png": {
        "x": 0,
        "y": 100,
        "w": 501,
        "h": 1
    },
    "3.png": {
        "x": 0,
        "y": 101,
        "w": 501,
        "h": 1
    },
    "65.png": {
        "x": 0,
        "y": 102,
        "w": 501,
        "h": 1
    },
    "50.png": {
        "x": 0,
        "y": 103,
        "w": 229,
        "h": 349
    },
    "49.png": {
        "x": 229,
        "y": 103,
        "w": 229,
        "h": 349
    },
    "153.png": {
        "x": 0,
        "y": 452,
        "w": 339,
        "h": 336
    },
    "152.png": {
        "x": 501,
        "y": 0,
        "w": 339,
        "h": 337
    },
    "151.png": {
        "x": 458,
        "y": 337,
        "w": 338,
        "h": 337
    },
    "109.png": {
        "x": 0,
        "y": 788,
        "w": 266,
        "h": 302
    },
    "140.png": {
        "x": 266,
        "y": 788,
        "w": 293,
        "h": 299
    },
    "138.png": {
        "x": 559,
        "y": 674,
        "w": 240,
        "h": 296
    },
    "171.png": {
        "x": 840,
        "y": 0,
        "w": 293,
        "h": 295
    },
    "174.png": {
        "x": 840,
        "y": 295,
        "w": 293,
        "h": 288
    },
    "110.png": {
        "x": 799,
        "y": 583,
        "w": 207,
        "h": 293
    },
    "173.png": {
        "x": 0,
        "y": 1090,
        "w": 292,
        "h": 288
    },
    "72.png": {
        "x": 292,
        "y": 1087,
        "w": 255,
        "h": 291
    },
    "172.png": {
        "x": 547,
        "y": 1087,
        "w": 291,
        "h": 287
    },
    "73.png": {
        "x": 838,
        "y": 876,
        "w": 255,
        "h": 291
    },
    "74.png": {
        "x": 1133,
        "y": 0,
        "w": 255,
        "h": 291
    },
    "111.png": {
        "x": 1006,
        "y": 583,
        "w": 204,
        "h": 290
    },
    "164.png": {
        "x": 1133,
        "y": 291,
        "w": 216,
        "h": 290
    },
    "15.png": {
        "x": 1093,
        "y": 873,
        "w": 268,
        "h": 290
    },
    "165.png": {
        "x": 0,
        "y": 1378,
        "w": 213,
        "h": 289
    },
    "71.png": {
        "x": 213,
        "y": 1378,
        "w": 260,
        "h": 288
    },
    "8.png": {
        "x": 1093,
        "y": 1163,
        "w": 281,
        "h": 275
    },
    "108.png": {
        "x": 473,
        "y": 1378,
        "w": 275,
        "h": 281
    },
    "105.png": {
        "x": 748,
        "y": 1374,
        "w": 232,
        "h": 280
    },
    "113.png": {
        "x": 1388,
        "y": 0,
        "w": 269,
        "h": 279
    },
    "137.png": {
        "x": 1210,
        "y": 581,
        "w": 210,
        "h": 279
    },
    "135.png": {
        "x": 1349,
        "y": 291,
        "w": 210,
        "h": 279
    },
    "136.png": {
        "x": 1361,
        "y": 860,
        "w": 210,
        "h": 279
    },
    "134.png": {
        "x": 1420,
        "y": 570,
        "w": 210,
        "h": 279
    },
    "112.png": {
        "x": 1374,
        "y": 1139,
        "w": 218,
        "h": 279
    },
    "104.png": {
        "x": 1657,
        "y": 0,
        "w": 234,
        "h": 279
    },
    "102.png": {
        "x": 1571,
        "y": 849,
        "w": 230,
        "h": 279
    },
    "101.png": {
        "x": 1559,
        "y": 279,
        "w": 227,
        "h": 279
    },
    "100.png": {
        "x": 1630,
        "y": 558,
        "w": 226,
        "h": 279
    },
    "133.png": {
        "x": 1592,
        "y": 1128,
        "w": 209,
        "h": 278
    },
    "14.png": {
        "x": 0,
        "y": 1667,
        "w": 237,
        "h": 278
    },
    "103.png": {
        "x": 237,
        "y": 1666,
        "w": 232,
        "h": 278
    },
    "98.png": {
        "x": 469,
        "y": 1666,
        "w": 229,
        "h": 278
    },
    "99.png": {
        "x": 698,
        "y": 1659,
        "w": 228,
        "h": 277
    },
    "166.png": {
        "x": 926,
        "y": 1654,
        "w": 206,
        "h": 273
    },
    "9.png": {
        "x": 1592,
        "y": 1406,
        "w": 236,
        "h": 271
    },
    "167.png": {
        "x": 1132,
        "y": 1438,
        "w": 247,
        "h": 270
    },
    "51.png": {
        "x": 1891,
        "y": 0,
        "w": 235,
        "h": 269
    },
    "54.png": {
        "x": 1786,
        "y": 279,
        "w": 236,
        "h": 269
    },
    "58.png": {
        "x": 1856,
        "y": 548,
        "w": 236,
        "h": 269
    },
    "10.png": {
        "x": 1379,
        "y": 1677,
        "w": 225,
        "h": 268
    },
    "11.png": {
        "x": 1604,
        "y": 1677,
        "w": 225,
        "h": 268
    },
    "12.png": {
        "x": 1856,
        "y": 817,
        "w": 225,
        "h": 268
    },
    "13.png": {
        "x": 1801,
        "y": 1085,
        "w": 225,
        "h": 268
    },
    "55.png": {
        "x": 1828,
        "y": 1353,
        "w": 235,
        "h": 268
    },
    "53.png": {
        "x": 1829,
        "y": 1621,
        "w": 235,
        "h": 267
    },
    "168.png": {
        "x": 0,
        "y": 1945,
        "w": 267,
        "h": 258
    },
    "52.png": {
        "x": 698,
        "y": 1936,
        "w": 233,
        "h": 266
    },
    "57.png": {
        "x": 931,
        "y": 1927,
        "w": 236,
        "h": 266
    },
    "0.png": {
        "x": 1829,
        "y": 1888,
        "w": 234,
        "h": 265
    },
    "75.png": {
        "x": 2126,
        "y": 0,
        "w": 215,
        "h": 265
    },
    "56.png": {
        "x": 2026,
        "y": 1085,
        "w": 234,
        "h": 265
    },
    "34.png": {
        "x": 2081,
        "y": 817,
        "w": 255,
        "h": 264
    },
    "77.png": {
        "x": 2063,
        "y": 1350,
        "w": 228,
        "h": 263
    },
    "76.png": {
        "x": 2022,
        "y": 269,
        "w": 216,
        "h": 263
    },
    "1.png": {
        "x": 2092,
        "y": 532,
        "w": 239,
        "h": 263
    },
    "2.png": {
        "x": 2064,
        "y": 1613,
        "w": 250,
        "h": 263
    },
    "32.png": {
        "x": 1167,
        "y": 1945,
        "w": 227,
        "h": 253
    },
    "33.png": {
        "x": 1394,
        "y": 1945,
        "w": 223,
        "h": 253
    },
    "89.png": {
        "x": 267,
        "y": 1944,
        "w": 251,
        "h": 242
    },
    "85.png": {
        "x": 2064,
        "y": 1876,
        "w": 227,
        "h": 249
    },
    "88.png": {
        "x": 0,
        "y": 2203,
        "w": 226,
        "h": 248
    },
    "87.png": {
        "x": 226,
        "y": 2203,
        "w": 226,
        "h": 248
    },
    "86.png": {
        "x": 452,
        "y": 2202,
        "w": 226,
        "h": 248
    },
    "59.png": {
        "x": 678,
        "y": 2202,
        "w": 242,
        "h": 235
    },
    "121.png": {
        "x": 920,
        "y": 2202,
        "w": 201,
        "h": 240
    },
    "119.png": {
        "x": 1121,
        "y": 2198,
        "w": 217,
        "h": 240
    },
    "120.png": {
        "x": 1617,
        "y": 1945,
        "w": 203,
        "h": 239
    },
    "60.png": {
        "x": 1338,
        "y": 2198,
        "w": 239,
        "h": 237
    },
    "122.png": {
        "x": 1167,
        "y": 1708,
        "w": 210,
        "h": 237
    },
    "123.png": {
        "x": 1379,
        "y": 1418,
        "w": 208,
        "h": 237
    }
}