{
    "64.png": {
        "x": 0,
        "y": 0,
        "w": 267,
        "h": 289
    },
    "63.png": {
        "x": 267,
        "y": 0,
        "w": 267,
        "h": 295
    },
    "72.png": {
        "x": 534,
        "y": 0,
        "w": 270,
        "h": 298
    },
    "73.png": {
        "x": 804,
        "y": 0,
        "w": 270,
        "h": 298
    },
    "74.png": {
        "x": 1074,
        "y": 0,
        "w": 270,
        "h": 298
    },
    "71.png": {
        "x": 1344,
        "y": 0,
        "w": 269,
        "h": 301
    },
    "69.png": {
        "x": 1613,
        "y": 0,
        "w": 261,
        "h": 305
    },
    "70.png": {
        "x": 1874,
        "y": 0,
        "w": 265,
        "h": 305
    },
    "52.png": {
        "x": 2139,
        "y": 0,
        "w": 270,
        "h": 306
    },
    "56.png": {
        "x": 2409,
        "y": 0,
        "w": 264,
        "h": 309
    },
    "65.png": {
        "x": 2673,
        "y": 0,
        "w": 266,
        "h": 309
    },
    "55.png": {
        "x": 2939,
        "y": 0,
        "w": 252,
        "h": 311
    },
    "169.png": {
        "x": 3191,
        "y": 0,
        "w": 329,
        "h": 314
    },
    "62.png": {
        "x": 3520,
        "y": 0,
        "w": 262,
        "h": 314
    },
    "66.png": {
        "x": 3782,
        "y": 0,
        "w": 263,
        "h": 314
    },
    "67.png": {
        "x": 4045,
        "y": 0,
        "w": 263,
        "h": 314
    },
    "98.png": {
        "x": 4308,
        "y": 0,
        "w": 246,
        "h": 315
    },
    "99.png": {
        "x": 4554,
        "y": 0,
        "w": 254,
        "h": 315
    },
    "138.png": {
        "x": 4808,
        "y": 0,
        "w": 244,
        "h": 316
    },
    "149.png": {
        "x": 5052,
        "y": 0,
        "w": 279,
        "h": 317
    },
    "0.png": {
        "x": 5331,
        "y": 0,
        "w": 265,
        "h": 319
    },
    "1.png": {
        "x": 5596,
        "y": 0,
        "w": 267,
        "h": 319
    },
    "102.png": {
        "x": 5863,
        "y": 0,
        "w": 248,
        "h": 319
    },
    "75.png": {
        "x": 6111,
        "y": 0,
        "w": 265,
        "h": 319
    },
    "76.png": {
        "x": 6376,
        "y": 0,
        "w": 267,
        "h": 319
    },
    "10.png": {
        "x": 6643,
        "y": 0,
        "w": 272,
        "h": 320
    },
    "105.png": {
        "x": 6915,
        "y": 0,
        "w": 254,
        "h": 320
    },
    "11.png": {
        "x": 7169,
        "y": 0,
        "w": 272,
        "h": 320
    },
    "12.png": {
        "x": 7441,
        "y": 0,
        "w": 272,
        "h": 320
    },
    "13.png": {
        "x": 7713,
        "y": 0,
        "w": 272,
        "h": 320
    },
    "2.png": {
        "x": 7985,
        "y": 0,
        "w": 269,
        "h": 320
    },
    "46.png": {
        "x": 8254,
        "y": 0,
        "w": 258,
        "h": 320
    },
    "77.png": {
        "x": 8512,
        "y": 0,
        "w": 269,
        "h": 320
    },
    "94.png": {
        "x": 0,
        "y": 289,
        "w": 249,
        "h": 320
    },
    "9.png": {
        "x": 249,
        "y": 295,
        "w": 274,
        "h": 320
    },
    "95.png": {
        "x": 523,
        "y": 298,
        "w": 249,
        "h": 320
    },
    "96.png": {
        "x": 772,
        "y": 298,
        "w": 249,
        "h": 320
    },
    "97.png": {
        "x": 1021,
        "y": 298,
        "w": 249,
        "h": 320
    },
    "103.png": {
        "x": 1270,
        "y": 301,
        "w": 257,
        "h": 321
    },
    "104.png": {
        "x": 1527,
        "y": 305,
        "w": 257,
        "h": 321
    },
    "132.png": {
        "x": 1784,
        "y": 305,
        "w": 265,
        "h": 321
    },
    "133.png": {
        "x": 2049,
        "y": 306,
        "w": 239,
        "h": 321
    },
    "134.png": {
        "x": 2288,
        "y": 309,
        "w": 238,
        "h": 321
    },
    "135.png": {
        "x": 2526,
        "y": 309,
        "w": 238,
        "h": 321
    },
    "136.png": {
        "x": 2764,
        "y": 311,
        "w": 238,
        "h": 321
    },
    "137.png": {
        "x": 3002,
        "y": 314,
        "w": 238,
        "h": 321
    },
    "3.png": {
        "x": 3240,
        "y": 314,
        "w": 275,
        "h": 321
    },
    "32.png": {
        "x": 3515,
        "y": 314,
        "w": 269,
        "h": 321
    },
    "45.png": {
        "x": 3784,
        "y": 314,
        "w": 255,
        "h": 321
    },
    "51.png": {
        "x": 4039,
        "y": 314,
        "w": 253,
        "h": 321
    },
    "59.png": {
        "x": 4292,
        "y": 315,
        "w": 263,
        "h": 321
    },
    "85.png": {
        "x": 4555,
        "y": 315,
        "w": 248,
        "h": 321
    },
    "86.png": {
        "x": 4803,
        "y": 316,
        "w": 248,
        "h": 321
    },
    "60.png": {
        "x": 5051,
        "y": 317,
        "w": 263,
        "h": 321
    },
    "87.png": {
        "x": 5314,
        "y": 319,
        "w": 248,
        "h": 321
    },
    "88.png": {
        "x": 5562,
        "y": 319,
        "w": 248,
        "h": 321
    },
    "89.png": {
        "x": 5810,
        "y": 319,
        "w": 249,
        "h": 321
    },
    "90.png": {
        "x": 6059,
        "y": 319,
        "w": 249,
        "h": 321
    },
    "91.png": {
        "x": 6308,
        "y": 319,
        "w": 249,
        "h": 321
    },
    "92.png": {
        "x": 6557,
        "y": 320,
        "w": 249,
        "h": 321
    },
    "93.png": {
        "x": 6806,
        "y": 320,
        "w": 249,
        "h": 321
    },
    "100.png": {
        "x": 7055,
        "y": 320,
        "w": 256,
        "h": 322
    },
    "101.png": {
        "x": 7311,
        "y": 320,
        "w": 251,
        "h": 322
    },
    "120.png": {
        "x": 7562,
        "y": 320,
        "w": 251,
        "h": 322
    },
    "121.png": {
        "x": 7813,
        "y": 320,
        "w": 251,
        "h": 322
    },
    "142.png": {
        "x": 8064,
        "y": 320,
        "w": 275,
        "h": 322
    },
    "143.png": {
        "x": 8339,
        "y": 320,
        "w": 275,
        "h": 322
    },
    "144.png": {
        "x": 8614,
        "y": 320,
        "w": 275,
        "h": 322
    },
    "145.png": {
        "x": 0,
        "y": 615,
        "w": 275,
        "h": 322
    },
    "146.png": {
        "x": 275,
        "y": 618,
        "w": 275,
        "h": 322
    },
    "175.png": {
        "x": 550,
        "y": 618,
        "w": 268,
        "h": 322
    },
    "33.png": {
        "x": 818,
        "y": 618,
        "w": 270,
        "h": 322
    },
    "39.png": {
        "x": 1088,
        "y": 622,
        "w": 271,
        "h": 322
    },
    "40.png": {
        "x": 1359,
        "y": 626,
        "w": 271,
        "h": 322
    },
    "43.png": {
        "x": 1630,
        "y": 626,
        "w": 271,
        "h": 322
    },
    "44.png": {
        "x": 1901,
        "y": 627,
        "w": 271,
        "h": 322
    },
    "53.png": {
        "x": 2172,
        "y": 630,
        "w": 268,
        "h": 322
    },
    "119.png": {
        "x": 2440,
        "y": 630,
        "w": 257,
        "h": 323
    },
    "122.png": {
        "x": 2697,
        "y": 632,
        "w": 257,
        "h": 323
    },
    "123.png": {
        "x": 2954,
        "y": 635,
        "w": 254,
        "h": 323
    },
    "128.png": {
        "x": 3208,
        "y": 635,
        "w": 273,
        "h": 323
    },
    "129.png": {
        "x": 3481,
        "y": 635,
        "w": 273,
        "h": 323
    },
    "130.png": {
        "x": 3754,
        "y": 635,
        "w": 273,
        "h": 323
    },
    "54.png": {
        "x": 4027,
        "y": 635,
        "w": 259,
        "h": 323
    },
    "131.png": {
        "x": 4286,
        "y": 636,
        "w": 273,
        "h": 323
    },
    "14.png": {
        "x": 4559,
        "y": 637,
        "w": 275,
        "h": 323
    },
    "176.png": {
        "x": 4834,
        "y": 638,
        "w": 268,
        "h": 323
    },
    "41.png": {
        "x": 5102,
        "y": 640,
        "w": 271,
        "h": 323
    },
    "42.png": {
        "x": 5373,
        "y": 640,
        "w": 271,
        "h": 323
    },
    "57.png": {
        "x": 5644,
        "y": 640,
        "w": 262,
        "h": 323
    },
    "61.png": {
        "x": 5906,
        "y": 640,
        "w": 271,
        "h": 323
    },
    "168.png": {
        "x": 6177,
        "y": 640,
        "w": 280,
        "h": 324
    },
    "17.png": {
        "x": 6457,
        "y": 641,
        "w": 336,
        "h": 324
    },
    "170.png": {
        "x": 6793,
        "y": 642,
        "w": 354,
        "h": 324
    },
    "21.png": {
        "x": 7147,
        "y": 642,
        "w": 273,
        "h": 324
    },
    "68.png": {
        "x": 7420,
        "y": 642,
        "w": 271,
        "h": 324
    },
    "106.png": {
        "x": 7691,
        "y": 642,
        "w": 266,
        "h": 325
    },
    "107.png": {
        "x": 7957,
        "y": 642,
        "w": 264,
        "h": 325
    },
    "140.png": {
        "x": 8221,
        "y": 642,
        "w": 279,
        "h": 325
    },
    "148.png": {
        "x": 8500,
        "y": 642,
        "w": 268,
        "h": 325
    },
    "166.png": {
        "x": 0,
        "y": 937,
        "w": 264,
        "h": 325
    },
    "150.png": {
        "x": 264,
        "y": 940,
        "w": 343,
        "h": 325
    },
    "159.png": {
        "x": 607,
        "y": 940,
        "w": 343,
        "h": 325
    },
    "16.png": {
        "x": 950,
        "y": 944,
        "w": 335,
        "h": 325
    },
    "161.png": {
        "x": 1285,
        "y": 948,
        "w": 337,
        "h": 325
    },
    "167.png": {
        "x": 1622,
        "y": 948,
        "w": 268,
        "h": 325
    },
    "22.png": {
        "x": 1890,
        "y": 949,
        "w": 272,
        "h": 325
    },
    "29.png": {
        "x": 2162,
        "y": 952,
        "w": 273,
        "h": 325
    },
    "58.png": {
        "x": 2435,
        "y": 953,
        "w": 252,
        "h": 325
    },
    "110.png": {
        "x": 2687,
        "y": 955,
        "w": 261,
        "h": 327
    },
    "162.png": {
        "x": 2948,
        "y": 958,
        "w": 336,
        "h": 325
    },
    "163.png": {
        "x": 3284,
        "y": 958,
        "w": 336,
        "h": 325
    },
    "30.png": {
        "x": 3620,
        "y": 958,
        "w": 273,
        "h": 325
    },
    "31.png": {
        "x": 3893,
        "y": 958,
        "w": 273,
        "h": 325
    },
    "34.png": {
        "x": 4166,
        "y": 959,
        "w": 282,
        "h": 325
    },
    "4.png": {
        "x": 4448,
        "y": 960,
        "w": 277,
        "h": 325
    },
    "5.png": {
        "x": 4725,
        "y": 961,
        "w": 277,
        "h": 325
    },
    "6.png": {
        "x": 5002,
        "y": 963,
        "w": 277,
        "h": 325
    },
    "7.png": {
        "x": 5279,
        "y": 963,
        "w": 279,
        "h": 325
    },
    "78.png": {
        "x": 5558,
        "y": 963,
        "w": 358,
        "h": 325
    },
    "8.png": {
        "x": 5916,
        "y": 964,
        "w": 281,
        "h": 325
    },
    "109.png": {
        "x": 6197,
        "y": 965,
        "w": 271,
        "h": 326
    },
    "23.png": {
        "x": 6468,
        "y": 965,
        "w": 271,
        "h": 326
    },
    "160.png": {
        "x": 6739,
        "y": 966,
        "w": 339,
        "h": 326
    },
    "171.png": {
        "x": 7078,
        "y": 966,
        "w": 335,
        "h": 326
    },
    "24.png": {
        "x": 7413,
        "y": 966,
        "w": 271,
        "h": 326
    },
    "18.png": {
        "x": 7684,
        "y": 967,
        "w": 335,
        "h": 326
    },
    "19.png": {
        "x": 8019,
        "y": 967,
        "w": 335,
        "h": 326
    },
    "20.png": {
        "x": 8354,
        "y": 967,
        "w": 335,
        "h": 326
    },
    "25.png": {
        "x": 8689,
        "y": 967,
        "w": 271,
        "h": 326
    },
    "111.png": {
        "x": 0,
        "y": 1262,
        "w": 259,
        "h": 327
    },
    "26.png": {
        "x": 259,
        "y": 1265,
        "w": 271,
        "h": 326
    },
    "27.png": {
        "x": 530,
        "y": 1265,
        "w": 274,
        "h": 326
    },
    "28.png": {
        "x": 804,
        "y": 1269,
        "w": 272,
        "h": 326
    },
    "79.png": {
        "x": 1076,
        "y": 1273,
        "w": 362,
        "h": 326
    },
    "108.png": {
        "x": 1438,
        "y": 1273,
        "w": 283,
        "h": 327
    },
    "112.png": {
        "x": 1721,
        "y": 1274,
        "w": 269,
        "h": 327
    },
    "114.png": {
        "x": 1990,
        "y": 1277,
        "w": 285,
        "h": 327
    },
    "158.png": {
        "x": 2275,
        "y": 1278,
        "w": 362,
        "h": 327
    },
    "164.png": {
        "x": 2637,
        "y": 1282,
        "w": 263,
        "h": 327
    },
    "165.png": {
        "x": 2900,
        "y": 1283,
        "w": 262,
        "h": 327
    },
    "178.png": {
        "x": 3162,
        "y": 1283,
        "w": 303,
        "h": 327
    },
    "35.png": {
        "x": 3465,
        "y": 1283,
        "w": 293,
        "h": 327
    },
    "36.png": {
        "x": 3758,
        "y": 1283,
        "w": 293,
        "h": 327
    },
    "37.png": {
        "x": 4051,
        "y": 1284,
        "w": 293,
        "h": 327
    },
    "38.png": {
        "x": 4344,
        "y": 1285,
        "w": 293,
        "h": 327
    },
    "80.png": {
        "x": 4637,
        "y": 1286,
        "w": 363,
        "h": 327
    },
    "81.png": {
        "x": 5000,
        "y": 1288,
        "w": 363,
        "h": 327
    },
    "82.png": {
        "x": 5363,
        "y": 1288,
        "w": 363,
        "h": 327
    },
    "83.png": {
        "x": 5726,
        "y": 1289,
        "w": 363,
        "h": 327
    },
    "113.png": {
        "x": 6089,
        "y": 1291,
        "w": 277,
        "h": 328
    },
    "147.png": {
        "x": 6366,
        "y": 1291,
        "w": 262,
        "h": 328
    },
    "157.png": {
        "x": 6628,
        "y": 1292,
        "w": 364,
        "h": 328
    },
    "177.png": {
        "x": 6992,
        "y": 1292,
        "w": 282,
        "h": 328
    },
    "15.png": {
        "x": 7274,
        "y": 1292,
        "w": 289,
        "h": 329
    },
    "151.png": {
        "x": 7563,
        "y": 1293,
        "w": 359,
        "h": 329
    },
    "152.png": {
        "x": 7922,
        "y": 1293,
        "w": 358,
        "h": 329
    },
    "153.png": {
        "x": 8280,
        "y": 1293,
        "w": 357,
        "h": 329
    },
    "155.png": {
        "x": 8637,
        "y": 1293,
        "w": 360,
        "h": 329
    },
    "156.png": {
        "x": 0,
        "y": 1591,
        "w": 359,
        "h": 329
    },
    "172.png": {
        "x": 359,
        "y": 1591,
        "w": 330,
        "h": 329
    },
    "173.png": {
        "x": 689,
        "y": 1595,
        "w": 331,
        "h": 329
    },
    "174.png": {
        "x": 1020,
        "y": 1599,
        "w": 331,
        "h": 329
    },
    "124.png": {
        "x": 1351,
        "y": 1600,
        "w": 281,
        "h": 330
    },
    "125.png": {
        "x": 1632,
        "y": 1601,
        "w": 282,
        "h": 330
    },
    "126.png": {
        "x": 1914,
        "y": 1604,
        "w": 282,
        "h": 330
    },
    "127.png": {
        "x": 2196,
        "y": 1605,
        "w": 282,
        "h": 330
    },
    "154.png": {
        "x": 2478,
        "y": 1609,
        "w": 362,
        "h": 330
    },
    "117.png": {
        "x": 2840,
        "y": 1610,
        "w": 260,
        "h": 331
    },
    "118.png": {
        "x": 3100,
        "y": 1610,
        "w": 260,
        "h": 331
    },
    "84.png": {
        "x": 3360,
        "y": 1610,
        "w": 260,
        "h": 331
    },
    "115.png": {
        "x": 3620,
        "y": 1610,
        "w": 278,
        "h": 333
    },
    "116.png": {
        "x": 3898,
        "y": 1611,
        "w": 277,
        "h": 333
    },
    "139.png": {
        "x": 4175,
        "y": 1612,
        "w": 276,
        "h": 335
    },
    "141.png": {
        "x": 4451,
        "y": 1613,
        "w": 276,
        "h": 335
    },
    "49.png": {
        "x": 4727,
        "y": 1613,
        "w": 271,
        "h": 339
    },
    "50.png": {
        "x": 4998,
        "y": 1615,
        "w": 271,
        "h": 339
    },
    "47.png": {
        "x": 5269,
        "y": 1615,
        "w": 265,
        "h": 340
    },
    "48.png": {
        "x": 5534,
        "y": 1616,
        "w": 263,
        "h": 340
    }
}