{
    "10.png": {
        "x": 0,
        "y": 0,
        "w": 158,
        "h": 225
    },
    "11.png": {
        "x": 158,
        "y": 0,
        "w": 158,
        "h": 225
    },
    "9.png": {
        "x": 0,
        "y": 225,
        "w": 158,
        "h": 225
    },
    "12.png": {
        "x": 158,
        "y": 225,
        "w": 158,
        "h": 223
    },
    "13.png": {
        "x": 316,
        "y": 0,
        "w": 158,
        "h": 218
    },
    "4.png": {
        "x": 316,
        "y": 218,
        "w": 158,
        "h": 218
    },
    "5.png": {
        "x": 316,
        "y": 436,
        "w": 158,
        "h": 216
    },
    "7.png": {
        "x": 158,
        "y": 448,
        "w": 158,
        "h": 214
    },
    "8.png": {
        "x": 0,
        "y": 450,
        "w": 158,
        "h": 214
    },
    "6.png": {
        "x": 474,
        "y": 0,
        "w": 158,
        "h": 213
    }
}