{
    "4.png": {
        "x": 0,
        "y": 0,
        "w": 77,
        "h": 168
    },
    "0.png": {
        "x": 77,
        "y": 0,
        "w": 77,
        "h": 168
    },
    "10.png": {
        "x": 154,
        "y": 0,
        "w": 77,
        "h": 168
    },
    "11.png": {
        "x": 0,
        "y": 168,
        "w": 77,
        "h": 168
    },
    "2.png": {
        "x": 77,
        "y": 168,
        "w": 77,
        "h": 168
    },
    "3.png": {
        "x": 154,
        "y": 168,
        "w": 77,
        "h": 168
    },
    "1.png": {
        "x": 231,
        "y": 0,
        "w": 77,
        "h": 168
    },
    "5.png": {
        "x": 231,
        "y": 168,
        "w": 77,
        "h": 168
    },
    "6.png": {
        "x": 308,
        "y": 0,
        "w": 77,
        "h": 168
    },
    "7.png": {
        "x": 308,
        "y": 168,
        "w": 77,
        "h": 168
    },
    "8.png": {
        "x": 0,
        "y": 336,
        "w": 77,
        "h": 168
    },
    "9.png": {
        "x": 77,
        "y": 336,
        "w": 77,
        "h": 168
    }
}