{
    "0.png": {
        "x": 0,
        "y": 0,
        "w": 62,
        "h": 48
    },
    "1.png": {
        "x": 62,
        "y": 0,
        "w": 60,
        "h": 48
    },
    "2.png": {
        "x": 122,
        "y": 0,
        "w": 56,
        "h": 58
    },
    "3.png": {
        "x": 178,
        "y": 0,
        "w": 50,
        "h": 60
    },
    "4.png": {
        "x": 228,
        "y": 0,
        "w": 40,
        "h": 67
    },
    "5.png": {
        "x": 268,
        "y": 0,
        "w": 36,
        "h": 71
    },
    "6.png": {
        "x": 304,
        "y": 0,
        "w": 41,
        "h": 73
    }
}