{
    "common.png": {
        "x": 0,
        "y": 0,
        "w": 28,
        "h": 28
    },
    "leijian.png": {
        "x": 28,
        "y": 0,
        "w": 28,
        "h": 28
    },
    "mojian.png": {
        "x": 0,
        "y": 28,
        "w": 28,
        "h": 28
    },
    "ronghuo.png": {
        "x": 28,
        "y": 28,
        "w": 28,
        "h": 28
    },
    "wangling.png": {
        "x": 56,
        "y": 0,
        "w": 28,
        "h": 28
    }
}