{
    "0.png": {
        "x": 0,
        "y": 0,
        "w": 323,
        "h": 230
    },
    "1.png": {
        "x": 0,
        "y": 230,
        "w": 323,
        "h": 230
    },
    "3.png": {
        "x": 323,
        "y": 0,
        "w": 320,
        "h": 234
    },
    "2.png": {
        "x": 0,
        "y": 460,
        "w": 318,
        "h": 233
    },
    "4.png": {
        "x": 323,
        "y": 234,
        "w": 314,
        "h": 236
    },
    "5.png": {
        "x": 643,
        "y": 0,
        "w": 314,
        "h": 236
    }
}