{
    "1.png": {
        "x": 0,
        "y": 0,
        "w": 331,
        "h": 238
    },
    "0.png": {
        "x": 0,
        "y": 238,
        "w": 330,
        "h": 238
    },
    "3.png": {
        "x": 331,
        "y": 0,
        "w": 328,
        "h": 241
    },
    "2.png": {
        "x": 0,
        "y": 476,
        "w": 326,
        "h": 240
    },
    "4.png": {
        "x": 330,
        "y": 241,
        "w": 321,
        "h": 243
    },
    "5.png": {
        "x": 659,
        "y": 0,
        "w": 321,
        "h": 244
    }
}