{
    "1.png": {
        "x": 0,
        "y": 0,
        "w": 80,
        "h": 331
    },
    "2.png": {
        "x": 80,
        "y": 0,
        "w": 80,
        "h": 331
    },
    "3.png": {
        "x": 160,
        "y": 0,
        "w": 80,
        "h": 331
    },
    "4.png": {
        "x": 240,
        "y": 0,
        "w": 74,
        "h": 330
    },
    "5.png": {
        "x": 314,
        "y": 0,
        "w": 72,
        "h": 330
    },
    "6.png": {
        "x": 0,
        "y": 331,
        "w": 69,
        "h": 328
    },
    "7.png": {
        "x": 69,
        "y": 331,
        "w": 67,
        "h": 328
    },
    "8.png": {
        "x": 136,
        "y": 331,
        "w": 58,
        "h": 325
    },
    "0.png": {
        "x": 194,
        "y": 331,
        "w": 73,
        "h": 267
    }
}