{
    "4.png": {
        "x": 0,
        "y": 0,
        "w": 309,
        "h": 221
    },
    "3.png": {
        "x": 0,
        "y": 221,
        "w": 309,
        "h": 166
    },
    "8.png": {
        "x": 309,
        "y": 0,
        "w": 301,
        "h": 242
    },
    "2.png": {
        "x": 309,
        "y": 242,
        "w": 301,
        "h": 157
    },
    "9.png": {
        "x": 0,
        "y": 387,
        "w": 301,
        "h": 234
    },
    "1.png": {
        "x": 0,
        "y": 621,
        "w": 301,
        "h": 153
    },
    "5.png": {
        "x": 301,
        "y": 399,
        "w": 301,
        "h": 229
    },
    "6.png": {
        "x": 610,
        "y": 0,
        "w": 301,
        "h": 233
    },
    "7.png": {
        "x": 610,
        "y": 233,
        "w": 301,
        "h": 242
    },
    "0.png": {
        "x": 602,
        "y": 475,
        "w": 300,
        "h": 136
    },
    "10.png": {
        "x": 0,
        "y": 774,
        "w": 296,
        "h": 227
    }
}