{
    "kongzhonglianzhan.png": {
        "x": 0,
        "y": 0,
        "w": 28,
        "h": 28
    },
    "badao.png": {
        "x": 28,
        "y": 0,
        "w": 28,
        "h": 28
    },
    "bingren.png": {
        "x": 0,
        "y": 28,
        "w": 28,
        "h": 28
    },
    "daxi.png": {
        "x": 28,
        "y": 28,
        "w": 28,
        "h": 28
    },
    "dilie.png": {
        "x": 56,
        "y": 0,
        "w": 28,
        "h": 28
    },
    "gedang.png": {
        "x": 56,
        "y": 28,
        "w": 28,
        "h": 28
    },
    "guishenzhen.png": {
        "x": 0,
        "y": 56,
        "w": 28,
        "h": 28
    },
    "guiyinzhu.png": {
        "x": 28,
        "y": 56,
        "w": 28,
        "h": 28
    },
    "guizhan.png": {
        "x": 56,
        "y": 56,
        "w": 28,
        "h": 28
    },
    "houtiao.png": {
        "x": 84,
        "y": 0,
        "w": 28,
        "h": 28
    },
    "houtiaozhan.png": {
        "x": 84,
        "y": 28,
        "w": 28,
        "h": 28
    },
    "bengshan.png": {
        "x": 84,
        "y": 56,
        "w": 28,
        "h": 28
    },
    "mubei.png": {
        "x": 0,
        "y": 84,
        "w": 28,
        "h": 28
    },
    "nuqi.png": {
        "x": 28,
        "y": 84,
        "w": 28,
        "h": 28
    },
    "pojun.png": {
        "x": 56,
        "y": 84,
        "w": 28,
        "h": 28
    },
    "pugong.png": {
        "x": 84,
        "y": 84,
        "w": 28,
        "h": 28
    },
    "sanduan.png": {
        "x": 112,
        "y": 0,
        "w": 28,
        "h": 28
    },
    "shangtiao.png": {
        "x": 112,
        "y": 28,
        "w": 28,
        "h": 28
    },
    "shizi.png": {
        "x": 112,
        "y": 56,
        "w": 28,
        "h": 28
    },
    "tiaoyue.png": {
        "x": 112,
        "y": 84,
        "w": 28,
        "h": 28
    },
    "yinguang.png": {
        "x": 0,
        "y": 112,
        "w": 28,
        "h": 28
    },
    "zhuatou.png": {
        "x": 28,
        "y": 112,
        "w": 28,
        "h": 28
    }
}